Server,Severity,Date/Time,Description
server05,Normal,Fri Dec 20 2013 18:03:04,Log cleared.
server05,Critical,Thu Feb 13 2014 17:24:14,The power input for power supply 1 is lost.
server05,Critical,Thu Feb 13 2014 17:24:15,Power supply redundancy is lost.
server05,Critical,Thu Feb 13 2014 17:33:30,The power input for power supply 1 is lost.
server05,Critical,Thu Feb 13 2014 17:33:43,Power supply redundancy is lost.
server05,Critical,Mon Mar 31 2014 16:05:07,The power input for power supply 2 is lost.
server05,Critical,Mon Mar 31 2014 16:05:12,Power supply redundancy is lost.
server05,Critical,Mon Mar 31 2014 19:05:40,The power input for power supply 2 is lost.
server05,Critical,Mon Mar 31 2014 19:05:40,Power supply redundancy is lost.
server05,Critical,Mon Mar 31 2014 22:37:02,The power input for power supply 1 is lost.
server05,Critical,Mon Mar 31 2014 21:37:03,Power supply redundancy is lost.
server05,Critical,Mon Apr 07 2014 21:36:57,The power input for power supply 1 is lost.
server05,Critical,Mon Apr 07 2014 21:37:01,Power supply redundancy is lost.
server05,Critical,Mon Apr 14 2014 10:49:52,Power supply redundancy is lost.
server05,Critical,Mon Apr 14 2014 10:49:56,The power input for power supply 1 is lost.
server05,Critical,Tue Apr 15 2014 15:22:06,Power supply redundancy is lost.
server05,Critical,Tue Apr 15 2014 15:22:06,The power input for power supply 2 is lost.
server05,Normal,Tue Apr 15 2014 15:27:41,The input power for power supply 2 has been restored.
server05,Normal,Tue Apr 15 2014 15:27:51,The power supplies are redundant.
server05,Critical,Tue Apr 15 2014 15:55:02,Power supply redundancy is lost.
server05,Critical,Tue Apr 15 2014 15:55:02,The power input for power supply 2 is lost.
server05,Normal,Tue Apr 15 2014 15:55:17,The input power for power supply 2 has been restored.
server05,Normal,Tue Apr 15 2014 15:55:27,The power supplies are redundant.
server05,Warning,Mon Apr 21 2014 06:31:21,The system inlet temperature is greater than the upper warning threshold.
server05,Critical,Mon Apr 21 2014 06:51:43,The system inlet temperature is greater than the upper critical threshold.
server05,Warning,Mon Apr 21 2014 08:39:41,The temperature for power supply 2 is in a warning range.
server05,Critical,Mon Apr 21 2014 08:55:10,The PERC1 battery has failed.
server05,Normal,Mon Apr 21 2014 08:56:16,The PERC1 battery is operating normally.
server05,Warning,Mon Apr 21 2014 09:02:21,The temperature for power supply 1 is in a warning range.
server05,Critical,Mon Apr 21 2014 09:52:21,The system board PS2 PG Fail voltage is outside of range.
server05,Critical,Mon Apr 21 2014 09:52:24,The temperature for power supply 2 is outside of range.
server05,Critical,Mon Apr 21 2014 09:52:26,Power supply redundancy is lost.
server05,Critical,Mon Apr 21 2014 10:22:41,The system board PS1 PG Fail voltage is outside of range.
server05,Normal,Mon Apr 21 2014 10:22:41,Power supply 1 is operating normally.
server05,Normal,Mon Apr 21 2014 10:22:42,Power supply 2 is operating normally.
server05,Critical,Mon Apr 21 2014 10:27:34,The temperature for power supply 1 is outside of range.
server05,Normal,Mon Apr 21 2014 10:27:47,Power supply 1 is operating normally.
server05,Critical,Mon Apr 21 2014 10:32:42,The temperature for power supply 1 is outside of range.
server05,Normal,Mon Apr 21 2014 10:32:57,Power supply 1 is operating normally.
server05,Critical,Mon Apr 21 2014 10:37:50,The temperature for power supply 1 is outside of range.
server05,Normal,Mon Apr 21 2014 10:38:04,Power supply 1 is operating normally.
server05,Critical,Mon Apr 21 2014 10:42:58,The temperature for power supply 1 is outside of range.
server05,Normal,Mon Apr 21 2014 10:43:15,Power supply 1 is operating normally.
server05,Critical,Mon Apr 21 2014 10:48:06,The temperature for power supply 1 is outside of range.
server05,Normal,Mon Apr 21 2014 10:48:20,Power supply 1 is operating normally.
server05,Warning,Mon Apr 21 2014 10:50:37,A predictive failure detected on power supply 2.
server05,Critical,Mon Apr 21 2014 10:53:14,The temperature for power supply 1 is outside of range.
server05,Normal,Mon Apr 21 2014 10:53:26,Power supply 1 is operating normally.
server05,Normal,Mon Apr 21 2014 10:53:27,Power supply 2 is operating normally.
server05,Warning,Mon Apr 21 2014 10:54:42,A predictive failure detected on power supply 2.
server05,Normal,Mon Apr 21 2014 10:58:38,Power supply 2 is operating normally.
server05,Warning,Mon Apr 21 2014 10:59:23,A predictive failure detected on power supply 2.
server05,Critical,Mon Apr 21 2014 10:59:27,General failure after video.
server05,Critical,Mon Apr 21 2014 11:03:31,The temperature for power supply 1 is outside of range.
server05,Normal,Mon Apr 21 2014 11:03:42,Power supply 1 is operating normally.
server05,Normal,Mon Apr 21 2014 11:03:44,Power supply 2 is operating normally.
server05,Warning,Mon Apr 21 2014 11:04:44,A predictive failure detected on power supply 2.
server05,Normal,Mon Apr 21 2014 11:08:55,Power supply 2 is operating normally.
server05,Warning,Mon Apr 21 2014 11:09:40,A predictive failure detected on power supply 2.
server05,Critical,Mon Apr 21 2014 11:09:48,General failure after video.
server05,Normal,Mon Apr 21 2014 11:14:00,Power supply 2 is operating normally.
server05,Warning,Mon Apr 21 2014 11:14:35,A predictive failure detected on power supply 2.
server05,Critical,Mon Apr 21 2014 11:18:56,The temperature for power supply 1 is outside of range.
server05,Normal,Mon Apr 21 2014 11:19:09,Power supply 1 is operating normally.
server05,Normal,Mon Apr 21 2014 11:19:11,Power supply 2 is operating normally.
server05,Warning,Mon Apr 21 2014 11:19:31,A predictive failure detected on power supply 2.
server05,Critical,Mon Apr 21 2014 11:20:37,General failure after video.
server05,Critical,Mon Apr 21 2014 11:24:05,The temperature for power supply 1 is outside of range.
server05,Normal,Mon Apr 21 2014 11:24:19,Power supply 1 is operating normally.
server05,Critical,Mon Apr 21 2014 11:29:14,The temperature for power supply 1 is outside of range.
server05,Normal,Mon Apr 21 2014 11:29:30,Power supply 1 is operating normally.
server05,Critical,Mon Apr 21 2014 11:31:09,General failure after video.
server05,Critical,Mon Apr 21 2014 11:35:24,The temperature for power supply 1 is outside of range.
server05,Warning,System Boot,The system inlet temperature is greater than the upper warning threshold.
server05,Critical,System Boot,The system inlet temperature is greater than the upper critical threshold.
server05,Critical,Mon Apr 21 2014 12:57:02,The power input for power supply 2 is lost.
server05,Critical,Mon Apr 21 2014 12:57:03,Power supply redundancy is lost.
server05,Warning,System Boot,The system inlet temperature is greater than the upper warning threshold.
server05,Critical,System Boot,The system inlet temperature is greater than the upper critical threshold.
server05,Critical,Mon Apr 21 2014 13:02:29,Power supply redundancy is lost.
server05,Critical,Mon Apr 21 2014 13:02:33,The power input for power supply 1 is lost.
server05,Warning,Mon Apr 21 2014 13:30:37,The system inlet temperature is greater than the upper warning threshold.
server05,Normal,Mon Apr 21 2014 13:42:47,The system inlet temperature is within range.
server05,Critical,Tue Apr 22 2014 23:27:00,Power supply redundancy is lost.
server05,Critical,Tue Apr 22 2014 23:27:05,The power input for power supply 1 is lost.
server05,Critical,Mon Apr 28 2014 22:26:24,The power input for power supply 1 is lost.
server05,Critical,Mon Apr 28 2014 22:26:25,Power supply redundancy is lost.
server05,Normal,Mon Apr 28 2014 22:58:51,The input power for power supply 1 has been restored.
server05,Normal,Mon Apr 28 2014 22:58:58,The power supplies are redundant.
server05,Critical,Thu May 01 2014 00:29:56,The power input for power supply 1 is lost.
server05,Critical,Thu May 01 2014 00:29:57,Power supply redundancy is lost.
server05,Normal,Mon May 05 2014 18:03:11,The input power for power supply 1 has been restored.
server05,Normal,Mon May 05 2014 18:03:23,The power supplies are redundant.
server05,Critical,Mon May 05 2014 18:38:43,The power input for power supply 1 is lost.
server05,Critical,Mon May 05 2014 18:38:45,Power supply redundancy is lost.
server05,Normal,Mon May 05 2014 18:50:39,The input power for power supply 1 has been restored.
server05,Normal,Mon May 05 2014 18:50:45,The power supplies are redundant.
server05,Critical,Mon May 05 2014 22:46:28,The power input for power supply 1 is lost.
server05,Critical,Mon May 05 2014 22:46:30,Power supply redundancy is lost.
server05,Normal,Tue May 06 2014 13:20:01,The input power for power supply 1 has been restored.
server05,Normal,Tue May 06 2014 13:20:07,The power supplies are redundant.
server05,Critical,Tue May 06 2014 13:22:46,The power input for power supply 1 is lost.
server05,Critical,Tue May 06 2014 13:22:47,Power supply redundancy is lost.
server05,Normal,Tue May 06 2014 13:22:51,The input power for power supply 1 has been restored.
server05,Normal,Tue May 06 2014 13:22:57,The power supplies are redundant.
server05,Critical,Tue May 06 2014 13:27:01,The power input for power supply 1 is lost.
server05,Critical,Tue May 06 2014 13:27:02,Power supply redundancy is lost.
server05,Normal,Tue May 06 2014 13:27:06,The input power for power supply 1 has been restored.
server05,Normal,Tue May 06 2014 13:27:12,The power supplies are redundant.
server05,Warning,Mon Sep 15 2014 17:54:38,The system inlet temperature is greater than the upper warning threshold.
server05,Critical,Mon Sep 15 2014 18:11:22,The system inlet temperature is greater than the upper critical threshold.
server05,Warning,Mon Sep 15 2014 18:28:43,The system inlet temperature is greater than the upper warning threshold.
server05,Critical,Mon Sep 15 2014 18:52:32,The system inlet temperature is greater than the upper critical threshold.
server05,Warning,Mon Sep 15 2014 19:07:54,The system inlet temperature is greater than the upper warning threshold.
server05,Normal,Mon Sep 15 2014 19:20:44,The system inlet temperature is within range.
server05,Warning,Mon Sep 15 2014 19:33:11,The system inlet temperature is greater than the upper warning threshold.
server05,Normal,Mon Sep 15 2014 19:41:19,The system inlet temperature is within range.
server05,Warning,Mon Sep 15 2014 19:45:26,The system inlet temperature is greater than the upper warning threshold.
server05,Normal,Mon Sep 15 2014 20:09:42,The system inlet temperature is within range.
server05,Warning,Sun Nov 09 2014 20:01:24,The system inlet temperature is greater than the upper warning threshold.
server05,Critical,Sun Nov 09 2014 20:19:19,The system inlet temperature is greater than the upper critical threshold.
server05,Warning,Mon Nov 24 2014 02:57:55,The system inlet temperature is greater than the upper warning threshold.
server05,Critical,Mon Nov 24 2014 03:13:32,The system inlet temperature is greater than the upper critical threshold.
server05,Critical,Mon Nov 24 2014 03:54:48,The power input for power supply 1 is lost.
server05,Critical,Mon Nov 24 2014 03:54:50,Power supply redundancy is lost.
server05,Warning,Mon Nov 24 2014 03:59:50,The system inlet temperature is greater than the upper warning threshold.
server05,Normal,Mon Nov 24 2014 04:01:02,The system inlet temperature is within range.
server05,Warning,Mon Nov 24 2014 04:01:33,The system inlet temperature is greater than the upper warning threshold.
server05,Normal,Mon Nov 24 2014 04:02:02,The system inlet temperature is within range.
server05,Normal,Mon Nov 24 2014 12:36:12,The input power for power supply 1 has been restored.
server05,Normal,Mon Nov 24 2014 12:36:19,The power supplies are redundant.
server05,Warning,Tue Feb 03 2015 00:48:00,The system inlet temperature is greater than the upper warning threshold.
server05,Critical,Tue Feb 03 2015 01:02:21,The system inlet temperature is greater than the upper critical threshold.
server05,Warning,Sat Mar 14 2015 22:00:15,The system inlet temperature is greater than the upper warning threshold.
server05,Critical,Sat Mar 14 2015 22:16:49,The system inlet temperature is greater than the upper critical threshold.
server05,Critical,Sat Mar 14 2015 23:24:12,The power input for power supply 2 is lost.
server05,Critical,Sat Mar 14 2015 23:24:13,Power supply redundancy is lost.
server05,Warning,Fri Jun 05 2015 20:26:51,The system inlet temperature is greater than the upper warning threshold.
server05,Critical,Fri Jun 05 2015 20:43:42,The system inlet temperature is greater than the upper critical threshold.
server05,Warning,Fri Jun 05 2015 21:07:59,The system inlet temperature is greater than the upper warning threshold.
server05,Normal,Fri Jun 05 2015 21:11:42,The system inlet temperature is within range.
server05,Warning,Thu Aug 27 2015 11:08:09,The system inlet temperature is greater than the upper warning threshold.
server05,Critical,Thu Aug 27 2015 11:28:05,The system inlet temperature is greater than the upper critical threshold.
server05,Warning,Thu Aug 27 2015 12:12:16,The system inlet temperature is greater than the upper warning threshold.
server05,Critical,Thu Aug 27 2015 12:13:05,The system inlet temperature is greater than the upper critical threshold.
server05,Warning,Thu Aug 27 2015 12:13:18,The system inlet temperature is greater than the upper warning threshold.
server05,Normal,Thu Aug 27 2015 12:15:33,The system inlet temperature is within range.
server05,Warning,Thu Jan 21 2016 09:36:47,The system inlet temperature is greater than the upper warning threshold.
server05,Normal,Thu Jan 21 2016 09:38:32,The system inlet temperature is within range.
server05,Warning,Fri Feb 05 2016 17:33:57,The system inlet temperature is greater than the upper warning threshold.
server05,Normal,Fri Feb 05 2016 17:35:53,The system inlet temperature is within range.
server05,Warning,Sat Sep 03 2016 12:12:24,The system inlet temperature is greater than the upper warning threshold.
server05,Normal,Sat Sep 03 2016 12:23:06,The system inlet temperature is within range.
server05,Critical,Sun Sep 25 2016 13:22:17,The power input for power supply 1 is lost.
server05,Critical,Sun Sep 25 2016 13:22:19,Power supply redundancy is lost.
server05,Normal,Sun Sep 25 2016 13:24:58,The input power for power supply 1 has been restored.
server05,Normal,Sun Sep 25 2016 13:25:05,The power supplies are redundant.
server05,Warning,Sun Oct 23 2016 18:09:43,The system inlet temperature is greater than the upper warning threshold.
server05,Normal,Sun Oct 23 2016 18:10:06,The system inlet temperature is within range.
server05,Warning,Sun Oct 23 2016 18:11:56,The system inlet temperature is greater than the upper warning threshold.
server05,Normal,Sun Oct 23 2016 18:13:41,The system inlet temperature is within range.
server05,Warning,Mon Oct 31 2016 05:26:31,The system inlet temperature is greater than the upper warning threshold.
server05,Normal,Mon Oct 31 2016 05:42:59,The system inlet temperature is within range.
server05,Warning,Sat Nov 12 2016 14:24:38,The system inlet temperature is greater than the upper warning threshold.
server05,Normal,Sat Nov 12 2016 14:31:12,The system inlet temperature is within range.
server05,Warning,Sun Nov 20 2016 11:03:32,The system inlet temperature is greater than the upper warning threshold.
server05,Critical,Sun Nov 20 2016 11:21:19,The system inlet temperature is greater than the upper critical threshold.
server05,Warning,Sun Nov 20 2016 12:05:31,The system inlet temperature is greater than the upper warning threshold.
server05,Normal,Sun Nov 20 2016 12:06:59,The system inlet temperature is within range.
server05,Warning,Mon Nov 21 2016 09:11:53,The system inlet temperature is greater than the upper warning threshold.
server05,Critical,Mon Nov 21 2016 09:31:08,The system inlet temperature is greater than the upper critical threshold.
server05,Warning,Mon Nov 21 2016 09:57:04,The system inlet temperature is greater than the upper warning threshold.
server05,Normal,Mon Nov 21 2016 10:02:35,The system inlet temperature is within range.
server05,Warning,Mon Nov 21 2016 10:03:00,The system inlet temperature is greater than the upper warning threshold.
server05,Normal,Mon Nov 21 2016 10:03:22,The system inlet temperature is within range.
server05,Warning,Mon Aug 28 2017 17:51:57,The system inlet temperature is greater than the upper warning threshold.
server05,Critical,Mon Aug 28 2017 18:07:35,The system inlet temperature is greater than the upper critical threshold.
server05,Warning,Mon Aug 28 2017 18:40:31,The system inlet temperature is greater than the upper warning threshold.
server05,Critical,Mon Aug 28 2017 18:40:52,The system inlet temperature is greater than the upper critical threshold.
server05,Warning,Mon Aug 28 2017 18:42:56,The system inlet temperature is greater than the upper warning threshold.
server05,Normal,Mon Aug 28 2017 18:46:09,The system inlet temperature is within range.
server05,Critical,Tue Aug 29 2017 22:27:24,The power input for power supply 1 is lost.
server05,Critical,Tue Aug 29 2017 22:27:26,Power supply redundancy is lost.
server05,Warning,Sat Sep 09 2017 15:51:07,The system inlet temperature is greater than the upper warning threshold.
server05,Normal,Sat Sep 09 2017 15:52:28,The system inlet temperature is within range.
server05,Warning,Sat Sep 09 2017 16:41:40,The system inlet temperature is greater than the upper warning threshold.
server05,Normal,Sat Sep 09 2017 17:04:38,The system inlet temperature is within range.
server05,Warning,Sun Sep 10 2017 20:09:21,The system inlet temperature is greater than the upper warning threshold.
server05,Normal,Mon Sep 11 2017 07:14:59,The system inlet temperature is within range.
server05,Warning,Mon Sep 11 2017 10:57:33,The system inlet temperature is greater than the upper warning threshold.
server05,Warning,Mon Sep 11 2017 11:04:31,The temperature for power supply 2 is in a warning range.
server05,Normal,Mon Sep 11 2017 12:13:50,The system inlet temperature is within range.
server05,Warning,Mon Sep 11 2017 12:14:33,The system inlet temperature is greater than the upper warning threshold.
server05,Normal,Mon Sep 11 2017 12:21:24,The system inlet temperature is within range.
server05,Normal,Mon Sep 11 2017 16:47:46,Power supply 2 is operating normally.
server05,Critical,Wed Sep 13 2017 16:09:52,The PERC1 battery has failed.
server05,Normal,Wed Sep 13 2017 16:13:07,The PERC1 battery is operating normally.
server05,Critical,Mon Sep 18 2017 22:11:25,The power input for power supply 1 is lost.
server05,Critical,Mon Sep 18 2017 22:11:27,Power supply redundancy is lost.
server05,Critical,Sat Dec 16 2017 11:07:08,The power input for power supply 1 is lost.
server05,Critical,Sat Dec 16 2017 11:07:10,Power supply redundancy is lost.
server05,Critical,Thu Dec 21 2017 13:17:30,The power input for power supply 2 is lost.
server05,Critical,Thu Dec 21 2017 13:17:31,Power supply redundancy is lost.
server05,Normal,Thu Dec 21 2017 13:19:02,The input power for power supply 2 has been restored.
server05,Normal,Thu Dec 21 2017 13:19:12,The power supplies are redundant.
server05,Critical,Thu Dec 21 2017 13:20:02,The power input for power supply 1 is lost.
server05,Critical,Thu Dec 21 2017 13:20:04,Power supply redundancy is lost.
server05,Normal,Thu Dec 21 2017 13:21:08,The input power for power supply 1 has been restored.
server05,Normal,Thu Dec 21 2017 13:21:15,The power supplies are redundant.
server05,Critical,Thu Dec 21 2017 15:02:03,The chassis is open while the power is off.
server05,Normal,Thu Dec 21 2017 15:06:08,The chassis is closed while the power is off.
server05,Critical,Thu Dec 21 2017 15:06:13,The chassis is open while the power is off.
server05,Normal,Thu Dec 21 2017 15:06:18,The chassis is closed while the power is off.
server05,Critical,Thu Dec 21 2017 15:06:33,The chassis is open while the power is off.
server05,Normal,Thu Dec 21 2017 15:06:43,The chassis is closed while the power is off.
server05,Critical,Thu Dec 21 2017 15:07:03,The chassis is open while the power is off.
server05,Normal,Thu Dec 21 2017 15:08:13,The chassis is closed while the power is off.
server05,Critical,Tue Dec 26 2017 13:58:18,Drive 6 is removed from disk drive bay 1.
server05,Normal,Tue Dec 26 2017 14:01:23,Drive 6 is installed in disk drive bay 1.
server05,Critical,Tue Dec 26 2017 15:56:16,Drive 3 is removed from disk drive bay 1.
server05,Normal,Tue Dec 26 2017 15:59:16,Drive 3 is installed in disk drive bay 1.
server05,Critical,Tue Dec 26 2017 18:05:45,The chassis is open while the power is off.
server05,Normal,Tue Dec 26 2017 18:07:40,The chassis is closed while the power is off.
server05,Critical,Sun May 20 2018 17:26:40,The power input for power supply 1 is lost.
server05,Critical,Sun May 20 2018 17:26:42,Power supply redundancy is lost.
server05,Normal,Mon May 21 2018 12:46:33,The input power for power supply 1 has been restored.
server05,Normal,Mon May 21 2018 12:46:39,The power supplies are redundant.
server05,Normal,Mon May 21 2018 16:47:18,The power supplies are redundant.
server05,Critical,Wed Jun 06 2018 13:49:37,The power input for power supply 1 is lost.
server05,Critical,Wed Jun 06 2018 13:49:38,Power supply redundancy is lost.
server05,Normal,Wed Jun 06 2018 15:50:30,The input power for power supply 1 has been restored.
server05,Normal,Wed Jun 06 2018 15:50:39,The power supplies are redundant.
server05,Critical,Wed Jun 06 2018 16:05:51,The power input for power supply 1 is lost.
server05,Critical,Wed Jun 06 2018 16:05:53,Power supply redundancy is lost.
server05,Normal,Wed Jun 06 2018 16:10:53,The input power for power supply 1 has been restored.
server05,Normal,Wed Jun 06 2018 16:11:05,The power supplies are redundant.
server05,Critical,Fri May 03 2019 14:33:48,The power input for power supply 1 is lost.
server05,Critical,Fri May 03 2019 14:33:50,Power supply redundancy is lost.
server05,Normal,Sat May 04 2019 14:43:27,The input power for power supply 1 has been restored.
server05,Normal,Sat May 04 2019 14:43:33,The power supplies are redundant.
server05,Critical,Mon May 06 2019 17:20:27,The power input for power supply 1 is lost.
server05,Critical,Mon May 06 2019 17:20:29,Power supply redundancy is lost.
server05,Critical,Tue May 21 2019 13:33:55,The power input for power supply 2 is lost.
server05,Critical,Tue May 21 2019 13:33:55,Power supply redundancy is lost.
server05,Normal,Tue May 21 2019 20:02:59,The input power for power supply 2 has been restored.
server05,Normal,Tue May 21 2019 20:03:05,The power supplies are redundant.
server05,Normal,Sat Jun 29 2019 13:13:28,The power supplies are redundant.
server05,Critical,Sun Jul 28 2019 06:41:47,The power input for power supply 1 is lost.
server05,Critical,Sun Jul 28 2019 06:41:48,Power supply redundancy is lost.
server05,Normal,Sun Jul 28 2019 07:15:23,The power supplies are redundant.
