Server,Severity,Date/Time,Description
server02,Normal,Mon Dec 23 2013 15:30:28,Log cleared.
server02,Critical,Thu Feb 13 2014 15:42:20,The power input for power supply 1 is lost.
server02,Critical,Thu Feb 13 2014 15:42:34,Power supply redundancy is lost.
server02,Critical,Thu Feb 13 2014 16:33:53,The power input for power supply 1 is lost.
server02,Critical,Thu Feb 13 2014 16:33:55,Power supply redundancy is lost.
server02,Critical,Mon Mar 31 2014 14:21:10,The power input for power supply 1 is lost.
server02,Critical,Mon Mar 31 2014 14:21:11,Power supply redundancy is lost.
server02,Critical,Mon Mar 31 2014 13:21:59,A bus fatal error was detected on a component at bus 2 device 0 function 0.
server02,Critical,Mon Mar 31 2014 13:21:59,A bus fatal error was detected on a component at bus 0 device 2 function 2.
server02,Normal,Mon Mar 31 2014 13:21:59,An OEM diagnostic event occurred.
server02,Normal,Mon Mar 31 2014 13:21:59,An OEM diagnostic event occurred.
server02,Normal,Mon Mar 31 2014 13:22:16,The input power for power supply 1 has been restored.
server02,Normal,Mon Mar 31 2014 13:22:24,The power supplies are redundant.
server02,Critical,Mon Mar 31 2014 15:11:49,Power supply redundancy is lost.
server02,Critical,Mon Mar 31 2014 15:11:49,The power input for power supply 2 is lost.
server02,Normal,Mon Mar 31 2014 14:15:48,The input power for power supply 2 has been restored.
server02,Normal,Mon Mar 31 2014 14:15:53,The power supplies are redundant.
server02,Critical,Tue Apr 01 2014 22:12:53,Power supply redundancy is lost.
server02,Critical,Tue Apr 01 2014 22:12:54,The power input for power supply 2 is lost.
server02,Critical,Tue Apr 01 2014 21:49:07,A bus fatal error was detected on a component at bus 2 device 0 function 0.
server02,Critical,Tue Apr 01 2014 21:49:07,A bus fatal error was detected on a component at bus 0 device 2 function 2.
server02,Normal,Tue Apr 01 2014 21:49:07,An OEM diagnostic event occurred.
server02,Warning,Thu Apr 03 2014 19:41:35,The system inlet temperature is greater than the upper warning threshold.
server02,Normal,Thu Apr 03 2014 19:44:30,The system inlet temperature is within range.
server02,Warning,Thu Apr 03 2014 19:46:51,The system inlet temperature is greater than the upper warning threshold.
server02,Normal,Thu Apr 03 2014 20:35:45,The system inlet temperature is within range.
server02,Critical,Mon Apr 07 2014 20:38:43,A bus fatal error was detected on a component at bus 2 device 0 function 0.
server02,Critical,Mon Apr 07 2014 20:38:43,A bus fatal error was detected on a component at bus 0 device 2 function 2.
server02,Normal,Mon Apr 07 2014 20:38:43,An OEM diagnostic event occurred.
server02,Critical,Mon Apr 07 2014 21:18:25,Power supply redundancy is lost.
server02,Critical,Mon Apr 07 2014 21:18:25,The power input for power supply 2 is lost.
server02,Critical,Mon Apr 14 2014 10:47:11,Power supply redundancy is lost.
server02,Critical,Mon Apr 14 2014 10:47:12,The power input for power supply 2 is lost.
server02,Normal,Tue Apr 15 2014 13:16:32,The input power for power supply 2 has been restored.
server02,Normal,Tue Apr 15 2014 13:16:37,The power supplies are redundant.
server02,Warning,Mon Apr 21 2014 06:32:49,The system inlet temperature is greater than the upper warning threshold.
server02,Critical,Mon Apr 21 2014 06:52:30,The system inlet temperature is greater than the upper critical threshold.
server02,Warning,Mon Apr 21 2014 08:58:50,The temperature for power supply 2 is in a warning range.
server02,Warning,Mon Apr 21 2014 09:04:20,The temperature for power supply 1 is in a warning range.
server02,Critical,Mon Apr 21 2014 09:10:32,The PERC1 battery has failed.
server02,Normal,Mon Apr 21 2014 09:15:57,The PERC1 battery is operating normally.
server02,Critical,Mon Apr 21 2014 10:12:51,The system board PS2 PG Fail voltage is outside of range.
server02,Critical,Mon Apr 21 2014 10:12:54,The temperature for power supply 2 is outside of range.
server02,Critical,Mon Apr 21 2014 10:12:57,Power supply redundancy is lost.
server02,Critical,Mon Apr 21 2014 10:25:14,The temperature for power supply 1 is outside of range.
server02,Critical,Mon Apr 21 2014 10:25:26,The system board PS1 PG Fail voltage is outside of range.
server02,Normal,Mon Apr 21 2014 10:25:26,Power supply 1 is operating normally.
server02,Normal,Mon Apr 21 2014 10:25:27,Power supply 1 is operating normally.
server02,Normal,Mon Apr 21 2014 10:25:28,Power supply 2 is operating normally.
server02,Critical,Mon Apr 21 2014 10:30:26,The temperature for power supply 1 is outside of range.
server02,Normal,Mon Apr 21 2014 10:30:41,Power supply 1 is operating normally.
server02,Critical,Mon Apr 21 2014 10:35:34,The temperature for power supply 1 is outside of range.
server02,Normal,Mon Apr 21 2014 10:35:47,Power supply 1 is operating normally.
server02,Critical,Mon Apr 21 2014 10:40:42,The temperature for power supply 1 is outside of range.
server02,Normal,Mon Apr 21 2014 10:40:57,Power supply 1 is operating normally.
server02,Critical,Mon Apr 21 2014 10:45:51,The temperature for power supply 1 is outside of range.
server02,Normal,Mon Apr 21 2014 10:46:03,Power supply 1 is operating normally.
server02,Critical,Mon Apr 21 2014 10:50:59,The temperature for power supply 1 is outside of range.
server02,Normal,Mon Apr 21 2014 10:51:14,Power supply 1 is operating normally.
server02,Critical,Mon Apr 21 2014 10:56:07,The temperature for power supply 1 is outside of range.
server02,Normal,Mon Apr 21 2014 10:56:20,Power supply 1 is operating normally.
server02,Critical,Mon Apr 21 2014 11:01:16,The temperature for power supply 1 is outside of range.
server02,Normal,Mon Apr 21 2014 11:01:30,Power supply 1 is operating normally.
server02,Warning,Mon Apr 21 2014 11:08:33,A predictive failure detected on power supply 2.
server02,Normal,Mon Apr 21 2014 11:11:48,Power supply 2 is operating normally.
server02,Warning,Mon Apr 21 2014 11:12:23,A predictive failure detected on power supply 2.
server02,Critical,Mon Apr 21 2014 11:16:40,The temperature for power supply 1 is outside of range.
server02,Normal,Mon Apr 21 2014 11:16:53,Power supply 2 is operating normally.
server02,Normal,Mon Apr 21 2014 11:16:57,Power supply 1 is operating normally.
server02,Warning,Mon Apr 21 2014 11:17:13,A predictive failure detected on power supply 2.
server02,Critical,Mon Apr 21 2014 11:22:28,The temperature for power supply 1 is outside of range.
server02,Warning,Mon Apr 21 2014 11:22:32,A predictive failure detected on power supply 1.
server02,Warning,Mon Apr 21 2014 13:02:10,The system inlet temperature is greater than the upper warning threshold.
server02,Critical,Mon Apr 21 2014 13:02:10,The system inlet temperature is greater than the upper critical threshold.
server02,Critical,Mon Apr 21 2014 13:02:12,The power input for power supply 1 is lost.
server02,Critical,Mon Apr 21 2014 13:02:14,Power supply redundancy is lost.
server02,Warning,Mon Apr 21 2014 13:55:46,The system inlet temperature is greater than the upper warning threshold.
server02,Normal,Mon Apr 21 2014 14:17:01,The system inlet temperature is within range.
server02,Critical,Fri Apr 25 2014 19:33:48,The power input for power supply 1 is lost.
server02,Critical,Fri Apr 25 2014 19:33:49,Power supply redundancy is lost.
server02,Critical,Mon Apr 28 2014 22:26:05,The power input for power supply 1 is lost.
server02,Critical,Mon Apr 28 2014 22:26:06,Power supply redundancy is lost.
server02,Normal,Mon Apr 28 2014 22:58:42,The input power for power supply 1 has been restored.
server02,Normal,Mon Apr 28 2014 22:58:53,The power supplies are redundant.
server02,Critical,Wed Apr 30 2014 19:33:09,The power input for power supply 1 is lost.
server02,Critical,Wed Apr 30 2014 19:33:10,Power supply redundancy is lost.
server02,Normal,Mon May 05 2014 18:03:31,The input power for power supply 1 has been restored.
server02,Normal,Mon May 05 2014 18:03:42,The power supplies are redundant.
server02,Critical,Mon May 05 2014 18:38:28,The power input for power supply 1 is lost.
server02,Critical,Mon May 05 2014 18:38:29,Power supply redundancy is lost.
server02,Normal,Mon May 05 2014 18:50:23,The input power for power supply 1 has been restored.
server02,Normal,Mon May 05 2014 18:50:29,The power supplies are redundant.
server02,Critical,Mon May 05 2014 23:04:40,Power supply redundancy is lost.
server02,Critical,Mon May 05 2014 23:04:44,The power input for power supply 1 is lost.
server02,Normal,Tue May 06 2014 13:08:44,The input power for power supply 1 has been restored.
server02,Normal,Tue May 06 2014 13:08:55,The power supplies are redundant.
server02,Critical,Tue May 06 2014 13:31:30,Power supply 1 is incorrectly configured.
server02,Critical,Tue May 06 2014 13:31:31,Power supply redundancy is lost.
server02,Critical,Tue May 06 2014 13:31:33,The system board PS1 PG Fail voltage is outside of range.
server02,Warning,Mon Sep 15 2014 17:54:44,The system inlet temperature is greater than the upper warning threshold.
server02,Critical,Mon Sep 15 2014 18:12:07,The system inlet temperature is greater than the upper critical threshold.
server02,Warning,Mon Sep 15 2014 18:25:49,The system inlet temperature is greater than the upper warning threshold.
server02,Critical,Mon Sep 15 2014 18:53:40,The system inlet temperature is greater than the upper critical threshold.
server02,Warning,Mon Sep 15 2014 19:06:58,The system inlet temperature is greater than the upper warning threshold.
server02,Normal,Mon Sep 15 2014 19:16:54,The system inlet temperature is within range.
server02,Warning,Mon Sep 15 2014 19:50:15,The system inlet temperature is greater than the upper warning threshold.
server02,Normal,Mon Sep 15 2014 19:55:44,The system inlet temperature is within range.
server02,Warning,Sun Nov 09 2014 20:03:32,The system inlet temperature is greater than the upper warning threshold.
server02,Critical,Sun Nov 09 2014 20:21:01,The system inlet temperature is greater than the upper critical threshold.
server02,Warning,Mon Nov 24 2014 02:59:39,The system inlet temperature is greater than the upper warning threshold.
server02,Critical,Mon Nov 24 2014 03:16:53,The system inlet temperature is greater than the upper critical threshold.
server02,Critical,Mon Nov 24 2014 03:54:35,The power input for power supply 1 is lost.
server02,Critical,Mon Nov 24 2014 03:54:36,Power supply redundancy is lost.
server02,Warning,Mon Nov 24 2014 04:05:18,The system inlet temperature is greater than the upper warning threshold.
server02,Normal,Mon Nov 24 2014 04:11:03,The system inlet temperature is within range.
server02,Normal,Mon Nov 24 2014 12:35:57,The input power for power supply 1 has been restored.
server02,Normal,Mon Nov 24 2014 12:36:09,The power supplies are redundant.
server02,Warning,Tue Feb 03 2015 00:49:16,The system inlet temperature is greater than the upper warning threshold.
server02,Critical,Tue Feb 03 2015 01:03:28,The system inlet temperature is greater than the upper critical threshold.
server02,Warning,Sat Mar 14 2015 22:02:40,The system inlet temperature is greater than the upper warning threshold.
server02,Critical,Sat Mar 14 2015 22:18:48,The system inlet temperature is greater than the upper critical threshold.
server02,Critical,Sat Mar 14 2015 23:23:35,The power input for power supply 2 is lost.
server02,Critical,Sat Mar 14 2015 23:23:35,Power supply redundancy is lost.
server02,Warning,Fri Jun 05 2015 20:31:29,The system inlet temperature is greater than the upper warning threshold.
server02,Critical,Fri Jun 05 2015 20:48:22,The system inlet temperature is greater than the upper critical threshold.
server02,Warning,Fri Jun 05 2015 21:07:05,The system inlet temperature is greater than the upper warning threshold.
server02,Normal,Fri Jun 05 2015 21:11:24,The system inlet temperature is within range.
server02,Warning,Fri Jun 05 2015 21:19:49,The system inlet temperature is greater than the upper warning threshold.
server02,Normal,Fri Jun 05 2015 21:20:01,The system inlet temperature is within range.
server02,Warning,Thu Aug 27 2015 11:11:24,The system inlet temperature is greater than the upper warning threshold.
server02,Critical,Thu Aug 27 2015 11:29:55,The system inlet temperature is greater than the upper critical threshold.
server02,Warning,Thu Aug 27 2015 12:11:13,The system inlet temperature is greater than the upper warning threshold.
server02,Normal,Thu Aug 27 2015 12:14:39,The system inlet temperature is within range.
server02,Warning,Thu Aug 27 2015 12:14:43,The system inlet temperature is greater than the upper warning threshold.
server02,Normal,Thu Aug 27 2015 12:15:46,The system inlet temperature is within range.
server02,Warning,Thu Aug 27 2015 12:16:38,The system inlet temperature is greater than the upper warning threshold.
server02,Normal,Thu Aug 27 2015 12:17:47,The system inlet temperature is within range.
server02,Critical,Thu Jun 02 2016 20:19:51,The power input for power supply 2 is lost.
server02,Critical,Thu Jun 02 2016 20:19:52,Power supply redundancy is lost.
server02,Warning,Sat Sep 03 2016 12:13:44,The system inlet temperature is greater than the upper warning threshold.
server02,Normal,Sat Sep 03 2016 12:21:57,The system inlet temperature is within range.
server02,Warning,Mon Oct 31 2016 05:28:50,The system inlet temperature is greater than the upper warning threshold.
server02,Normal,Mon Oct 31 2016 05:47:41,The system inlet temperature is within range.
server02,Warning,Sat Nov 12 2016 14:27:25,The system inlet temperature is greater than the upper warning threshold.
server02,Normal,Sat Nov 12 2016 14:30:36,The system inlet temperature is within range.
server02,Warning,Sun Nov 20 2016 11:05:22,The system inlet temperature is greater than the upper warning threshold.
server02,Critical,Sun Nov 20 2016 11:22:54,The system inlet temperature is greater than the upper critical threshold.
server02,Warning,Sun Nov 20 2016 12:07:20,The system inlet temperature is greater than the upper warning threshold.
server02,Normal,Sun Nov 20 2016 12:10:32,The system inlet temperature is within range.
server02,Warning,Mon Nov 21 2016 09:12:47,The system inlet temperature is greater than the upper warning threshold.
server02,Critical,Mon Nov 21 2016 09:31:12,The system inlet temperature is greater than the upper critical threshold.
server02,Warning,Mon Nov 21 2016 10:01:00,The system inlet temperature is greater than the upper warning threshold.
server02,Normal,Mon Nov 21 2016 10:04:46,The system inlet temperature is within range.
server02,Warning,Mon Aug 28 2017 17:54:04,The system inlet temperature is greater than the upper warning threshold.
server02,Critical,Mon Aug 28 2017 18:09:28,The system inlet temperature is greater than the upper critical threshold.
server02,Warning,Mon Aug 28 2017 19:11:30,The system inlet temperature is greater than the upper warning threshold.
server02,Normal,Mon Aug 28 2017 19:24:14,The system inlet temperature is within range.
server02,Critical,Tue Aug 29 2017 22:27:51,The power input for power supply 1 is lost.
server02,Critical,Tue Aug 29 2017 22:27:54,Power supply redundancy is lost.
server02,Warning,Fri Sep 08 2017 18:20:31,The system inlet temperature is greater than the upper warning threshold.
server02,Normal,Sun Sep 10 2017 01:31:26,The system inlet temperature is within range.
server02,Warning,Sun Sep 10 2017 17:46:10,The system inlet temperature is greater than the upper warning threshold.
server02,Normal,Mon Sep 11 2017 12:28:51,The system inlet temperature is within range.
server02,Critical,Mon Sep 18 2017 22:11:59,The power input for power supply 1 is lost.
server02,Critical,Mon Sep 18 2017 22:12:01,Power supply redundancy is lost.
server02,Normal,Wed Nov 01 2017 19:22:19,The power supplies are redundant.
server02,Critical,Sat Dec 16 2017 10:05:49,The power input for power supply 2 is lost.
server02,Critical,Sat Dec 16 2017 10:05:49,Power supply redundancy is lost.
server02,Critical,Thu Dec 21 2017 13:19:15,The power input for power supply 1 is lost.
server02,Critical,Thu Dec 21 2017 13:19:16,Power supply redundancy is lost.
server02,Normal,Thu Dec 21 2017 13:19:40,The input power for power supply 1 has been restored.
server02,Normal,Thu Dec 21 2017 13:19:47,The power supplies are redundant.
server02,Critical,Thu Dec 21 2017 13:21:32,The power input for power supply 1 is lost.
server02,Critical,Thu Dec 21 2017 13:21:34,Power supply redundancy is lost.
server02,Normal,Thu Dec 21 2017 13:22:18,The input power for power supply 1 has been restored.
server02,Normal,Thu Dec 21 2017 13:22:24,The power supplies are redundant.
server02,Critical,Sun May 20 2018 17:26:03,The power input for power supply 1 is lost.
server02,Critical,Sun May 20 2018 17:26:04,Power supply redundancy is lost.
server02,Normal,Mon May 21 2018 12:45:53,The input power for power supply 1 has been restored.
server02,Normal,Mon May 21 2018 12:45:59,The power supplies are redundant.
server02,Critical,Wed Jun 06 2018 13:48:33,The power input for power supply 1 is lost.
server02,Critical,Wed Jun 06 2018 13:48:34,Power supply redundancy is lost.
server02,Normal,Wed Jun 06 2018 15:49:27,The input power for power supply 1 has been restored.
server02,Normal,Wed Jun 06 2018 15:49:33,The power supplies are redundant.
server02,Critical,Wed Jun 06 2018 16:04:48,The power input for power supply 1 is lost.
server02,Critical,Wed Jun 06 2018 16:04:49,Power supply redundancy is lost.
server02,Normal,Wed Jun 06 2018 16:09:55,The input power for power supply 1 has been restored.
server02,Normal,Wed Jun 06 2018 16:10:01,The power supplies are redundant.
server02,Critical,Fri May 03 2019 14:27:30,Power supply redundancy is lost.
server02,Critical,Fri May 03 2019 14:27:34,The power input for power supply 1 is lost.
server02,Critical,Fri May 03 2019 14:40:30,Fault detected on drive 0 in disk drive bay 1.
server02,Normal,Sat May 04 2019 14:41:36,The input power for power supply 1 has been restored.
server02,Normal,Sat May 04 2019 14:41:42,The power supplies are redundant.
server02,Critical,Mon May 06 2019 17:18:33,Power supply redundancy is lost.
server02,Normal,Tue May 07 2019 13:51:12,The power supplies are redundant.
server02,Critical,Tue May 21 2019 13:31:48,The power input for power supply 2 is lost.
server02,Critical,Tue May 21 2019 13:31:48,Power supply redundancy is lost.
server02,Normal,Tue May 21 2019 20:00:49,The input power for power supply 2 has been restored.
server02,Normal,Tue May 21 2019 20:01:00,The power supplies are redundant.
server02,Critical,Sat Jul 13 2019 05:27:36,Fault detected on drive 6 in disk drive bay 1.
server02,Critical,Mon Jul 15 2019 21:37:53,Fault detected on drive 6 in disk drive bay 1.
server02,Normal,Mon Jul 15 2019 22:00:41,Drive 6 in disk drive bay 1 is operating normally.
server02,Critical,Wed Jul 17 2019 10:31:02,Fault detected on drive 5 in disk drive bay 1.
server02,Normal,Wed Jul 17 2019 12:57:24,Drive 5 in disk drive bay 1 is operating normally.
server02,Critical,Wed Jul 17 2019 14:21:24,The chassis is open while the power is off.
server02,Normal,Wed Jul 17 2019 14:21:29,The chassis is closed while the power is off.
server02,Critical,Wed Jul 17 2019 19:59:41,Fault detected on drive 5 in disk drive bay 1.
server02,Normal,Wed Jul 17 2019 20:23:26,Drive 5 in disk drive bay 1 is operating normally.
server02,Critical,Wed Jul 17 2019 22:15:27,Fault detected on drive 5 in disk drive bay 1.
server02,Normal,Tue Jul 23 2019 13:04:15,Drive 5 in disk drive bay 1 is operating normally.
server02,Critical,Tue Jul 23 2019 13:24:53,Drive 5 is removed from disk drive bay 1.
server02,Normal,Tue Jul 23 2019 13:27:58,Drive 5 is installed in disk drive bay 1.
server02,Critical,Tue Jul 23 2019 13:30:55,Drive 4 is removed from disk drive bay 1.
server02,Normal,Tue Jul 23 2019 13:32:45,Drive 4 is installed in disk drive bay 1.
server02,Critical,Tue Jul 23 2019 13:36:53,Drive 3 is removed from disk drive bay 1.
server02,Normal,Tue Jul 23 2019 13:38:58,Drive 3 is installed in disk drive bay 1.
server02,Critical,Tue Jul 23 2019 13:40:56,Drive 2 is removed from disk drive bay 1.
server02,Normal,Tue Jul 23 2019 13:43:16,Drive 2 is installed in disk drive bay 1.
server02,Warning,Sun Jul 28 2019 06:36:10,The system inlet temperature is greater than the upper warning threshold.
server02,Critical,Sun Jul 28 2019 06:39:11,The power input for power supply 1 is lost.
server02,Critical,Sun Jul 28 2019 06:39:13,Power supply redundancy is lost.
