"Normal","Mon May 26 2014 20:22:47","Log cleared."
"Critical","Fri Jun 06 2014 13:52:40","Drive 0 is removed from disk drive bay 1."
"Normal","Fri Jun 06 2014 13:55:06","Drive 0 is installed in disk drive bay 1."
"Warning","Mon Sep 15 2014 17:54:55","The system inlet temperature is greater than the upper warning threshold."
"Critical","Mon Sep 15 2014 18:11:30","The system inlet temperature is greater than the upper critical threshold."
"Warning","Mon Sep 15 2014 18:23:32","The system inlet temperature is greater than the upper warning threshold."
"Normal","Mon Sep 15 2014 18:24:31","The system inlet temperature is within range."
"Warning","Mon Sep 15 2014 18:33:26","The system inlet temperature is greater than the upper warning threshold."
"Critical","Mon Sep 15 2014 18:54:25","The system inlet temperature is greater than the upper critical threshold."
"Warning","Mon Sep 15 2014 19:07:14","The system inlet temperature is greater than the upper warning threshold."
"Normal","Mon Sep 15 2014 19:15:57","The system inlet temperature is within range."
"Warning","Mon Sep 15 2014 19:38:11","The system inlet temperature is greater than the upper warning threshold."
"Normal","Mon Sep 15 2014 19:40:56","The system inlet temperature is within range."
"Warning","Mon Sep 15 2014 19:52:36","The system inlet temperature is greater than the upper warning threshold."
"Normal","Mon Sep 15 2014 20:09:38","The system inlet temperature is within range."
"Warning","Sun Nov 09 2014 20:03:12","The system inlet temperature is greater than the upper warning threshold."
"Critical","Sun Nov 09 2014 20:22:42","The system inlet temperature is greater than the upper critical threshold."
"Warning","Mon Nov 24 2014 02:58:50","The system inlet temperature is greater than the upper warning threshold."
"Critical","Mon Nov 24 2014 03:14:27","The system inlet temperature is greater than the upper critical threshold."
"Critical","Mon Nov 24 2014 03:54:39","The power input for power supply 1 is lost."
"Critical","Mon Nov 24 2014 03:54:41","Power supply redundancy is lost."
"Warning","Mon Nov 24 2014 04:00:22","The system inlet temperature is greater than the upper warning threshold."
"Normal","Mon Nov 24 2014 04:01:25","The system inlet temperature is within range."
"Normal","Mon Nov 24 2014 12:36:02","The input power for power supply 1 has been restored."
"Normal","Mon Nov 24 2014 12:36:08","The power supplies are redundant."
"Warning","Tue Feb 03 2015 00:49:12","The system inlet temperature is greater than the upper warning threshold."
"Critical","Tue Feb 03 2015 01:02:29","The system inlet temperature is greater than the upper critical threshold."
"Critical","Tue Feb 03 2015 13:03:45","Power supply redundancy is lost."
"Critical","Tue Feb 03 2015 13:03:45","The power input for power supply 2 is lost."
"Normal","Tue Feb 03 2015 13:04:02","The input power for power supply 2 has been restored."
"Normal","Tue Feb 03 2015 13:04:08","The power supplies are redundant."
"Warning","Sat Mar 14 2015 22:02:42","The system inlet temperature is greater than the upper warning threshold."
"Critical","Sat Mar 14 2015 22:17:15","The system inlet temperature is greater than the upper critical threshold."
"Critical","Sat Mar 14 2015 23:23:44","Power supply redundancy is lost."
"Critical","Sat Mar 14 2015 23:23:44","The power input for power supply 2 is lost."
"Warning","Fri Jun 05 2015 20:28:17","The system inlet temperature is greater than the upper warning threshold."
"Critical","Fri Jun 05 2015 20:45:26","The system inlet temperature is greater than the upper critical threshold."
"Warning","Fri Jun 05 2015 21:06:31","The system inlet temperature is greater than the upper warning threshold."
"Normal","Fri Jun 05 2015 21:07:38","The system inlet temperature is within range."
"Warning","Thu Aug 27 2015 11:10:33","The system inlet temperature is greater than the upper warning threshold."
"Critical","Thu Aug 27 2015 11:31:31","The system inlet temperature is greater than the upper critical threshold."
"Warning","Thu Aug 27 2015 12:07:20","The system inlet temperature is greater than the upper warning threshold."
"Normal","Thu Aug 27 2015 12:12:06","The system inlet temperature is within range."
"Warning","Sat Sep 03 2016 12:12:45","The system inlet temperature is greater than the upper warning threshold."
"Normal","Sat Sep 03 2016 12:22:03","The system inlet temperature is within range."
"Warning","Sun Oct 23 2016 18:09:09","The system inlet temperature is greater than the upper warning threshold."
"Normal","Sun Oct 23 2016 18:09:51","The system inlet temperature is within range."
"Warning","Sun Oct 23 2016 18:11:59","The system inlet temperature is greater than the upper warning threshold."
"Normal","Sun Oct 23 2016 18:13:18","The system inlet temperature is within range."
"Warning","Mon Oct 31 2016 05:26:28","The system inlet temperature is greater than the upper warning threshold."
"Normal","Mon Oct 31 2016 05:43:51","The system inlet temperature is within range."
"Warning","Sat Nov 12 2016 14:24:16","The system inlet temperature is greater than the upper warning threshold."
"Normal","Sat Nov 12 2016 14:30:40","The system inlet temperature is within range."
"Warning","Sun Nov 20 2016 11:02:51","The system inlet temperature is greater than the upper warning threshold."
"Critical","Sun Nov 20 2016 11:20:45","The system inlet temperature is greater than the upper critical threshold."
"Warning","Sun Nov 20 2016 12:05:17","The system inlet temperature is greater than the upper warning threshold."
"Normal","Sun Nov 20 2016 12:08:14","The system inlet temperature is within range."
"Warning","Sun Nov 20 2016 12:08:18","The system inlet temperature is greater than the upper warning threshold."
"Normal","Sun Nov 20 2016 12:08:31","The system inlet temperature is within range."
"Warning","Mon Nov 21 2016 09:12:52","The system inlet temperature is greater than the upper warning threshold."
"Critical","Mon Nov 21 2016 09:31:40","The system inlet temperature is greater than the upper critical threshold."
"Warning","Mon Nov 21 2016 09:56:27","The system inlet temperature is greater than the upper warning threshold."
"Critical","Mon Nov 21 2016 09:59:18","The system inlet temperature is greater than the upper critical threshold."
"Warning","Mon Nov 21 2016 09:59:42","The system inlet temperature is greater than the upper warning threshold."
"Normal","Mon Nov 21 2016 10:02:18","The system inlet temperature is within range."
"Warning","Mon Aug 28 2017 17:51:40","The system inlet temperature is greater than the upper warning threshold."
"Critical","Mon Aug 28 2017 18:07:27","The system inlet temperature is greater than the upper critical threshold."
"Warning","Mon Aug 28 2017 18:45:49","The system inlet temperature is greater than the upper warning threshold."
"Critical","Mon Aug 28 2017 18:46:13","The system inlet temperature is greater than the upper critical threshold."
"Warning","Mon Aug 28 2017 18:46:45","The system inlet temperature is greater than the upper warning threshold."
"Normal","Mon Aug 28 2017 18:49:49","The system inlet temperature is within range."
"Critical","Tue Aug 29 2017 22:27:48","The power input for power supply 1 is lost."
"Critical","Tue Aug 29 2017 22:27:50","Power supply redundancy is lost."
"Warning","Mon Sep 11 2017 11:10:08","The temperature for power supply 2 is in a warning range."
"Warning","Mon Sep 11 2017 11:57:15","The system inlet temperature is greater than the upper warning threshold."
"Normal","Mon Sep 11 2017 11:57:44","The system inlet temperature is within range."
"Warning","Mon Sep 11 2017 11:59:13","The system inlet temperature is greater than the upper warning threshold."
"Normal","Mon Sep 11 2017 11:59:40","The system inlet temperature is within range."
"Warning","Mon Sep 11 2017 12:06:44","The system inlet temperature is greater than the upper warning threshold."
"Normal","Mon Sep 11 2017 12:09:30","The system inlet temperature is within range."
"Warning","Mon Sep 11 2017 12:10:03","The system inlet temperature is greater than the upper warning threshold."
"Normal","Mon Sep 11 2017 12:13:15","The system inlet temperature is within range."
"Critical","Mon Sep 18 2017 22:11:27","Power supply redundancy is lost."
"Critical","Mon Sep 18 2017 22:11:37","The power input for power supply 1 is lost."
"Critical","Sat Dec 16 2017 11:06:46","The power input for power supply 1 is lost."
"Critical","Sat Dec 16 2017 11:06:48","Power supply redundancy is lost."
"Critical","Thu Dec 21 2017 13:17:29","The power input for power supply 2 is lost."
"Critical","Thu Dec 21 2017 13:17:29","Power supply redundancy is lost."
"Normal","Thu Dec 21 2017 13:19:00","The input power for power supply 2 has been restored."
"Normal","Thu Dec 21 2017 13:19:11","The power supplies are redundant."
"Critical","Thu Dec 21 2017 13:20:00","The power input for power supply 1 is lost."
"Critical","Thu Dec 21 2017 13:20:02","Power supply redundancy is lost."
"Normal","Thu Dec 21 2017 13:21:06","The input power for power supply 1 has been restored."
"Normal","Thu Dec 21 2017 13:21:12","The power supplies are redundant."
"Critical","Sun Mar 18 2018 16:29:53","Fault detected on drive 6 in disk drive bay 1."
"Critical","Mon Apr 16 2018 11:29:45","Fault detected on drive 6 in disk drive bay 1."
"Critical","Sun May 20 2018 17:26:16","The power input for power supply 1 is lost."
"Critical","Sun May 20 2018 17:26:17","Power supply redundancy is lost."
"Normal","Mon May 21 2018 12:46:06","The input power for power supply 1 has been restored."
"Normal","Mon May 21 2018 12:46:14","The power supplies are redundant."
"Critical","Mon May 21 2018 16:48:08","Fault detected on drive 6 in disk drive bay 1."
"Critical","Wed Jun 06 2018 13:49:14","The power input for power supply 1 is lost."
"Critical","Wed Jun 06 2018 13:49:16","Power supply redundancy is lost."
"Normal","Wed Jun 06 2018 15:50:10","The input power for power supply 1 has been restored."
"Normal","Wed Jun 06 2018 15:50:17","The power supplies are redundant."
"Critical","Wed Jun 06 2018 16:05:26","Power supply redundancy is lost."
"Critical","Wed Jun 06 2018 16:05:30","The power input for power supply 1 is lost."
"Normal","Wed Jun 06 2018 16:10:32","The input power for power supply 1 has been restored."
"Normal","Wed Jun 06 2018 16:10:39","The power supplies are redundant."
"Critical","Mon Jul 02 2018 19:14:38","Drive 6 is removed from disk drive bay 1."
"Normal","Mon Jul 02 2018 19:14:39","Drive 6 in disk drive bay 1 is operating normally."
"Normal","Mon Jul 02 2018 19:17:14","Drive 6 is installed in disk drive bay 1."
"Critical","Mon Jul 02 2018 20:20:46","Drive 2 is removed from disk drive bay 1."
"Normal","Mon Jul 02 2018 20:23:39","Drive 2 is installed in disk drive bay 1."
"Normal","Mon Jul 02 2018 22:27:21","The power supplies are redundant."
"Critical","Fri May 03 2019 14:25:09","The power input for power supply 1 is lost."
"Critical","Fri May 03 2019 14:25:10","Power supply redundancy is lost."
"Normal","Sat May 04 2019 14:40:18","The input power for power supply 1 has been restored."
"Normal","Sat May 04 2019 14:40:25","The power supplies are redundant."
"Normal","Tue May 07 2019 13:49:59","The power supplies are redundant."
"Critical","Tue May 21 2019 13:30:34","The power input for power supply 2 is lost."
"Critical","Tue May 21 2019 13:30:35","Power supply redundancy is lost."
"Normal","Tue May 21 2019 19:59:39","The input power for power supply 2 has been restored."
"Normal","Tue May 21 2019 19:59:45","The power supplies are redundant."
"Normal","Sat Jun 29 2019 13:09:43","The power supplies are redundant."
"Critical","Sun Jul 28 2019 06:37:44","The power input for power supply 1 is lost."
"Critical","Sun Jul 28 2019 06:37:45","Power supply redundancy is lost."
"Normal","Thu Jan 02 2020 19:52:34","The power supplies are redundant."
