Server,Severity,Date/Time,Description
server09,Normal,Fri Dec 20 2013 17:48:21,Log cleared.
server09,Critical,Thu Feb 13 2014 16:55:56,The power input for power supply 1 is lost.
server09,Critical,Thu Feb 13 2014 16:55:58,Power supply redundancy is lost.
server09,Critical,Fri Feb 14 2014 01:01:35,The power input for power supply 1 is lost.
server09,Critical,Fri Feb 14 2014 01:04:06,The power input for power supply 1 is lost.
server09,Critical,Fri Feb 14 2014 01:13:13,The power input for power supply 1 is lost.
server09,Critical,Fri Feb 14 2014 01:13:20,Power supply redundancy is lost.
server09,Critical,Fri Feb 14 2014 01:26:52,The power input for power supply 1 is lost.
server09,Critical,Fri Feb 14 2014 01:26:59,Power supply redundancy is lost.
server09,Critical,Mon Mar 31 2014 16:48:32,The power input for power supply 2 is lost.
server09,Critical,Mon Mar 31 2014 16:48:34,Power supply redundancy is lost.
server09,Normal,Mon Mar 31 2014 15:48:39,The input power for power supply 2 has been restored.
server09,Normal,Mon Mar 31 2014 15:48:45,The power supplies are redundant.
server09,Critical,Mon Mar 31 2014 16:05:01,The power input for power supply 2 is lost.
server09,Critical,Mon Mar 31 2014 16:05:11,Power supply redundancy is lost.
server09,Critical,Mon Mar 31 2014 19:05:37,The power input for power supply 2 is lost.
server09,Critical,Mon Mar 31 2014 19:05:38,Power supply redundancy is lost.
server09,Critical,Mon Mar 31 2014 21:36:53,The power input for power supply 1 is lost.
server09,Critical,Mon Mar 31 2014 21:36:55,Power supply redundancy is lost.
server09,Critical,Mon Apr 07 2014 21:36:31,Power supply redundancy is lost.
server09,Critical,Mon Apr 07 2014 21:36:39,The power input for power supply 1 is lost.
server09,Critical,Mon Apr 14 2014 10:49:56,Power supply redundancy is lost.
server09,Critical,Mon Apr 14 2014 10:50:00,The power input for power supply 1 is lost.
server09,Critical,Tue Apr 15 2014 15:22:26,The power input for power supply 2 is lost.
server09,Critical,Tue Apr 15 2014 15:22:26,Power supply redundancy is lost.
server09,Normal,Tue Apr 15 2014 15:27:41,The input power for power supply 2 has been restored.
server09,Normal,Tue Apr 15 2014 15:27:51,The power supplies are redundant.
server09,Critical,Tue Apr 15 2014 16:01:22,The power input for power supply 2 is lost.
server09,Critical,Tue Apr 15 2014 16:01:23,Power supply redundancy is lost.
server09,Normal,Tue Apr 15 2014 16:01:47,The input power for power supply 2 has been restored.
server09,Normal,Tue Apr 15 2014 16:01:58,The power supplies are redundant.
server09,Warning,Mon Apr 21 2014 06:37:13,The system inlet temperature is greater than the upper warning threshold.
server09,Critical,Mon Apr 21 2014 06:55:59,The system inlet temperature is greater than the upper critical threshold.
server09,Warning,Mon Apr 21 2014 09:17:11,The temperature for power supply 2 is in a warning range.
server09,Critical,Mon Apr 21 2014 09:24:20,The PERC1 battery has failed.
server09,Normal,Mon Apr 21 2014 09:25:25,The PERC1 battery is operating normally.
server09,Warning,Mon Apr 21 2014 09:33:52,The temperature for power supply 1 is in a warning range.
server09,Critical,Mon Apr 21 2014 10:41:39,The temperature for power supply 2 is outside of range.
server09,Critical,Mon Apr 21 2014 10:41:40,The system board PS2 PG Fail voltage is outside of range.
server09,Critical,Mon Apr 21 2014 10:41:40,Power supply redundancy is lost.
server09,Critical,Mon Apr 21 2014 11:12:56,The system board PS1 PG Fail voltage is outside of range.
server09,Normal,Mon Apr 21 2014 11:12:56,Power supply 1 is operating normally.
server09,Normal,Mon Apr 21 2014 11:12:57,Power supply 2 is operating normally.
server09,Critical,Mon Apr 21 2014 11:17:53,The temperature for power supply 1 is outside of range.
server09,Normal,Mon Apr 21 2014 11:18:05,Power supply 1 is operating normally.
server09,Critical,Mon Apr 21 2014 11:23:01,The temperature for power supply 1 is outside of range.
server09,Normal,Mon Apr 21 2014 11:23:16,Power supply 1 is operating normally.
server09,Critical,Mon Apr 21 2014 11:28:08,The temperature for power supply 1 is outside of range.
server09,Normal,Mon Apr 21 2014 11:28:22,Power supply 1 is operating normally.
server09,Critical,Mon Apr 21 2014 11:33:16,The temperature for power supply 1 is outside of range.
server09,Normal,Mon Apr 21 2014 11:33:32,Power supply 1 is operating normally.
server09,Critical,Mon Apr 21 2014 11:38:24,The temperature for power supply 1 is outside of range.
server09,Normal,Mon Apr 21 2014 11:38:38,Power supply 1 is operating normally.
server09,Warning,Mon Apr 21 2014 11:40:35,A predictive failure detected on power supply 2.
server09,Critical,Mon Apr 21 2014 11:43:32,The temperature for power supply 1 is outside of range.
server09,Normal,Mon Apr 21 2014 11:43:44,Power supply 1 is operating normally.
server09,Normal,Mon Apr 21 2014 11:43:46,Power supply 2 is operating normally.
server09,Warning,Mon Apr 21 2014 11:44:21,A predictive failure detected on power supply 2.
server09,Normal,Mon Apr 21 2014 11:48:57,Power supply 2 is operating normally.
server09,Warning,Mon Apr 21 2014 11:49:12,A predictive failure detected on power supply 2.
server09,Critical,Mon Apr 21 2014 11:53:48,The temperature for power supply 1 is outside of range.
server09,Normal,Mon Apr 21 2014 11:54:01,Power supply 1 is operating normally.
server09,Critical,Mon Apr 21 2014 11:58:57,The temperature for power supply 1 is outside of range.
server09,Normal,Mon Apr 21 2014 11:59:11,Power supply 1 is operating normally.
server09,Critical,Mon Apr 21 2014 12:04:05,The temperature for power supply 1 is outside of range.
server09,Normal,Mon Apr 21 2014 12:04:21,Power supply 1 is operating normally.
server09,Critical,Mon Apr 21 2014 12:19:28,The temperature for power supply 1 is outside of range.
server09,Normal,Mon Apr 21 2014 12:19:42,Power supply 1 is operating normally.
server09,Critical,Mon Apr 21 2014 12:24:35,The temperature for power supply 1 is outside of range.
server09,Normal,Mon Apr 21 2014 12:24:48,Power supply 2 is operating normally.
server09,Normal,Mon Apr 21 2014 12:24:52,Power supply 1 is operating normally.
server09,Warning,Mon Apr 21 2014 12:29:39,A predictive failure detected on power supply 2.
server09,Warning,Mon Apr 21 2014 12:29:41,The temperature for power supply 1 is in a warning range.
server09,Warning,System Boot,The system inlet temperature is greater than the upper warning threshold.
server09,Critical,System Boot,The system inlet temperature is greater than the upper critical threshold.
server09,Critical,Mon Apr 21 2014 12:57:04,The power input for power supply 2 is lost.
server09,Critical,Mon Apr 21 2014 12:57:04,Power supply redundancy is lost.
server09,Warning,Mon Apr 21 2014 13:02:11,The system inlet temperature is greater than the upper warning threshold.
server09,Critical,Mon Apr 21 2014 13:02:11,The system inlet temperature is greater than the upper critical threshold.
server09,Critical,Mon Apr 21 2014 13:02:12,The power input for power supply 1 is lost.
server09,Critical,Mon Apr 21 2014 13:02:13,Power supply redundancy is lost.
server09,Warning,Mon Apr 21 2014 13:44:03,The system inlet temperature is greater than the upper warning threshold.
server09,Normal,Mon Apr 21 2014 14:03:02,The system inlet temperature is within range.
server09,Critical,Tue Apr 22 2014 23:27:04,The power input for power supply 1 is lost.
server09,Critical,Tue Apr 22 2014 23:27:06,Power supply redundancy is lost.
server09,Critical,Mon Apr 28 2014 21:58:58,The power input for power supply 1 is lost.
server09,Critical,Mon Apr 28 2014 21:59:01,Power supply redundancy is lost.
server09,Normal,Mon Apr 28 2014 22:59:01,The input power for power supply 1 has been restored.
server09,Normal,Mon Apr 28 2014 22:59:07,The power supplies are redundant.
server09,Critical,Thu May 01 2014 00:29:59,Power supply redundancy is lost.
server09,Critical,Thu May 01 2014 00:30:03,The power input for power supply 1 is lost.
server09,Critical,Mon May 05 2014 18:38:57,The power input for power supply 1 is lost.
server09,Critical,Mon May 05 2014 18:38:59,Power supply redundancy is lost.
server09,Critical,Mon May 05 2014 22:46:41,The power input for power supply 1 is lost.
server09,Critical,Mon May 05 2014 22:46:43,Power supply redundancy is lost.
server09,Critical,Tue May 06 2014 13:28:36,Power supply redundancy is lost.
server09,Critical,Tue May 06 2014 13:28:36,The power input for power supply 2 is lost.
server09,Normal,Tue May 06 2014 13:29:11,The input power for power supply 2 has been restored.
server09,Normal,Tue May 06 2014 13:29:21,The power supplies are redundant.
server09,Warning,Mon Sep 15 2014 17:55:15,The system inlet temperature is greater than the upper warning threshold.
server09,Critical,Mon Sep 15 2014 18:13:38,The system inlet temperature is greater than the upper critical threshold.
server09,Warning,Mon Sep 15 2014 18:23:27,The system inlet temperature is greater than the upper warning threshold.
server09,Normal,Mon Sep 15 2014 18:24:03,The system inlet temperature is within range.
server09,Warning,Mon Sep 15 2014 18:32:50,The system inlet temperature is greater than the upper warning threshold.
server09,Critical,Mon Sep 15 2014 18:53:55,The system inlet temperature is greater than the upper critical threshold.
server09,Warning,Mon Sep 15 2014 19:12:06,The system inlet temperature is greater than the upper warning threshold.
server09,Critical,Mon Sep 15 2014 19:12:15,The system inlet temperature is greater than the upper critical threshold.
server09,Warning,Mon Sep 15 2014 19:15:40,The system inlet temperature is greater than the upper warning threshold.
server09,Critical,Mon Sep 15 2014 19:16:24,The system inlet temperature is greater than the upper critical threshold.
server09,Warning,Mon Sep 15 2014 19:22:42,The system inlet temperature is greater than the upper warning threshold.
server09,Normal,Mon Sep 15 2014 19:24:45,The system inlet temperature is within range.
server09,Warning,Mon Sep 15 2014 19:24:54,The system inlet temperature is greater than the upper warning threshold.
server09,Normal,Mon Sep 15 2014 19:25:19,The system inlet temperature is within range.
server09,Warning,Mon Sep 15 2014 19:29:38,The system inlet temperature is greater than the upper warning threshold.
server09,Normal,Mon Sep 15 2014 19:41:44,The system inlet temperature is within range.
server09,Warning,Mon Sep 15 2014 19:43:43,The system inlet temperature is greater than the upper warning threshold.
server09,Normal,Mon Sep 15 2014 20:10:21,The system inlet temperature is within range.
server09,Warning,Mon Sep 15 2014 20:15:48,The system inlet temperature is greater than the upper warning threshold.
server09,Normal,Mon Sep 15 2014 20:26:08,The system inlet temperature is within range.
server09,Warning,Sun Nov 09 2014 20:03:38,The system inlet temperature is greater than the upper warning threshold.
server09,Critical,Sun Nov 09 2014 20:22:41,The system inlet temperature is greater than the upper critical threshold.
server09,Warning,Mon Nov 24 2014 02:58:51,The system inlet temperature is greater than the upper warning threshold.
server09,Critical,Mon Nov 24 2014 03:13:56,The system inlet temperature is greater than the upper critical threshold.
server09,Critical,Mon Nov 24 2014 03:54:36,The power input for power supply 1 is lost.
server09,Critical,Mon Nov 24 2014 03:54:37,Power supply redundancy is lost.
server09,Warning,Mon Nov 24 2014 04:03:30,The system inlet temperature is greater than the upper warning threshold.
server09,Normal,Mon Nov 24 2014 04:05:49,The system inlet temperature is within range.
server09,Warning,Mon Nov 24 2014 04:06:01,The system inlet temperature is greater than the upper warning threshold.
server09,Normal,Mon Nov 24 2014 04:06:55,The system inlet temperature is within range.
server09,Normal,Mon Nov 24 2014 12:36:04,The input power for power supply 1 has been restored.
server09,Normal,Mon Nov 24 2014 12:36:10,The power supplies are redundant.
server09,Warning,Tue Feb 03 2015 00:50:09,The system inlet temperature is greater than the upper warning threshold.
server09,Critical,Tue Feb 03 2015 01:02:37,The system inlet temperature is greater than the upper critical threshold.
server09,Warning,Sat Mar 14 2015 22:02:43,The system inlet temperature is greater than the upper warning threshold.
server09,Critical,Sat Mar 14 2015 22:17:58,The system inlet temperature is greater than the upper critical threshold.
server09,Critical,Sat Mar 14 2015 23:23:46,The power input for power supply 2 is lost.
server09,Critical,Sat Mar 14 2015 23:23:46,Power supply redundancy is lost.
server09,Warning,Fri Jun 05 2015 20:29:59,The system inlet temperature is greater than the upper warning threshold.
server09,Critical,Fri Jun 05 2015 20:46:00,The system inlet temperature is greater than the upper critical threshold.
server09,Warning,Fri Jun 05 2015 21:06:57,The system inlet temperature is greater than the upper warning threshold.
server09,Normal,Fri Jun 05 2015 21:13:10,The system inlet temperature is within range.
server09,Warning,Thu Aug 27 2015 11:12:06,The system inlet temperature is greater than the upper warning threshold.
server09,Critical,Thu Aug 27 2015 11:33:47,The system inlet temperature is greater than the upper critical threshold.
server09,Warning,Thu Aug 27 2015 12:11:23,The system inlet temperature is greater than the upper warning threshold.
server09,Normal,Thu Aug 27 2015 12:14:40,The system inlet temperature is within range.
server09,Warning,Sat Sep 03 2016 12:13:11,The system inlet temperature is greater than the upper warning threshold.
server09,Normal,Sat Sep 03 2016 12:22:16,The system inlet temperature is within range.
server09,Warning,Sun Oct 23 2016 18:09:09,The system inlet temperature is greater than the upper warning threshold.
server09,Normal,Sun Oct 23 2016 18:09:48,The system inlet temperature is within range.
server09,Warning,Sun Oct 23 2016 18:12:07,The system inlet temperature is greater than the upper warning threshold.
server09,Normal,Sun Oct 23 2016 18:13:15,The system inlet temperature is within range.
server09,Warning,Mon Oct 31 2016 05:27:50,The system inlet temperature is greater than the upper warning threshold.
server09,Normal,Mon Oct 31 2016 05:47:01,The system inlet temperature is within range.
server09,Warning,Sat Nov 12 2016 14:25:49,The system inlet temperature is greater than the upper warning threshold.
server09,Normal,Sat Nov 12 2016 14:31:17,The system inlet temperature is within range.
server09,Warning,Sun Nov 20 2016 11:05:41,The system inlet temperature is greater than the upper warning threshold.
server09,Critical,Sun Nov 20 2016 11:21:24,The system inlet temperature is greater than the upper critical threshold.
server09,Warning,Sun Nov 20 2016 12:05:23,The system inlet temperature is greater than the upper warning threshold.
server09,Normal,Sun Nov 20 2016 12:08:52,The system inlet temperature is within range.
server09,Warning,Mon Nov 21 2016 09:13:33,The system inlet temperature is greater than the upper warning threshold.
server09,Critical,Mon Nov 21 2016 09:32:47,The system inlet temperature is greater than the upper critical threshold.
server09,Warning,Mon Nov 21 2016 10:01:15,The system inlet temperature is greater than the upper warning threshold.
server09,Normal,Mon Nov 21 2016 10:02:27,The system inlet temperature is within range.
server09,Normal,Tue Jan 03 2017 17:30:42,The power supplies are redundant.
server09,Critical,Fri Apr 07 2017 08:29:47,Fault detected on drive 4 in disk drive bay 1.
server09,Normal,Thu Apr 20 2017 14:53:00,Drive 4 in disk drive bay 1 is operating normally.
server09,Critical,Thu Apr 20 2017 13:53:50,Fault detected on drive 4 in disk drive bay 1.
server09,Normal,Thu Apr 20 2017 14:04:46,Drive 4 in disk drive bay 1 is operating normally.
server09,Critical,Thu Apr 20 2017 14:05:52,Fault detected on drive 4 in disk drive bay 1.
server09,Normal,Thu Apr 20 2017 14:09:03,Drive 4 in disk drive bay 1 is operating normally.
server09,Critical,Thu Apr 20 2017 14:10:03,Fault detected on drive 4 in disk drive bay 1.
server09,Normal,Thu Apr 20 2017 14:11:18,Drive 4 in disk drive bay 1 is operating normally.
server09,Critical,Thu Apr 20 2017 14:12:13,Fault detected on drive 4 in disk drive bay 1.
server09,Critical,Tue Apr 25 2017 17:48:45,Drive 4 is removed from disk drive bay 1.
server09,Normal,Tue Apr 25 2017 17:48:46,Drive 4 in disk drive bay 1 is operating normally.
server09,Normal,Tue Apr 25 2017 17:49:22,Drive 4 is installed in disk drive bay 1.
server09,Warning,Mon Aug 28 2017 17:51:42,The system inlet temperature is greater than the upper warning threshold.
server09,Critical,Mon Aug 28 2017 18:08:09,The system inlet temperature is greater than the upper critical threshold.
server09,Warning,Mon Aug 28 2017 18:45:06,The system inlet temperature is greater than the upper warning threshold.
server09,Normal,Mon Aug 28 2017 18:51:57,The system inlet temperature is within range.
server09,Critical,Tue Aug 29 2017 22:27:42,Power supply redundancy is lost.
server09,Critical,Tue Aug 29 2017 22:27:46,The power input for power supply 1 is lost.
server09,Warning,Mon Sep 11 2017 11:59:06,The system inlet temperature is greater than the upper warning threshold.
server09,Normal,Mon Sep 11 2017 11:59:39,The system inlet temperature is within range.
server09,Warning,Mon Sep 11 2017 12:10:13,The system inlet temperature is greater than the upper warning threshold.
server09,Normal,Mon Sep 11 2017 12:15:14,The system inlet temperature is within range.
server09,Critical,Mon Sep 18 2017 22:11:40,The power input for power supply 1 is lost.
server09,Critical,Mon Sep 18 2017 22:11:43,Power supply redundancy is lost.
server09,Normal,Thu Sep 21 2017 19:14:53,The power supplies are redundant.
server09,Critical,Sat Dec 16 2017 11:06:50,The power input for power supply 1 is lost.
server09,Critical,Sat Dec 16 2017 11:06:52,Power supply redundancy is lost.
server09,Critical,Thu Dec 21 2017 13:17:25,The power input for power supply 2 is lost.
server09,Critical,Thu Dec 21 2017 13:17:25,Power supply redundancy is lost.
server09,Normal,Thu Dec 21 2017 13:19:01,The input power for power supply 2 has been restored.
server09,Normal,Thu Dec 21 2017 13:19:11,The power supplies are redundant.
server09,Critical,Thu Dec 21 2017 13:19:58,Power supply redundancy is lost.
server09,Critical,Thu Dec 21 2017 13:20:02,The power input for power supply 1 is lost.
server09,Normal,Thu Dec 21 2017 13:21:07,The input power for power supply 1 has been restored.
server09,Normal,Thu Dec 21 2017 13:21:14,The power supplies are redundant.
server09,Critical,Sun May 20 2018 17:26:14,The power input for power supply 1 is lost.
server09,Critical,Sun May 20 2018 17:26:16,Power supply redundancy is lost.
server09,Normal,Mon May 21 2018 12:46:05,The input power for power supply 1 has been restored.
server09,Normal,Mon May 21 2018 12:46:12,The power supplies are redundant.
server09,Critical,Wed Jun 06 2018 13:49:24,The power input for power supply 1 is lost.
server09,Critical,Wed Jun 06 2018 13:49:25,Power supply redundancy is lost.
server09,Normal,Wed Jun 06 2018 15:50:19,The input power for power supply 1 has been restored.
server09,Normal,Wed Jun 06 2018 15:50:21,The power supplies are redundant.
server09,Critical,Wed Jun 06 2018 16:05:36,The power input for power supply 1 is lost.
server09,Critical,Wed Jun 06 2018 16:05:38,Power supply redundancy is lost.
server09,Normal,Wed Jun 06 2018 16:10:42,The input power for power supply 1 has been restored.
server09,Normal,Wed Jun 06 2018 16:10:49,The power supplies are redundant.
server09,Critical,Fri May 03 2019 14:36:17,Power supply redundancy is lost.
server09,Critical,Fri May 03 2019 14:36:21,The power input for power supply 1 is lost.
server09,Normal,Sat May 04 2019 14:46:05,The input power for power supply 1 has been restored.
server09,Normal,Sat May 04 2019 14:46:12,The power supplies are redundant.
server09,Critical,Mon May 06 2019 17:23:00,The power input for power supply 1 is lost.
server09,Critical,Mon May 06 2019 17:23:01,Power supply redundancy is lost.
server09,Critical,Tue May 21 2019 13:36:21,The power input for power supply 2 is lost.
server09,Critical,Tue May 21 2019 13:36:21,Power supply redundancy is lost.
server09,Normal,Tue May 21 2019 20:05:22,The input power for power supply 2 has been restored.
server09,Normal,Tue May 21 2019 20:05:32,The power supplies are redundant.
server09,Critical,Tue Jun 11 2019 04:02:33,The power input for power supply 1 is lost.
server09,Critical,Tue Jun 11 2019 04:02:35,Power supply redundancy is lost.
server09,Critical,Sun Jul 28 2019 06:45:50,Power supply redundancy is lost.
server09,Critical,Sun Jul 28 2019 06:45:53,The power input for power supply 1 is lost.
