"Normal","Fri Dec 20 2013 14:38:08","Log cleared."
"Critical","Fri Feb 14 2014 00:45:12","The power input for power supply 1 is lost."
"Critical","Fri Feb 14 2014 00:45:14","Power supply redundancy is lost."
"Critical","Fri Feb 14 2014 00:50:00","The power input for power supply 1 is lost."
"Critical","Fri Feb 14 2014 00:50:12","Power supply redundancy is lost."
"Critical","Mon Mar 31 2014 16:19:07","The power input for power supply 2 is lost."
"Critical","Mon Mar 31 2014 16:19:13","Power supply redundancy is lost."
"Critical","Mon Mar 31 2014 18:11:16","The power input for power supply 2 is lost."
"Critical","Mon Mar 31 2014 18:11:17","Power supply redundancy is lost."
"Critical","Mon Apr 07 2014 21:46:37","Power supply redundancy is lost."
"Critical","Mon Apr 07 2014 21:46:37","The power input for power supply 2 is lost."
"Critical","Mon Apr 14 2014 10:50:55","Power supply redundancy is lost."
"Critical","Mon Apr 14 2014 10:51:00","The power input for power supply 2 is lost."
"Critical","Tue Apr 15 2014 16:24:32","Power supply redundancy is lost."
"Critical","Tue Apr 15 2014 16:24:37","The power input for power supply 2 is lost."
"Normal","Tue Apr 15 2014 16:44:49","The input power for power supply 2 has been restored."
"Normal","Tue Apr 15 2014 16:44:59","The power supplies are redundant."
"Critical","Tue Apr 15 2014 18:13:06","The power input for power supply 1 is lost."
"Critical","Tue Apr 15 2014 18:13:07","Power supply redundancy is lost."
"Normal","Fri Apr 18 2014 19:03:04","The input power for power supply 1 has been restored."
"Normal","Fri Apr 18 2014 19:03:05","The power supplies are redundant."
"Critical","Fri Apr 18 2014 19:04:24","The power input for power supply 1 is lost."
"Critical","Fri Apr 18 2014 19:04:27","Power supply redundancy is lost."
"Warning","Mon Apr 21 2014 06:55:09","The system inlet temperature is greater than the upper warning threshold."
"Critical","Mon Apr 21 2014 07:16:48","The system inlet temperature is greater than the upper critical threshold."
"Critical","Mon Apr 21 2014 11:00:20","The PERC1 battery has failed."
"Normal","Mon Apr 21 2014 11:15:31","The PERC1 battery is operating normally."
"Warning","Mon Apr 21 2014 11:26:49","The temperature for power supply 2 is in a warning range."
"Normal","Mon Apr 21 2014 12:26:57","Power supply 2 is operating normally."
"Warning","System Boot","The system inlet temperature is greater than the upper warning threshold."
"Critical","System Boot","The system inlet temperature is greater than the upper critical threshold."
"Critical","Mon Apr 21 2014 12:57:04","Power supply redundancy is lost."
"Critical","Mon Apr 21 2014 12:57:08","The power input for power supply 1 is lost."
"Warning","Mon Apr 21 2014 13:31:27","The system inlet temperature is greater than the upper warning threshold."
"Normal","Mon Apr 21 2014 13:46:43","The system inlet temperature is within range."
"Critical","Tue Apr 22 2014 18:32:43","The power input for power supply 1 is lost."
"Critical","Tue Apr 22 2014 18:32:45","Power supply redundancy is lost."
"Critical","Mon Apr 28 2014 22:26:59","Power supply redundancy is lost."
"Critical","Mon Apr 28 2014 22:27:03","The power input for power supply 1 is lost."
"Critical","Wed May 14 2014 15:31:50","Power supply redundancy is lost."
"Critical","Wed May 14 2014 15:31:54","The power input for power supply 1 is lost."
"Critical","Thu Jul 10 2014 20:55:46","Power supply redundancy is lost."
"Critical","Thu Jul 10 2014 20:55:50","The power input for power supply 1 is lost."
"Critical","Sat Aug 02 2014 01:24:03","Power supply redundancy is lost."
"Critical","Sat Aug 02 2014 01:24:07","The power input for power supply 1 is lost."
"Critical","Fri Aug 08 2014 20:30:37","The power input for power supply 1 is lost."
"Critical","Fri Aug 08 2014 20:30:39","Power supply redundancy is lost."
"Critical","Tue Aug 19 2014 15:46:59","Power supply redundancy is lost."
"Critical","Tue Aug 19 2014 15:47:03","The power input for power supply 1 is lost."
"Warning","Mon Sep 15 2014 18:04:57","The system inlet temperature is greater than the upper warning threshold."
"Normal","Mon Sep 15 2014 18:13:33","The system inlet temperature is within range."
"Warning","Mon Sep 15 2014 18:14:00","The system inlet temperature is greater than the upper warning threshold."
"Normal","Mon Sep 15 2014 18:23:41","The system inlet temperature is within range."
"Warning","Mon Sep 15 2014 18:33:17","The system inlet temperature is greater than the upper warning threshold."
"Critical","Mon Sep 15 2014 18:50:52","The system inlet temperature is greater than the upper critical threshold."
"Warning","Mon Sep 15 2014 19:11:33","The system inlet temperature is greater than the upper warning threshold."
"Normal","Mon Sep 15 2014 19:25:25","The system inlet temperature is within range."
"Warning","Mon Sep 15 2014 19:26:16","The system inlet temperature is greater than the upper warning threshold."
"Normal","Mon Sep 15 2014 19:27:31","The system inlet temperature is within range."
"Normal","Fri Sep 26 2014 21:10:04","The input power for power supply 1 has been restored."
"Normal","Fri Sep 26 2014 21:10:15","The power supplies are redundant."
"Critical","Fri Sep 26 2014 21:29:15","Power supply redundancy is lost."
"Critical","Fri Sep 26 2014 21:29:20","The power input for power supply 1 is lost."
"Normal","Fri Sep 26 2014 21:29:40","The input power for power supply 1 has been restored."
"Normal","Fri Sep 26 2014 21:29:51","The power supplies are redundant."
"Critical","Sun Oct 19 2014 21:03:52","The system board PS2 PG Fail voltage is outside of range."
"Critical","Sun Oct 19 2014 21:03:52","Power supply 2 is incorrectly configured."
"Critical","Sun Oct 19 2014 21:03:53","Power supply redundancy is lost."
"Warning","Sun Nov 09 2014 20:24:19","The system inlet temperature is greater than the upper warning threshold."
"Normal","Sun Nov 09 2014 20:25:00","The system inlet temperature is within range."
"Warning","Sun Nov 09 2014 20:26:40","The system inlet temperature is greater than the upper warning threshold."
"Normal","Sun Nov 09 2014 20:27:44","The system inlet temperature is within range."
"Warning","Sun Nov 09 2014 20:28:26","The system inlet temperature is greater than the upper warning threshold."
"Normal","Sun Nov 09 2014 20:30:07","The system inlet temperature is within range."
"Warning","Sun Nov 09 2014 20:30:20","The system inlet temperature is greater than the upper warning threshold."
"Normal","Sun Nov 09 2014 20:37:04","The system inlet temperature is within range."
"Warning","Sun Nov 09 2014 20:37:30","The system inlet temperature is greater than the upper warning threshold."
"Critical","Sun Nov 09 2014 20:52:34","The system inlet temperature is greater than the upper critical threshold."
"Warning","Sun Nov 09 2014 20:53:08","The system inlet temperature is greater than the upper warning threshold."
"Critical","Sun Nov 09 2014 20:53:34","The system inlet temperature is greater than the upper critical threshold."
"Warning","Sun Nov 09 2014 20:53:45","The system inlet temperature is greater than the upper warning threshold."
"Critical","Sun Nov 09 2014 20:56:36","The system inlet temperature is greater than the upper critical threshold."
"Warning","Sun Nov 09 2014 20:58:32","The system inlet temperature is greater than the upper warning threshold."
"Critical","Sun Nov 09 2014 20:59:34","The system inlet temperature is greater than the upper critical threshold."
"Warning","Sun Nov 09 2014 20:59:55","The system inlet temperature is greater than the upper warning threshold."
"Critical","Sun Nov 09 2014 21:00:04","The system inlet temperature is greater than the upper critical threshold."
"Warning","Sun Nov 09 2014 21:01:04","The system inlet temperature is greater than the upper warning threshold."
"Critical","Sun Nov 09 2014 21:01:17","The system inlet temperature is greater than the upper critical threshold."
"Critical","Sun Nov 09 2014 21:21:18","The power input for power supply 1 is lost."
"Critical","Sun Nov 09 2014 21:21:20","Power supply redundancy is lost."
"Warning","Mon Nov 24 2014 03:13:39","The system inlet temperature is greater than the upper warning threshold."
"Critical","Mon Nov 24 2014 03:31:56","The system inlet temperature is greater than the upper critical threshold."
"Warning","Mon Nov 24 2014 03:32:30","The system inlet temperature is greater than the upper warning threshold."
"Critical","Mon Nov 24 2014 03:33:40","The system inlet temperature is greater than the upper critical threshold."
"Warning","Mon Nov 24 2014 03:34:16","The system inlet temperature is greater than the upper warning threshold."
"Critical","Mon Nov 24 2014 03:34:57","The system inlet temperature is greater than the upper critical threshold."
"Critical","Mon Nov 24 2014 03:54:49","The power input for power supply 2 is lost."
"Critical","Mon Nov 24 2014 03:54:50","Power supply redundancy is lost."
"Warning","Mon Nov 24 2014 04:00:57","The system inlet temperature is greater than the upper warning threshold."
"Normal","Mon Nov 24 2014 04:04:56","The system inlet temperature is within range."
"Normal","Mon Nov 24 2014 12:36:17","The input power for power supply 2 has been restored."
"Normal","Mon Nov 24 2014 12:36:23","The power supplies are redundant."
"Warning","Tue Feb 03 2015 01:04:52","The system inlet temperature is greater than the upper warning threshold."
"Normal","Tue Feb 03 2015 01:05:28","The system inlet temperature is within range."
"Warning","Tue Feb 03 2015 01:06:56","The system inlet temperature is greater than the upper warning threshold."
"Critical","Tue Feb 03 2015 01:24:20","The system inlet temperature is greater than the upper critical threshold."
"Warning","Tue Feb 03 2015 01:25:11","The system inlet temperature is greater than the upper warning threshold."
"Critical","Tue Feb 03 2015 01:25:57","The system inlet temperature is greater than the upper critical threshold."
"Warning","Sat Mar 14 2015 22:15:06","The system inlet temperature is greater than the upper warning threshold."
"Critical","Sat Mar 14 2015 22:33:02","The system inlet temperature is greater than the upper critical threshold."
"Critical","Sat Mar 14 2015 23:24:22","The power input for power supply 1 is lost."
"Critical","Sat Mar 14 2015 23:24:23","Power supply redundancy is lost."
"Warning","Fri Jun 05 2015 20:49:59","The system inlet temperature is greater than the upper warning threshold."
"Normal","Fri Jun 05 2015 20:50:35","The system inlet temperature is within range."
"Warning","Fri Jun 05 2015 20:50:53","The system inlet temperature is greater than the upper warning threshold."
"Normal","Fri Jun 05 2015 20:52:10","The system inlet temperature is within range."
"Warning","Fri Jun 05 2015 20:53:32","The system inlet temperature is greater than the upper warning threshold."
"Normal","Fri Jun 05 2015 20:54:08","The system inlet temperature is within range."
"Warning","Fri Jun 05 2015 20:54:56","The system inlet temperature is greater than the upper warning threshold."
"Normal","Fri Jun 05 2015 21:06:00","The system inlet temperature is within range."
"Warning","Fri Jun 05 2015 21:06:28","The system inlet temperature is greater than the upper warning threshold."
"Normal","Fri Jun 05 2015 21:09:13","The system inlet temperature is within range."
"Warning","Thu Aug 27 2015 11:29:31","The system inlet temperature is greater than the upper warning threshold."
"Critical","Thu Aug 27 2015 11:55:28","The system inlet temperature is greater than the upper critical threshold."
"Warning","Thu Aug 27 2015 12:05:17","The system inlet temperature is greater than the upper warning threshold."
"Critical","Thu Aug 27 2015 12:06:25","The system inlet temperature is greater than the upper critical threshold."
"Warning","Thu Aug 27 2015 12:11:58","The system inlet temperature is greater than the upper warning threshold."
"Normal","Thu Aug 27 2015 12:15:24","The system inlet temperature is within range."
"Warning","Sun Nov 20 2016 11:26:01","The system inlet temperature is greater than the upper warning threshold."
"Critical","Sun Nov 20 2016 11:50:31","The system inlet temperature is greater than the upper critical threshold."
"Warning","Sun Nov 20 2016 12:00:07","The system inlet temperature is greater than the upper warning threshold."
"Critical","Sun Nov 20 2016 12:04:53","The system inlet temperature is greater than the upper critical threshold."
"Warning","Sun Nov 20 2016 12:05:21","The system inlet temperature is greater than the upper warning threshold."
"Normal","Sun Nov 20 2016 12:05:56","The system inlet temperature is within range."
"Warning","Mon Nov 21 2016 09:40:25","The system inlet temperature is greater than the upper warning threshold."
"Normal","Mon Nov 21 2016 09:56:41","The system inlet temperature is within range."
"Warning","Mon Nov 21 2016 10:00:54","The system inlet temperature is greater than the upper warning threshold."
"Normal","Mon Nov 21 2016 10:02:03","The system inlet temperature is within range."
"Warning","Mon Aug 28 2017 17:51:20","The system inlet temperature is greater than the upper warning threshold."
"Critical","Mon Aug 28 2017 18:10:21","The system inlet temperature is greater than the upper critical threshold."
"Warning","Mon Aug 28 2017 18:51:17","The system inlet temperature is greater than the upper warning threshold."
"Normal","Mon Aug 28 2017 18:54:30","The system inlet temperature is within range."
"Critical","Tue Aug 29 2017 22:27:37","The power input for power supply 2 is lost."
"Critical","Tue Aug 29 2017 22:27:37","Power supply redundancy is lost."
"Warning","Mon Sep 11 2017 11:57:56","The system inlet temperature is greater than the upper warning threshold."
"Normal","Mon Sep 11 2017 12:06:37","The system inlet temperature is within range."
"Warning","Mon Sep 11 2017 12:07:08","The system inlet temperature is greater than the upper warning threshold."
"Normal","Mon Sep 11 2017 12:23:52","The system inlet temperature is within range."
"Warning","Mon Sep 11 2017 12:24:19","The system inlet temperature is greater than the upper warning threshold."
"Normal","Mon Sep 11 2017 12:29:53","The system inlet temperature is within range."
"Critical","Mon Sep 18 2017 22:11:49","Power supply redundancy is lost."
"Critical","Mon Sep 18 2017 22:11:49","The power input for power supply 2 is lost."
"Critical","Sat Dec 16 2017 10:08:47","The power input for power supply 2 is lost."
"Critical","Sat Dec 16 2017 10:08:47","Power supply redundancy is lost."
"Normal","Thu Feb 22 2018 13:43:06","The power supplies are redundant."
"Critical","Sun May 20 2018 17:26:44","The power input for power supply 2 is lost."
"Critical","Sun May 20 2018 17:26:44","Power supply redundancy is lost."
"Normal","Mon May 21 2018 12:46:38","The input power for power supply 2 has been restored."
"Normal","Mon May 21 2018 12:46:43","The power supplies are redundant."
"Critical","Wed Jun 06 2018 13:49:47","The power input for power supply 2 is lost."
"Critical","Wed Jun 06 2018 13:49:47","Power supply redundancy is lost."
"Normal","Wed Jun 06 2018 15:50:37","The input power for power supply 2 has been restored."
"Normal","Wed Jun 06 2018 15:50:48","The power supplies are redundant."
"Critical","Wed Jun 06 2018 16:05:57","Power supply redundancy is lost."
"Critical","Wed Jun 06 2018 16:06:02","The power input for power supply 2 is lost."
"Normal","Wed Jun 06 2018 16:11:03","The input power for power supply 2 has been restored."
"Normal","Wed Jun 06 2018 16:11:15","The power supplies are redundant."
"Critical","Fri May 03 2019 14:33:24","The power input for power supply 1 is lost."
"Critical","Fri May 03 2019 14:33:25","Power supply redundancy is lost."
"Normal","Sat May 04 2019 14:43:18","The input power for power supply 1 has been restored."
"Normal","Sat May 04 2019 14:43:24","The power supplies are redundant."
"Critical","Tue May 21 2019 13:32:47","The power input for power supply 2 is lost."
"Critical","Tue May 21 2019 13:32:48","Power supply redundancy is lost."
"Normal","Tue May 21 2019 20:01:52","The input power for power supply 2 has been restored."
"Normal","Tue May 21 2019 20:01:57","The power supplies are redundant."
"Critical","Sat Jun 29 2019 12:26:45","Power supply redundancy is lost."
"Critical","Sat Jun 29 2019 12:26:45","The power input for power supply 2 is lost."
"Warning","Sat Jul 13 2019 18:46:42","Correctable memory error rate exceeded for DIMM_B4."
"Critical","Sat Jul 13 2019 18:47:19","CPU 2 machine check error detected."
"Normal","Sat Jul 13 2019 18:47:19","An OEM diagnostic event occurred."
"Normal","Sat Jul 13 2019 18:47:19","An OEM diagnostic event occurred."
"Normal","Sat Jul 13 2019 18:47:19","An OEM diagnostic event occurred."
"Normal","Sat Jul 13 2019 18:47:19","An OEM diagnostic event occurred."
"Critical","Sat Jul 13 2019 18:47:19","Multi-bit memory errors detected on a memory device at location(s) DIMM_B4."
"Normal","Sat Jul 13 2019 18:47:19","An OEM diagnostic event occurred."
"Normal","Sat Jul 13 2019 18:47:19","An OEM diagnostic event occurred."
"Normal","Sat Jul 13 2019 18:47:19","An OEM diagnostic event occurred."
"Normal","Sat Jul 13 2019 18:47:19","An OEM diagnostic event occurred."
"Warning","Sat Jul 13 2019 19:03:27","Correctable memory error rate exceeded for DIMM_B4."
"Critical","Sat Jul 13 2019 19:03:28","Correctable memory error rate exceeded for DIMM_B4."
"Critical","Sat Jul 13 2019 19:04:03","CPU 2 machine check error detected."
"Normal","Sat Jul 13 2019 19:04:03","An OEM diagnostic event occurred."
"Normal","Sat Jul 13 2019 19:04:03","An OEM diagnostic event occurred."
"Normal","Sat Jul 13 2019 19:04:03","An OEM diagnostic event occurred."
"Normal","Sat Jul 13 2019 19:04:04","An OEM diagnostic event occurred."
"Critical","Sat Jul 13 2019 19:10:50","CPU 2 machine check error detected."
"Normal","Sat Jul 13 2019 19:10:50","An OEM diagnostic event occurred."
"Normal","Sat Jul 13 2019 19:10:51","An OEM diagnostic event occurred."
"Normal","Sat Jul 13 2019 19:10:51","An OEM diagnostic event occurred."
"Normal","Sat Jul 13 2019 19:10:51","An OEM diagnostic event occurred."
"Critical","Sat Jul 13 2019 19:17:48","CPU 2 machine check error detected."
"Normal","Sat Jul 13 2019 19:17:49","An OEM diagnostic event occurred."
"Normal","Sat Jul 13 2019 19:17:49","An OEM diagnostic event occurred."
"Normal","Sat Jul 13 2019 19:17:49","An OEM diagnostic event occurred."
"Normal","Sat Jul 13 2019 19:17:49","An OEM diagnostic event occurred."
"Critical","Sat Jul 13 2019 19:22:10","CPU 2 machine check error detected."
"Normal","Sat Jul 13 2019 19:22:11","An OEM diagnostic event occurred."
"Normal","Sat Jul 13 2019 19:22:11","An OEM diagnostic event occurred."
"Normal","Sat Jul 13 2019 19:22:11","An OEM diagnostic event occurred."
"Normal","Sat Jul 13 2019 19:22:11","An OEM diagnostic event occurred."
"Warning","Sat Jul 13 2019 19:26:21","Correctable memory error rate exceeded for DIMM_B4."
"Critical","Sat Jul 13 2019 19:26:22","Correctable memory error rate exceeded for DIMM_B4."
"Critical","Mon Jul 15 2019 15:09:40","The system halted because system power exceeds capacity."
"Critical","Thu Jul 18 2019 20:05:50","Fault detected on drive 5 in disk drive bay 1."
"Critical","Tue Jul 23 2019 14:17:42","The chassis is open while the power is off."
"Normal","Tue Jul 23 2019 14:17:47","The chassis is closed while the power is off."
"Normal","Tue Jul 23 2019 14:17:57","The power supplies are redundant."
"Critical","Tue Jul 23 2019 14:19:03","Fault detected on drive 5 in disk drive bay 1."
"Critical","Wed Jul 24 2019 15:00:14","Drive 5 is removed from disk drive bay 1."
"Normal","Wed Jul 24 2019 15:00:14","Drive 5 in disk drive bay 1 is operating normally."
"Normal","Wed Jul 24 2019 15:02:31","Drive 5 is installed in disk drive bay 1."
"Critical","Sun Jul 28 2019 06:40:41","The power input for power supply 1 is lost."
"Critical","Sun Jul 28 2019 06:40:43","Power supply redundancy is lost."
"Critical","Fri Nov 08 2019 00:55:36","Fault detected on drive 3 in disk drive bay 1."
"Critical","Fri Nov 22 2019 12:00:31","Drive 3 is removed from disk drive bay 1."
"Normal","Fri Nov 22 2019 12:00:31","Drive 3 in disk drive bay 1 is operating normally."
"Normal","Fri Nov 22 2019 12:08:05","Drive 3 is installed in disk drive bay 1."
