Server,Severity,Date/Time,Description
server03,Normal,Fri Dec 20 2013 20:23:40,Log cleared.
server03,Critical,Thu Feb 13 2014 15:42:40,Power supply redundancy is lost.
server03,Critical,Mon Mar 31 2014 14:25:00,The power input for power supply 2 is lost.
server03,Critical,Mon Mar 31 2014 14:25:10,Power supply redundancy is lost.
server03,Normal,Mon Mar 31 2014 13:28:44,The input power for power supply 2 has been restored.
server03,Normal,Mon Mar 31 2014 13:28:49,The power supplies are redundant.
server03,Critical,Mon Mar 31 2014 14:05:54,The power input for power supply 1 is lost.
server03,Critical,Mon Mar 31 2014 14:06:00,Power supply redundancy is lost.
server03,Normal,Mon Mar 31 2014 14:06:14,The input power for power supply 1 has been restored.
server03,Normal,Mon Mar 31 2014 14:06:20,The power supplies are redundant.
server03,Critical,Mon Mar 31 2014 14:07:30,The power input for power supply 2 is lost.
server03,Critical,Mon Mar 31 2014 14:07:40,Power supply redundancy is lost.
server03,Normal,Mon Mar 31 2014 14:07:50,The input power for power supply 2 has been restored.
server03,Normal,Mon Mar 31 2014 14:07:56,The power supplies are redundant.
server03,Critical,Mon Mar 31 2014 14:16:01,The power input for power supply 2 is lost.
server03,Critical,Mon Mar 31 2014 14:16:11,Power supply redundancy is lost.
server03,Normal,Mon Mar 31 2014 14:17:36,The input power for power supply 2 has been restored.
server03,Normal,Mon Mar 31 2014 14:17:41,The power supplies are redundant.
server03,Critical,Tue Apr 01 2014 22:15:00,Power supply redundancy is lost.
server03,Critical,Tue Apr 01 2014 22:15:00,The power input for power supply 2 is lost.
server03,Critical,Mon Apr 07 2014 21:20:42,Power supply redundancy is lost.
server03,Critical,Mon Apr 07 2014 21:20:42,The power input for power supply 2 is lost.
server03,Critical,Mon Apr 14 2014 10:49:38,Power supply redundancy is lost.
server03,Critical,Mon Apr 14 2014 10:49:38,The power input for power supply 2 is lost.
server03,Normal,Tue Apr 15 2014 13:18:51,The input power for power supply 2 has been restored.
server03,Normal,Tue Apr 15 2014 13:19:00,The power supplies are redundant.
server03,Warning,Mon Apr 21 2014 06:33:22,The system inlet temperature is greater than the upper warning threshold.
server03,Critical,Mon Apr 21 2014 06:53:48,The system inlet temperature is greater than the upper critical threshold.
server03,Warning,Mon Apr 21 2014 09:00:38,The temperature for power supply 2 is in a warning range.
server03,Critical,Mon Apr 21 2014 09:01:06,The PERC1 battery has failed.
server03,Warning,Mon Apr 21 2014 09:04:30,The temperature for power supply 1 is in a warning range.
server03,Normal,Mon Apr 21 2014 09:09:52,The PERC1 battery is operating normally.
server03,Critical,Mon Apr 21 2014 10:13:31,The system board PS2 PG Fail voltage is outside of range.
server03,Critical,Mon Apr 21 2014 10:13:32,The temperature for power supply 2 is outside of range.
server03,Critical,Mon Apr 21 2014 10:13:36,Power supply redundancy is lost.
server03,Critical,Mon Apr 21 2014 10:13:48,The temperature for power supply 1 is outside of range.
server03,Critical,Mon Apr 21 2014 10:14:00,The system board PS1 PG Fail voltage is outside of range.
server03,Normal,Mon Apr 21 2014 10:14:00,Power supply 1 is operating normally.
server03,Normal,Mon Apr 21 2014 10:14:00,Power supply 1 is operating normally.
server03,Normal,Mon Apr 21 2014 10:14:01,Power supply 2 is operating normally.
server03,Critical,Mon Apr 21 2014 10:18:57,The temperature for power supply 1 is outside of range.
server03,Normal,Mon Apr 21 2014 10:19:12,Power supply 1 is operating normally.
server03,Critical,Mon Apr 21 2014 10:24:06,The temperature for power supply 1 is outside of range.
server03,Normal,Mon Apr 21 2014 10:24:22,Power supply 1 is operating normally.
server03,Critical,Mon Apr 21 2014 10:29:14,The temperature for power supply 1 is outside of range.
server03,Normal,Mon Apr 21 2014 10:29:28,Power supply 1 is operating normally.
server03,Critical,Mon Apr 21 2014 10:34:23,The temperature for power supply 1 is outside of range.
server03,Normal,Mon Apr 21 2014 10:34:39,Power supply 1 is operating normally.
server03,Critical,Mon Apr 21 2014 10:44:40,The temperature for power supply 1 is outside of range.
server03,Normal,Mon Apr 21 2014 10:44:56,Power supply 1 is operating normally.
server03,Critical,Mon Apr 21 2014 10:49:47,The temperature for power supply 1 is outside of range.
server03,Normal,Mon Apr 21 2014 10:50:02,Power supply 1 is operating normally.
server03,Critical,Mon Apr 21 2014 10:54:55,The temperature for power supply 1 is outside of range.
server03,Normal,Mon Apr 21 2014 10:55:12,Power supply 1 is operating normally.
server03,Critical,Mon Apr 21 2014 11:00:04,The temperature for power supply 1 is outside of range.
server03,Normal,Mon Apr 21 2014 11:00:17,Power supply 1 is operating normally.
server03,Critical,Mon Apr 21 2014 11:05:13,The temperature for power supply 1 is outside of range.
server03,Normal,Mon Apr 21 2014 11:05:27,Power supply 1 is operating normally.
server03,Critical,Mon Apr 21 2014 11:10:21,The temperature for power supply 1 is outside of range.
server03,Normal,Mon Apr 21 2014 11:10:38,Power supply 1 is operating normally.
server03,Warning,Mon Apr 21 2014 11:11:04,A predictive failure detected on power supply 2.
server03,Critical,Mon Apr 21 2014 11:15:29,The temperature for power supply 1 is outside of range.
server03,Normal,Mon Apr 21 2014 11:15:43,Power supply 1 is operating normally.
server03,Normal,Mon Apr 21 2014 11:15:44,Power supply 2 is operating normally.
server03,Critical,Mon Apr 21 2014 11:20:38,The temperature for power supply 1 is outside of range.
server03,Normal,Mon Apr 21 2014 11:20:53,Power supply 1 is operating normally.
server03,Warning,Mon Apr 21 2014 11:20:54,A predictive failure detected on power supply 2.
server03,Warning,Mon Apr 21 2014 11:21:02,The temperature for power supply 1 is in a warning range.
server03,Normal,Mon Apr 21 2014 11:25:58,Power supply 1 is operating normally.
server03,Warning,Mon Apr 21 2014 11:25:58,The temperature for power supply 1 is in a warning range.
server03,Normal,Mon Apr 21 2014 11:25:59,Power supply 2 is operating normally.
server03,Warning,Mon Apr 21 2014 11:26:19,A predictive failure detected on power supply 2.
server03,Critical,Mon Apr 21 2014 11:30:54,The temperature for power supply 1 is outside of range.
server03,Normal,Mon Apr 21 2014 11:31:08,Power supply 1 is operating normally.
server03,Normal,Mon Apr 21 2014 11:31:08,Power supply 1 is operating normally.
server03,Normal,Mon Apr 21 2014 11:31:09,Power supply 2 is operating normally.
server03,Critical,Mon Apr 21 2014 11:33:50,The temperature for power supply 1 is outside of range.
server03,Warning,Mon Apr 21 2014 11:33:53,A predictive failure detected on power supply 1.
server03,Warning,Mon Apr 21 2014 13:02:14,The system inlet temperature is greater than the upper warning threshold.
server03,Critical,Mon Apr 21 2014 13:02:14,The system inlet temperature is greater than the upper critical threshold.
server03,Critical,Mon Apr 21 2014 13:02:21,Power supply redundancy is lost.
server03,Critical,Mon Apr 21 2014 13:02:28,The power input for power supply 1 is lost.
server03,Warning,Mon Apr 21 2014 13:06:29,The temperature for power supply 2 is in a warning range.
server03,Normal,Mon Apr 21 2014 13:17:09,Power supply 2 is operating normally.
server03,Warning,Mon Apr 21 2014 13:54:02,The system inlet temperature is greater than the upper warning threshold.
server03,Normal,Mon Apr 21 2014 14:16:25,The system inlet temperature is within range.
server03,Critical,Fri Apr 25 2014 19:33:52,The power input for power supply 1 is lost.
server03,Critical,Fri Apr 25 2014 19:33:53,Power supply redundancy is lost.
server03,Critical,Mon Apr 28 2014 22:26:07,The power input for power supply 1 is lost.
server03,Critical,Mon Apr 28 2014 22:26:08,Power supply redundancy is lost.
server03,Normal,Mon Apr 28 2014 22:58:45,The input power for power supply 1 has been restored.
server03,Normal,Mon Apr 28 2014 22:58:57,The power supplies are redundant.
server03,Critical,Wed Apr 30 2014 19:33:12,The power input for power supply 1 is lost.
server03,Critical,Wed Apr 30 2014 19:33:13,Power supply redundancy is lost.
server03,Normal,Mon May 05 2014 18:03:45,The input power for power supply 1 has been restored.
server03,Normal,Mon May 05 2014 18:03:51,The power supplies are redundant.
server03,Critical,Mon May 05 2014 18:38:37,The power input for power supply 1 is lost.
server03,Critical,Mon May 05 2014 18:38:38,Power supply redundancy is lost.
server03,Normal,Mon May 05 2014 18:50:32,The input power for power supply 1 has been restored.
server03,Normal,Mon May 05 2014 18:50:38,The power supplies are redundant.
server03,Critical,Mon May 05 2014 23:04:42,Power supply redundancy is lost.
server03,Critical,Mon May 05 2014 23:04:46,The power input for power supply 1 is lost.
server03,Normal,Tue May 06 2014 13:08:48,The input power for power supply 1 has been restored.
server03,Normal,Tue May 06 2014 13:08:55,The power supplies are redundant.
server03,Critical,Tue May 06 2014 13:29:56,The power input for power supply 1 is lost.
server03,Critical,Tue May 06 2014 13:29:57,Power supply redundancy is lost.
server03,Normal,Tue May 06 2014 13:30:01,The input power for power supply 1 has been restored.
server03,Normal,Tue May 06 2014 13:30:07,The power supplies are redundant.
server03,Critical,Tue May 06 2014 13:31:51,Power supply 1 is incorrectly configured.
server03,Critical,Tue May 06 2014 13:31:52,Power supply redundancy is lost.
server03,Critical,Tue May 06 2014 13:31:55,The system board PS1 PG Fail voltage is outside of range.
server03,Warning,Fri Jul 25 2014 09:55:55,Correctable memory error rate exceeded for DIMM_B1.
server03,Critical,Sat Jul 26 2014 01:40:47,Correctable memory error rate exceeded for DIMM_B1.
server03,Warning,Tue Aug 12 2014 20:32:11,Correctable memory error rate exceeded for DIMM_B1.
server03,Critical,Wed Aug 13 2014 23:16:00,Correctable memory error rate exceeded for DIMM_B1.
server03,Warning,Sat Aug 23 2014 00:00:48,Correctable memory error rate exceeded for DIMM_B1.
server03,Critical,Sat Aug 23 2014 08:24:54,Correctable memory error rate exceeded for DIMM_B1.
server03,Warning,Mon Sep 15 2014 17:56:30,The system inlet temperature is greater than the upper warning threshold.
server03,Critical,Mon Sep 15 2014 18:13:24,The system inlet temperature is greater than the upper critical threshold.
server03,Warning,Mon Sep 15 2014 18:24:20,The system inlet temperature is greater than the upper warning threshold.
server03,Normal,Mon Sep 15 2014 18:28:45,The system inlet temperature is within range.
server03,Warning,Mon Sep 15 2014 18:29:21,The system inlet temperature is greater than the upper warning threshold.
server03,Critical,Mon Sep 15 2014 18:54:26,The system inlet temperature is greater than the upper critical threshold.
server03,Warning,Mon Sep 15 2014 19:07:31,The system inlet temperature is greater than the upper warning threshold.
server03,Normal,Mon Sep 15 2014 19:17:15,The system inlet temperature is within range.
server03,Warning,Mon Sep 15 2014 19:52:55,The system inlet temperature is greater than the upper warning threshold.
server03,Normal,Mon Sep 15 2014 19:56:12,The system inlet temperature is within range.
server03,Warning,Wed Sep 17 2014 19:06:02,Correctable memory error rate exceeded for DIMM_B1.
server03,Critical,Wed Sep 17 2014 23:32:20,Correctable memory error rate exceeded for DIMM_B1.
server03,Critical,Tue Sep 23 2014 12:55:02,The chassis is open while the power is off.
server03,Normal,Tue Sep 23 2014 12:57:23,The chassis is closed while the power is off.
server03,Warning,Wed Sep 24 2014 01:11:15,Correctable memory error rate exceeded for DIMM_A1.
server03,Critical,Wed Sep 24 2014 08:52:25,Correctable memory error rate exceeded for DIMM_A1.
server03,Critical,Mon Oct 06 2014 14:13:23,The chassis is open while the power is off.
server03,Normal,Mon Oct 06 2014 14:18:09,The chassis is closed while the power is off.
server03,Warning,Sun Nov 09 2014 20:04:57,The system inlet temperature is greater than the upper warning threshold.
server03,Critical,Sun Nov 09 2014 20:23:48,The system inlet temperature is greater than the upper critical threshold.
server03,Critical,Sun Nov 09 2014 21:21:21,Power supply redundancy is lost.
server03,Critical,Sun Nov 09 2014 21:21:21,The power input for power supply 2 is lost.
server03,Warning,Mon Nov 24 2014 03:01:14,The system inlet temperature is greater than the upper warning threshold.
server03,Critical,Mon Nov 24 2014 03:18:56,The system inlet temperature is greater than the upper critical threshold.
server03,Critical,Mon Nov 24 2014 03:54:47,Power supply redundancy is lost.
server03,Critical,Mon Nov 24 2014 03:54:51,The power input for power supply 1 is lost.
server03,Warning,Mon Nov 24 2014 04:05:34,The system inlet temperature is greater than the upper warning threshold.
server03,Normal,Mon Nov 24 2014 04:08:46,The system inlet temperature is within range.
server03,Warning,Mon Nov 24 2014 04:08:50,The system inlet temperature is greater than the upper warning threshold.
server03,Normal,Mon Nov 24 2014 04:09:42,The system inlet temperature is within range.
server03,Warning,Mon Nov 24 2014 04:10:13,The system inlet temperature is greater than the upper warning threshold.
server03,Normal,Mon Nov 24 2014 04:10:36,The system inlet temperature is within range.
server03,Normal,Mon Nov 24 2014 12:36:15,The input power for power supply 1 has been restored.
server03,Normal,Mon Nov 24 2014 12:36:21,The power supplies are redundant.
server03,Warning,Tue Feb 03 2015 00:51:44,The system inlet temperature is greater than the upper warning threshold.
server03,Critical,Tue Feb 03 2015 01:07:00,The system inlet temperature is greater than the upper critical threshold.
server03,Critical,Tue Feb 03 2015 02:12:05,The power input for power supply 2 is lost.
server03,Critical,Tue Feb 03 2015 02:12:06,Power supply redundancy is lost.
server03,Warning,Sat Mar 14 2015 22:04:48,The system inlet temperature is greater than the upper warning threshold.
server03,Critical,Sat Mar 14 2015 22:19:55,The system inlet temperature is greater than the upper critical threshold.
server03,Critical,Sat Mar 14 2015 23:24:24,The power input for power supply 2 is lost.
server03,Critical,Sat Mar 14 2015 23:24:24,Power supply redundancy is lost.
server03,Warning,Fri Jun 05 2015 20:33:30,The system inlet temperature is greater than the upper warning threshold.
server03,Critical,Fri Jun 05 2015 20:49:55,The system inlet temperature is greater than the upper critical threshold.
server03,Warning,Fri Jun 05 2015 21:07:04,The system inlet temperature is greater than the upper warning threshold.
server03,Normal,Fri Jun 05 2015 21:12:05,The system inlet temperature is within range.
server03,Warning,Thu Aug 27 2015 11:12:46,The system inlet temperature is greater than the upper warning threshold.
server03,Critical,Thu Aug 27 2015 11:33:30,The system inlet temperature is greater than the upper critical threshold.
server03,Warning,Thu Aug 27 2015 12:11:36,The system inlet temperature is greater than the upper warning threshold.
server03,Normal,Thu Aug 27 2015 12:13:22,The system inlet temperature is within range.
server03,Warning,Thu Aug 27 2015 12:13:24,The system inlet temperature is greater than the upper warning threshold.
server03,Normal,Thu Aug 27 2015 12:14:02,The system inlet temperature is within range.
server03,Warning,Thu Aug 27 2015 12:14:15,The system inlet temperature is greater than the upper warning threshold.
server03,Normal,Thu Aug 27 2015 12:14:22,The system inlet temperature is within range.
server03,Critical,Thu Jun 02 2016 20:19:28,Power supply redundancy is lost.
server03,Critical,Thu Jun 02 2016 20:19:29,The power input for power supply 2 is lost.
server03,Warning,Sat Sep 03 2016 12:16:43,The system inlet temperature is greater than the upper warning threshold.
server03,Normal,Sat Sep 03 2016 12:23:27,The system inlet temperature is within range.
server03,Warning,Mon Oct 31 2016 05:30:15,The system inlet temperature is greater than the upper warning threshold.
server03,Normal,Mon Oct 31 2016 05:43:13,The system inlet temperature is within range.
server03,Warning,Sat Nov 12 2016 14:29:05,The system inlet temperature is greater than the upper warning threshold.
server03,Normal,Sat Nov 12 2016 14:31:19,The system inlet temperature is within range.
server03,Warning,Sun Nov 20 2016 11:06:37,The system inlet temperature is greater than the upper warning threshold.
server03,Critical,Sun Nov 20 2016 11:24:33,The system inlet temperature is greater than the upper critical threshold.
server03,Warning,Sun Nov 20 2016 12:05:45,The system inlet temperature is greater than the upper warning threshold.
server03,Normal,Sun Nov 20 2016 12:06:17,The system inlet temperature is within range.
server03,Warning,Mon Nov 21 2016 09:14:03,The system inlet temperature is greater than the upper warning threshold.
server03,Critical,Mon Nov 21 2016 09:33:12,The system inlet temperature is greater than the upper critical threshold.
server03,Warning,Mon Nov 21 2016 09:57:02,The system inlet temperature is greater than the upper warning threshold.
server03,Normal,Mon Nov 21 2016 10:02:21,The system inlet temperature is within range.
server03,Warning,Mon Aug 28 2017 17:55:43,The system inlet temperature is greater than the upper warning threshold.
server03,Critical,Mon Aug 28 2017 18:11:51,The system inlet temperature is greater than the upper critical threshold.
server03,Warning,Mon Aug 28 2017 18:44:06,The system inlet temperature is greater than the upper warning threshold.
server03,Critical,Mon Aug 28 2017 18:46:59,The system inlet temperature is greater than the upper critical threshold.
server03,Warning,Mon Aug 28 2017 19:08:04,The system inlet temperature is greater than the upper warning threshold.
server03,Normal,Mon Aug 28 2017 19:21:28,The system inlet temperature is within range.
server03,Critical,Tue Aug 29 2017 22:27:53,The power input for power supply 1 is lost.
server03,Critical,Tue Aug 29 2017 22:27:55,Power supply redundancy is lost.
server03,Warning,Fri Sep 08 2017 20:27:22,The system inlet temperature is greater than the upper warning threshold.
server03,Normal,Sat Sep 09 2017 06:13:00,The system inlet temperature is within range.
server03,Warning,Sat Sep 09 2017 13:59:55,The system inlet temperature is greater than the upper warning threshold.
server03,Normal,Sat Sep 09 2017 20:24:18,The system inlet temperature is within range.
server03,Warning,Sun Sep 10 2017 18:55:04,The system inlet temperature is greater than the upper warning threshold.
server03,Normal,Mon Sep 11 2017 12:25:39,The system inlet temperature is within range.
server03,Critical,Mon Sep 18 2017 22:12:08,The power input for power supply 1 is lost.
server03,Critical,Mon Sep 18 2017 22:12:10,Power supply redundancy is lost.
server03,Normal,Wed Nov 01 2017 18:06:59,The power supplies are redundant.
server03,Critical,Thu Nov 09 2017 20:34:30,Fault detected on drive 5 in disk drive bay 1.
server03,Critical,Thu Nov 09 2017 20:34:31,Drive 5 is removed from disk drive bay 1.
server03,Normal,Thu Nov 09 2017 20:34:36,Drive 5 in disk drive bay 1 is operating normally.
server03,Normal,Thu Nov 09 2017 20:38:06,Drive 5 is installed in disk drive bay 1.
server03,Critical,Sat Dec 16 2017 11:06:34,The power input for power supply 2 is lost.
server03,Critical,Sat Dec 16 2017 11:06:35,Power supply redundancy is lost.
server03,Critical,Thu Dec 21 2017 13:19:19,The power input for power supply 1 is lost.
server03,Critical,Thu Dec 21 2017 13:19:21,Power supply redundancy is lost.
server03,Normal,Thu Dec 21 2017 13:19:44,The input power for power supply 1 has been restored.
server03,Normal,Thu Dec 21 2017 13:19:51,The power supplies are redundant.
server03,Critical,Thu Dec 21 2017 13:21:42,The power input for power supply 1 is lost.
server03,Critical,Thu Dec 21 2017 13:21:43,Power supply redundancy is lost.
server03,Normal,Thu Dec 21 2017 13:22:22,The input power for power supply 1 has been restored.
server03,Normal,Thu Dec 21 2017 13:22:29,The power supplies are redundant.
server03,Normal,Mon Apr 16 2018 11:28:51,The power supplies are redundant.
server03,Critical,Sun May 20 2018 17:26:42,Power supply redundancy is lost.
server03,Critical,Sun May 20 2018 17:26:46,The power input for power supply 1 is lost.
server03,Normal,Mon May 21 2018 12:46:39,The input power for power supply 1 has been restored.
server03,Normal,Mon May 21 2018 12:46:45,The power supplies are redundant.
server03,Critical,Wed Jun 06 2018 13:49:43,The power input for power supply 1 is lost.
server03,Critical,Wed Jun 06 2018 13:49:44,Power supply redundancy is lost.
server03,Normal,Wed Jun 06 2018 15:50:34,The input power for power supply 1 has been restored.
server03,Normal,Wed Jun 06 2018 15:50:41,The power supplies are redundant.
server03,Critical,Wed Jun 06 2018 16:05:57,The power input for power supply 1 is lost.
server03,Critical,Wed Jun 06 2018 16:05:58,Power supply redundancy is lost.
server03,Normal,Wed Jun 06 2018 16:10:59,The input power for power supply 1 has been restored.
server03,Normal,Wed Jun 06 2018 16:11:06,The power supplies are redundant.
server03,Critical,Fri May 03 2019 14:27:34,Power supply redundancy is lost.
server03,Critical,Fri May 03 2019 14:27:43,The power input for power supply 1 is lost.
server03,Normal,Sat May 04 2019 14:42:14,The input power for power supply 1 has been restored.
server03,Normal,Sat May 04 2019 14:42:25,The power supplies are redundant.
server03,Critical,Tue May 21 2019 13:32:50,The power input for power supply 2 is lost.
server03,Critical,Tue May 21 2019 13:32:50,Power supply redundancy is lost.
server03,Normal,Tue May 21 2019 20:01:53,The input power for power supply 2 has been restored.
server03,Normal,Tue May 21 2019 20:01:58,The power supplies are redundant.
server03,Warning,Sun Jul 28 2019 06:40:19,The system inlet temperature is greater than the upper warning threshold.
server03,Critical,Sun Jul 28 2019 06:40:28,The power input for power supply 1 is lost.
server03,Critical,Sun Jul 28 2019 06:40:29,Power supply redundancy is lost.
server03,Critical,Tue Nov 26 2019 04:21:35,Fault detected on drive 4 in disk drive bay 1.
server03,Normal,Fri Nov 29 2019 19:25:33,Drive 4 in disk drive bay 1 is operating normally.
server03,Critical,Fri Nov 29 2019 20:37:51,Fault detected on drive 4 in disk drive bay 1.
server03,Critical,Fri Dec 06 2019 13:05:29,Drive 4 is removed from disk drive bay 1.
server03,Normal,Fri Dec 06 2019 13:05:29,Drive 4 in disk drive bay 1 is operating normally.
server03,Normal,Fri Dec 06 2019 13:08:35,Drive 4 is installed in disk drive bay 1.
server03,Critical,Fri Dec 06 2019 20:19:17,Drive 6 is removed from disk drive bay 1.
server03,Normal,Fri Dec 06 2019 20:21:22,Drive 6 is installed in disk drive bay 1.
