"Normal","Fri Dec 20 2013 16:02:08","Log cleared."
"Critical","Fri Feb 14 2014 00:45:03","Power supply redundancy is lost."
"Critical","Fri Feb 14 2014 00:45:08","The power input for power supply 2 is lost."
"Critical","Fri Feb 14 2014 00:50:04","The power input for power supply 2 is lost."
"Critical","Fri Feb 14 2014 00:50:05","Power supply redundancy is lost."
"Critical","Mon Mar 31 2014 16:18:35","The power input for power supply 1 is lost."
"Critical","Mon Mar 31 2014 16:18:42","Power supply redundancy is lost."
"Critical","Mon Mar 31 2014 19:10:42","The power input for power supply 1 is lost."
"Critical","Mon Mar 31 2014 18:10:45","Power supply redundancy is lost."
"Critical","Mon Apr 07 2014 21:46:10","Power supply redundancy is lost."
"Critical","Mon Apr 07 2014 21:46:18","The power input for power supply 1 is lost."
"Critical","Mon Apr 14 2014 10:50:21","The power input for power supply 1 is lost."
"Critical","Mon Apr 14 2014 10:50:23","Power supply redundancy is lost."
"Critical","Tue Apr 15 2014 16:24:31","Power supply redundancy is lost."
"Critical","Tue Apr 15 2014 16:24:35","The power input for power supply 1 is lost."
"Critical","Tue Apr 15 2014 16:46:30","Power supply redundancy is lost."
"Critical","Tue Apr 15 2014 16:46:33","The power input for power supply 1 is lost."
"Normal","Tue Apr 15 2014 17:41:47","The input power for power supply 1 has been restored."
"Normal","Tue Apr 15 2014 17:41:53","The power supplies are redundant."
"Critical","Wed Apr 16 2014 12:42:41","Power supply redundancy is lost."
"Critical","Wed Apr 16 2014 12:42:41","The power input for power supply 2 is lost."
"Normal","Fri Apr 18 2014 19:03:06","The power supplies are redundant."
"Normal","Fri Apr 18 2014 19:03:06","The input power for power supply 2 has been restored."
"Critical","Fri Apr 18 2014 19:04:26","Power supply redundancy is lost."
"Critical","Fri Apr 18 2014 19:04:26","The power input for power supply 2 is lost."
"Critical","Fri Apr 18 2014 19:51:20","Power supply redundancy is lost."
"Critical","Fri Apr 18 2014 19:51:21","The power input for power supply 2 is lost."
"Critical","Fri Apr 18 2014 19:53:45","Power supply redundancy is lost."
"Critical","Fri Apr 18 2014 19:53:46","The power input for power supply 2 is lost."
"Warning","Mon Apr 21 2014 06:56:33","The system inlet temperature is greater than the upper warning threshold."
"Critical","Mon Apr 21 2014 07:19:52","The system inlet temperature is greater than the upper critical threshold."
"Warning","Mon Apr 21 2014 11:00:34","The temperature for power supply 1 is in a warning range."
"Critical","Mon Apr 21 2014 11:28:53","The PERC1 battery has failed."
"Normal","Mon Apr 21 2014 11:29:58","The PERC1 battery is operating normally."
"Normal","Mon Apr 21 2014 12:18:16","Power supply 1 is operating normally."
"Warning","Mon Apr 21 2014 12:56:43","The system inlet temperature is greater than the upper warning threshold."
"Critical","Mon Apr 21 2014 12:56:43","The system inlet temperature is greater than the upper critical threshold."
"Critical","Mon Apr 21 2014 12:56:46","Power supply redundancy is lost."
"Critical","Mon Apr 21 2014 12:56:46","The power input for power supply 2 is lost."
"Warning","Mon Apr 21 2014 13:46:28","The system inlet temperature is greater than the upper warning threshold."
"Normal","Mon Apr 21 2014 14:03:34","The system inlet temperature is within range."
"Critical","Tue Apr 22 2014 18:32:45","Power supply redundancy is lost."
"Critical","Tue Apr 22 2014 18:32:45","The power input for power supply 2 is lost."
"Critical","Mon Apr 28 2014 22:26:56","Power supply redundancy is lost."
"Critical","Mon Apr 28 2014 22:27:01","The power input for power supply 2 is lost."
"Critical","Wed May 14 2014 15:31:41","Power supply redundancy is lost."
"Critical","Wed May 14 2014 15:31:47","The power input for power supply 2 is lost."
"Critical","Thu Jul 10 2014 20:55:46","Power supply redundancy is lost."
"Critical","Thu Jul 10 2014 20:55:52","The power input for power supply 2 is lost."
"Critical","Sat Aug 02 2014 01:24:03","The power input for power supply 2 is lost."
"Critical","Sat Aug 02 2014 01:24:03","Power supply redundancy is lost."
"Critical","Fri Aug 08 2014 20:30:46","The power input for power supply 2 is lost."
"Critical","Fri Aug 08 2014 20:30:46","Power supply redundancy is lost."
"Critical","Tue Aug 19 2014 15:46:59","Power supply redundancy is lost."
"Critical","Tue Aug 19 2014 15:47:05","The power input for power supply 2 is lost."
"Warning","Mon Sep 15 2014 18:34:55","The system inlet temperature is greater than the upper warning threshold."
"Critical","Mon Sep 15 2014 18:53:39","The system inlet temperature is greater than the upper critical threshold."
"Warning","Mon Sep 15 2014 19:12:00","The system inlet temperature is greater than the upper warning threshold."
"Normal","Mon Sep 15 2014 19:27:10","The system inlet temperature is within range."
"Normal","Fri Sep 26 2014 21:09:58","The input power for power supply 2 has been restored."
"Normal","Fri Sep 26 2014 21:10:03","The power supplies are redundant."
"Critical","Fri Sep 26 2014 21:29:09","Power supply redundancy is lost."
"Critical","Fri Sep 26 2014 21:29:09","The power input for power supply 2 is lost."
"Normal","Fri Sep 26 2014 21:29:34","The input power for power supply 2 has been restored."
"Normal","Fri Sep 26 2014 21:29:39","The power supplies are redundant."
"Critical","Sun Oct 19 2014 20:52:48","The system board PS1 PG Fail voltage is outside of range."
"Critical","Sun Oct 19 2014 20:52:48","Power supply 1 is incorrectly configured."
"Critical","Sun Oct 19 2014 20:52:49","Power supply redundancy is lost."
"Critical","Sun Oct 19 2014 21:00:14","The power input for power supply 1 is lost."
"Normal","Sun Oct 19 2014 21:00:15","Power supply 1 is correctly configured."
"Critical","Sun Oct 19 2014 21:01:00","Power supply 1 is incorrectly configured."
"Warning","Sun Nov 09 2014 20:49:44","The system inlet temperature is greater than the upper warning threshold."
"Normal","Sun Nov 09 2014 20:50:49","The system inlet temperature is within range."
"Warning","Sun Nov 09 2014 20:51:24","The system inlet temperature is greater than the upper warning threshold."
"Normal","Sun Nov 09 2014 21:00:49","The system inlet temperature is within range."
"Warning","Sun Nov 09 2014 21:00:57","The system inlet temperature is greater than the upper warning threshold."
"Critical","Sun Nov 09 2014 21:19:47","The system inlet temperature is greater than the upper critical threshold."
"Warning","Sun Nov 09 2014 21:20:23","The system inlet temperature is greater than the upper warning threshold."
"Critical","Sun Nov 09 2014 21:21:02","Power supply redundancy is lost."
"Critical","Sun Nov 09 2014 21:21:02","The power input for power supply 2 is lost."
"Critical","Sun Nov 09 2014 21:21:21","The system inlet temperature is greater than the upper critical threshold."
"Warning","Sun Nov 09 2014 21:22:15","The system inlet temperature is greater than the upper warning threshold."
"Critical","Sun Nov 09 2014 21:26:27","The system inlet temperature is greater than the upper critical threshold."
"Warning","Sun Nov 09 2014 21:26:37","The system inlet temperature is greater than the upper warning threshold."
"Critical","Sun Nov 09 2014 21:27:25","The system inlet temperature is greater than the upper critical threshold."
"Warning","Sun Nov 09 2014 21:27:44","The system inlet temperature is greater than the upper warning threshold."
"Warning","Mon Nov 24 2014 03:21:38","The system inlet temperature is greater than the upper warning threshold."
"Critical","Mon Nov 24 2014 03:42:06","The system inlet temperature is greater than the upper critical threshold."
"Critical","Mon Nov 24 2014 03:54:39","Power supply redundancy is lost."
"Critical","Mon Nov 24 2014 03:54:43","The power input for power supply 1 is lost."
"Warning","Mon Nov 24 2014 04:00:46","The system inlet temperature is greater than the upper warning threshold."
"Normal","Mon Nov 24 2014 04:05:14","The system inlet temperature is within range."
"Normal","Mon Nov 24 2014 12:36:05","The input power for power supply 1 has been restored."
"Normal","Mon Nov 24 2014 12:36:11","The power supplies are redundant."
"Warning","Tue Feb 03 2015 01:12:26","The system inlet temperature is greater than the upper warning threshold."
"Critical","Tue Feb 03 2015 01:35:02","The system inlet temperature is greater than the upper critical threshold."
"Critical","Tue Feb 03 2015 13:03:46","Power supply redundancy is lost."
"Critical","Tue Feb 03 2015 13:03:46","The power input for power supply 2 is lost."
"Normal","Tue Feb 03 2015 13:04:03","The input power for power supply 2 has been restored."
"Normal","Tue Feb 03 2015 13:04:08","The power supplies are redundant."
"Warning","Sat Mar 14 2015 22:24:39","The system inlet temperature is greater than the upper warning threshold."
"Critical","Sat Mar 14 2015 22:40:49","The system inlet temperature is greater than the upper critical threshold."
"Critical","Sat Mar 14 2015 23:23:52","Power supply redundancy is lost."
"Critical","Sat Mar 14 2015 23:23:52","The power input for power supply 2 is lost."
"Warning","Fri Jun 05 2015 21:07:14","The system inlet temperature is greater than the upper warning threshold."
"Normal","Fri Jun 05 2015 21:09:24","The system inlet temperature is within range."
"Warning","Thu Aug 27 2015 11:31:02","The system inlet temperature is greater than the upper warning threshold."
"Critical","Thu Aug 27 2015 12:00:38","The system inlet temperature is greater than the upper critical threshold."
"Warning","Thu Aug 27 2015 12:00:58","The system inlet temperature is greater than the upper warning threshold."
"Critical","Thu Aug 27 2015 12:01:57","The system inlet temperature is greater than the upper critical threshold."
"Warning","Thu Aug 27 2015 12:05:08","The system inlet temperature is greater than the upper warning threshold."
"Critical","Thu Aug 27 2015 12:06:27","The system inlet temperature is greater than the upper critical threshold."
"Warning","Thu Aug 27 2015 12:12:19","The system inlet temperature is greater than the upper warning threshold."
"Normal","Thu Aug 27 2015 12:18:22","The system inlet temperature is within range."
"Critical","Sun Sep 25 2016 13:22:35","The power input for power supply 1 is lost."
"Critical","Sun Sep 25 2016 13:22:37","Power supply redundancy is lost."
"Normal","Sun Sep 25 2016 13:24:57","The input power for power supply 1 has been restored."
"Normal","Sun Sep 25 2016 13:25:03","The power supplies are redundant."
"Warning","Sun Nov 20 2016 11:30:04","The system inlet temperature is greater than the upper warning threshold."
"Critical","Sun Nov 20 2016 11:52:06","The system inlet temperature is greater than the upper critical threshold."
"Warning","Sun Nov 20 2016 11:59:26","The system inlet temperature is greater than the upper warning threshold."
"Critical","Sun Nov 20 2016 12:00:55","The system inlet temperature is greater than the upper critical threshold."
"Warning","Sun Nov 20 2016 12:04:32","The system inlet temperature is greater than the upper warning threshold."
"Normal","Sun Nov 20 2016 12:06:42","The system inlet temperature is within range."
"Warning","Mon Nov 21 2016 09:39:23","The system inlet temperature is greater than the upper warning threshold."
"Normal","Mon Nov 21 2016 09:56:01","The system inlet temperature is within range."
"Warning","Mon Nov 21 2016 09:56:33","The system inlet temperature is greater than the upper warning threshold."
"Normal","Mon Nov 21 2016 10:02:23","The system inlet temperature is within range."
"Critical","Tue May 23 2017 06:20:55","Fault detected on drive 1 in disk drive bay 1."
"Critical","Sun Jul 23 2017 19:00:41","Fault detected on drive 1 in disk drive bay 1."
"Warning","Mon Aug 28 2017 17:55:20","The system inlet temperature is greater than the upper warning threshold."
"Critical","Mon Aug 28 2017 18:16:07","The system inlet temperature is greater than the upper critical threshold."
"Warning","Mon Aug 28 2017 18:17:04","The system inlet temperature is greater than the upper warning threshold."
"Critical","Mon Aug 28 2017 18:17:27","The system inlet temperature is greater than the upper critical threshold."
"Warning","Mon Aug 28 2017 18:23:34","The system inlet temperature is greater than the upper warning threshold."
"Critical","Mon Aug 28 2017 18:23:45","The system inlet temperature is greater than the upper critical threshold."
"Warning","Mon Aug 28 2017 18:25:24","The system inlet temperature is greater than the upper warning threshold."
"Critical","Mon Aug 28 2017 18:27:03","The system inlet temperature is greater than the upper critical threshold."
"Warning","Mon Aug 28 2017 18:27:12","The system inlet temperature is greater than the upper warning threshold."
"Critical","Mon Aug 28 2017 18:28:18","The system inlet temperature is greater than the upper critical threshold."
"Warning","Mon Aug 28 2017 18:29:10","The system inlet temperature is greater than the upper warning threshold."
"Critical","Mon Aug 28 2017 18:31:05","The system inlet temperature is greater than the upper critical threshold."
"Warning","Mon Aug 28 2017 18:32:29","The system inlet temperature is greater than the upper warning threshold."
"Critical","Mon Aug 28 2017 18:33:16","The system inlet temperature is greater than the upper critical threshold."
"Warning","Mon Aug 28 2017 18:37:11","The system inlet temperature is greater than the upper warning threshold."
"Critical","Mon Aug 28 2017 18:37:55","The system inlet temperature is greater than the upper critical threshold."
"Warning","Mon Aug 28 2017 18:51:55","The system inlet temperature is greater than the upper warning threshold."
"Normal","Mon Aug 28 2017 18:54:27","The system inlet temperature is within range."
"Critical","Tue Aug 29 2017 22:27:37","Power supply redundancy is lost."
"Critical","Tue Aug 29 2017 22:27:41","The power input for power supply 1 is lost."
"Critical","Tue Aug 29 2017 22:28:01","Fault detected on drive 1 in disk drive bay 1."
"Warning","Sun Sep 10 2017 22:45:56","The system inlet temperature is greater than the upper warning threshold."
"Normal","Mon Sep 11 2017 04:03:47","The system inlet temperature is within range."
"Warning","Mon Sep 11 2017 11:30:23","The system inlet temperature is greater than the upper warning threshold."
"Normal","Mon Sep 11 2017 12:30:42","The system inlet temperature is within range."
"Critical","Mon Sep 18 2017 22:12:05","Power supply redundancy is lost."
"Critical","Mon Sep 18 2017 22:12:08","The power input for power supply 1 is lost."
"Critical","Mon Sep 18 2017 22:12:34","Fault detected on drive 1 in disk drive bay 1."
"Critical","Thu Sep 21 2017 19:15:21","Fault detected on drive 1 in disk drive bay 1."
"Critical","Sun Dec 17 2017 15:13:37","Fault detected on drive 1 in disk drive bay 1."
"Normal","Mon Feb 19 2018 15:09:12","Drive 1 in disk drive bay 1 is operating normally."
"Critical","Mon Feb 19 2018 15:09:43","Fault detected on drive 1 in disk drive bay 1."
"Critical","Tue Feb 20 2018 13:54:42","Fault detected on drive 1 in disk drive bay 1."
"Critical","Tue Feb 20 2018 14:20:32","Fault detected on drive 1 in disk drive bay 1."
"Normal","Tue Feb 20 2018 14:29:31","Drive 1 in disk drive bay 1 is operating normally."
"Critical","Tue Feb 20 2018 14:30:12","Fault detected on drive 1 in disk drive bay 1."
"Normal","Tue Feb 20 2018 14:33:10","Drive 1 in disk drive bay 1 is operating normally."
"Critical","Tue Feb 20 2018 14:34:02","Fault detected on drive 1 in disk drive bay 1."
"Normal","Tue Feb 20 2018 14:35:17","Drive 1 in disk drive bay 1 is operating normally."
"Critical","Tue Feb 20 2018 14:36:12","Fault detected on drive 1 in disk drive bay 1."
"Normal","Tue Feb 20 2018 14:41:30","Drive 1 in disk drive bay 1 is operating normally."
"Critical","Tue Feb 20 2018 14:42:05","Fault detected on drive 1 in disk drive bay 1."
"Normal","Tue Feb 20 2018 14:45:21","Drive 1 in disk drive bay 1 is operating normally."
"Critical","Tue Feb 20 2018 14:46:12","Fault detected on drive 1 in disk drive bay 1."
"Normal","Mon Mar 05 2018 13:27:50","Drive 1 in disk drive bay 1 is operating normally."
"Critical","Mon Mar 05 2018 13:28:25","Fault detected on drive 1 in disk drive bay 1."
"Critical","Thu Mar 08 2018 13:45:07","Drive 1 is removed from disk drive bay 1."
"Normal","Thu Mar 08 2018 13:45:08","Drive 1 in disk drive bay 1 is operating normally."
"Normal","Thu Mar 08 2018 13:48:39","Drive 1 is installed in disk drive bay 1."
"Critical","Thu Mar 08 2018 14:51:36","Drive 0 is removed from disk drive bay 1."
"Normal","Thu Mar 08 2018 14:55:11","Drive 0 is installed in disk drive bay 1."
"Critical","Sun May 20 2018 17:26:15","Power supply redundancy is lost."
"Critical","Sun May 20 2018 17:26:18","The power input for power supply 1 is lost."
"Normal","Mon May 21 2018 12:46:06","The input power for power supply 1 has been restored."
"Normal","Mon May 21 2018 12:46:13","The power supplies are redundant."
"Critical","Wed Jun 06 2018 13:49:22","The power input for power supply 1 is lost."
"Critical","Wed Jun 06 2018 13:49:24","Power supply redundancy is lost."
"Normal","Wed Jun 06 2018 15:50:15","The input power for power supply 1 has been restored."
"Normal","Wed Jun 06 2018 15:50:22","The power supplies are redundant."
"Critical","Wed Jun 06 2018 16:05:33","The power input for power supply 1 is lost."
"Critical","Wed Jun 06 2018 16:05:35","Power supply redundancy is lost."
"Normal","Wed Jun 06 2018 16:10:40","The input power for power supply 1 has been restored."
"Normal","Wed Jun 06 2018 16:10:48","The power supplies are redundant."
"Critical","Wed Mar 13 2019 21:35:15","Drive 5 is removed from disk drive bay 1."
"Normal","Wed Mar 13 2019 21:39:41","Drive 5 is installed in disk drive bay 1."
"Critical","Fri May 03 2019 14:30:20","Power supply redundancy is lost."
"Critical","Fri May 03 2019 14:30:26","The power input for power supply 2 is lost."
"Normal","Sat May 04 2019 14:40:16","The input power for power supply 2 has been restored."
"Normal","Sat May 04 2019 14:40:26","The power supplies are redundant."
"Normal","Tue May 07 2019 13:49:00","The power supplies are redundant."
"Critical","Tue May 21 2019 13:29:33","The power input for power supply 1 is lost."
"Critical","Tue May 21 2019 13:29:35","Power supply redundancy is lost."
"Normal","Tue May 21 2019 19:58:38","The input power for power supply 1 has been restored."
"Normal","Tue May 21 2019 19:58:45","The power supplies are redundant."
"Critical","Sun Jul 28 2019 06:36:40","The power input for power supply 2 is lost."
"Critical","Sun Jul 28 2019 06:36:40","Power supply redundancy is lost."
"Critical","Fri Aug 16 2019 14:21:00","The power input for power supply 1 is lost."
"Critical","Fri Aug 16 2019 14:21:02","Power supply redundancy is lost."
"Normal","Fri Aug 16 2019 14:21:36","The input power for power supply 1 has been restored."
"Normal","Fri Aug 16 2019 14:21:42","The power supplies are redundant."
"Normal","Tue Aug 27 2019 20:57:11","The power supplies are redundant."
"Critical","Fri Aug 30 2019 22:38:47","The power input for power supply 2 is lost."
"Critical","Fri Aug 30 2019 22:38:47","Power supply redundancy is lost."
"Normal","Sun Sep 01 2019 14:38:08","The power supplies are redundant."
"Critical","Thu Nov 07 2019 11:47:09","Fault detected on drive 7 in disk drive bay 1."
"Critical","Fri Nov 22 2019 11:56:23","Drive 7 is removed from disk drive bay 1."
"Normal","Fri Nov 22 2019 11:56:24","Drive 7 in disk drive bay 1 is operating normally."
"Normal","Fri Nov 22 2019 12:04:04","Drive 7 is installed in disk drive bay 1."
