"Normal","Fri Dec 20 2013 14:53:49","Log cleared."
"Critical","Thu Feb 13 2014 16:56:37","The power input for power supply 1 is lost."
"Critical","Fri Feb 14 2014 01:00:46","The power input for power supply 1 is lost."
"Critical","Fri Feb 14 2014 01:00:47","Power supply redundancy is lost."
"Critical","Fri Feb 14 2014 01:02:24","The power input for power supply 1 is lost."
"Critical","Fri Feb 14 2014 01:04:51","The power input for power supply 1 is lost."
"Critical","Fri Feb 14 2014 01:13:56","The power input for power supply 1 is lost."
"Critical","Fri Feb 14 2014 01:14:03","Power supply redundancy is lost."
"Critical","Fri Feb 14 2014 01:27:39","The power input for power supply 1 is lost."
"Critical","Fri Feb 14 2014 01:27:45","Power supply redundancy is lost."
"Critical","Mon Mar 31 2014 16:49:42","The power input for power supply 2 is lost."
"Critical","Mon Mar 31 2014 16:49:53","Power supply redundancy is lost."
"Normal","Mon Mar 31 2014 15:50:49","The input power for power supply 2 has been restored."
"Normal","Mon Mar 31 2014 15:50:58","The power supplies are redundant."
"Critical","Mon Mar 31 2014 16:06:25","The power input for power supply 2 is lost."
"Critical","Mon Mar 31 2014 16:06:31","Power supply redundancy is lost."
"Critical","Mon Mar 31 2014 19:06:53","The power input for power supply 2 is lost."
"Critical","Mon Mar 31 2014 19:06:59","Power supply redundancy is lost."
"Critical","Mon Mar 31 2014 21:38:24","The power input for power supply 1 is lost."
"Critical","Mon Mar 31 2014 21:38:26","Power supply redundancy is lost."
"Critical","Mon Apr 07 2014 18:39:18","A PCI parity error was detected on a component at bus 0 device 5 function 0."
"Normal","Mon Apr 07 2014 18:39:18","An OEM diagnostic event occurred."
"Critical","Mon Apr 07 2014 21:37:44","The power input for power supply 1 is lost."
"Critical","Mon Apr 07 2014 21:37:46","Power supply redundancy is lost."
"Critical","Mon Apr 14 2014 10:51:30","The power input for power supply 1 is lost."
"Critical","Mon Apr 14 2014 10:51:31","Power supply redundancy is lost."
"Critical","Tue Apr 15 2014 15:22:31","The power input for power supply 2 is lost."
"Critical","Tue Apr 15 2014 15:22:31","Power supply redundancy is lost."
"Normal","Tue Apr 15 2014 15:27:41","The input power for power supply 2 has been restored."
"Normal","Tue Apr 15 2014 15:27:51","The power supplies are redundant."
"Critical","Tue Apr 15 2014 16:06:53","Power supply redundancy is lost."
"Critical","Tue Apr 15 2014 16:06:57","The power input for power supply 2 is lost."
"Normal","Tue Apr 15 2014 16:08:03","The input power for power supply 2 has been restored."
"Normal","Tue Apr 15 2014 16:08:08","The power supplies are redundant."
"Critical","Tue Apr 15 2014 16:22:49","The power input for power supply 2 is lost."
"Critical","Tue Apr 15 2014 16:22:49","Power supply redundancy is lost."
"Normal","Tue Apr 15 2014 16:23:44","The input power for power supply 2 has been restored."
"Normal","Tue Apr 15 2014 16:23:49","The power supplies are redundant."
"Warning","Mon Apr 21 2014 06:46:29","The system inlet temperature is greater than the upper warning threshold."
"Critical","Mon Apr 21 2014 07:12:47","The system inlet temperature is greater than the upper critical threshold."
"Critical","Mon Apr 21 2014 10:17:57","The PERC1 battery has failed."
"Normal","Mon Apr 21 2014 10:32:07","The PERC1 battery is operating normally."
"Warning","Mon Apr 21 2014 10:41:41","The temperature for power supply 2 is in a warning range."
"Warning","Mon Apr 21 2014 10:52:37","The temperature for power supply 1 is in a warning range."
"Critical","Mon Apr 21 2014 11:38:02","The system board PS2 PG Fail voltage is outside of range."
"Critical","Mon Apr 21 2014 11:38:06","The temperature for power supply 2 is outside of range."
"Critical","Mon Apr 21 2014 11:38:07","Power supply redundancy is lost."
"Critical","Mon Apr 21 2014 11:49:35","The temperature for power supply 1 is outside of range."
"Critical","Mon Apr 21 2014 11:49:47","The system board PS1 PG Fail voltage is outside of range."
"Normal","Mon Apr 21 2014 11:49:47","Power supply 1 is operating normally."
"Normal","Mon Apr 21 2014 11:49:47","Power supply 1 is operating normally."
"Normal","Mon Apr 21 2014 11:49:49","Power supply 2 is operating normally."
"Critical","Mon Apr 21 2014 11:54:45","The temperature for power supply 1 is outside of range."
"Normal","Mon Apr 21 2014 11:54:59","Power supply 1 is operating normally."
"Warning","Mon Apr 21 2014 11:59:48","The temperature for power supply 1 is in a warning range."
"Warning","Mon Apr 21 2014 11:59:51","A predictive failure detected on power supply 2."
"Critical","Mon Apr 21 2014 12:05:23","The temperature for power supply 1 is outside of range."
"Normal","Mon Apr 21 2014 12:05:35","Power supply 1 is operating normally."
"Normal","Mon Apr 21 2014 12:05:35","Power supply 1 is operating normally."
"Normal","Mon Apr 21 2014 12:05:36","Power supply 2 is operating normally."
"Critical","Mon Apr 21 2014 12:10:31","The temperature for power supply 1 is outside of range."
"Normal","Mon Apr 21 2014 12:10:46","Power supply 1 is operating normally."
"Critical","Mon Apr 21 2014 12:15:39","The temperature for power supply 1 is outside of range."
"Normal","Mon Apr 21 2014 12:15:56","Power supply 1 is operating normally."
"Warning","Mon Apr 21 2014 12:20:42","A predictive failure detected on power supply 2."
"Warning","Mon Apr 21 2014 12:20:44","The temperature for power supply 1 is in a warning range."
"Normal","Mon Apr 21 2014 12:31:56","Power supply 1 is operating normally."
"Normal","Mon Apr 21 2014 12:35:23","Power supply 2 is operating normally."
"Warning","Mon Apr 21 2014 12:56:44","The system inlet temperature is greater than the upper warning threshold."
"Critical","Mon Apr 21 2014 12:56:44","The system inlet temperature is greater than the upper critical threshold."
"Critical","Mon Apr 21 2014 12:56:52","Power supply redundancy is lost."
"Critical","Mon Apr 21 2014 12:56:58","The power input for power supply 2 is lost."
"Warning","System Boot","The system inlet temperature is greater than the upper warning threshold."
"Critical","System Boot","The system inlet temperature is greater than the upper critical threshold."
"Critical","Mon Apr 21 2014 13:02:30","The power input for power supply 1 is lost."
"Critical","Mon Apr 21 2014 13:02:32","Power supply redundancy is lost."
"Warning","Mon Apr 21 2014 13:24:39","The system inlet temperature is greater than the upper warning threshold."
"Normal","Mon Apr 21 2014 13:39:08","The system inlet temperature is within range."
"Critical","Tue Apr 22 2014 23:27:09","Power supply redundancy is lost."
"Critical","Tue Apr 22 2014 23:27:13","The power input for power supply 1 is lost."
"Critical","Mon Apr 28 2014 22:26:42","The power input for power supply 1 is lost."
"Critical","Mon Apr 28 2014 22:26:43","Power supply redundancy is lost."
"Normal","Mon Apr 28 2014 22:58:56","The input power for power supply 1 has been restored."
"Normal","Mon Apr 28 2014 22:59:02","The power supplies are redundant."
"Critical","Thu May 01 2014 00:29:56","The power input for power supply 1 is lost."
"Critical","Thu May 01 2014 00:29:58","Power supply redundancy is lost."
"Critical","Mon May 05 2014 18:38:57","The power input for power supply 1 is lost."
"Critical","Mon May 05 2014 18:38:58","Power supply redundancy is lost."
"Critical","Mon May 05 2014 22:46:43","The power input for power supply 1 is lost."
"Critical","Mon May 05 2014 22:46:44","Power supply redundancy is lost."
"Critical","Tue May 06 2014 13:20:56","Power supply redundancy is lost."
"Normal","Tue May 06 2014 13:21:01","The power supplies are redundant."
"Warning","Mon Sep 15 2014 18:02:40","The system inlet temperature is greater than the upper warning threshold."
"Critical","Mon Sep 15 2014 18:23:42","The system inlet temperature is greater than the upper critical threshold."
"Warning","Mon Sep 15 2014 18:24:56","The system inlet temperature is greater than the upper warning threshold."
"Normal","Mon Sep 15 2014 18:27:32","The system inlet temperature is within range."
"Warning","Mon Sep 15 2014 18:27:49","The system inlet temperature is greater than the upper warning threshold."
"Critical","Mon Sep 15 2014 18:54:31","The system inlet temperature is greater than the upper critical threshold."
"Warning","Mon Sep 15 2014 19:06:34","The system inlet temperature is greater than the upper warning threshold."
"Normal","Mon Sep 15 2014 19:07:39","The system inlet temperature is within range."
"Critical","Sun Oct 19 2014 20:35:38","Power supply redundancy is lost."
"Normal","Sun Oct 19 2014 20:35:46","The power supplies are redundant."
"Warning","Sun Nov 09 2014 20:15:15","The system inlet temperature is greater than the upper warning threshold."
"Normal","Sun Nov 09 2014 20:16:24","The system inlet temperature is within range."
"Warning","Sun Nov 09 2014 20:18:00","The system inlet temperature is greater than the upper warning threshold."
"Normal","Sun Nov 09 2014 20:20:13","The system inlet temperature is within range."
"Warning","Sun Nov 09 2014 20:21:02","The system inlet temperature is greater than the upper warning threshold."
"Critical","Sun Nov 09 2014 20:45:42","The system inlet temperature is greater than the upper critical threshold."
"Warning","Mon Nov 24 2014 03:05:44","The system inlet temperature is greater than the upper warning threshold."
"Critical","Mon Nov 24 2014 03:26:20","The system inlet temperature is greater than the upper critical threshold."
"Critical","Mon Nov 24 2014 03:54:41","The power input for power supply 1 is lost."
"Critical","Mon Nov 24 2014 03:54:42","Power supply redundancy is lost."
"Warning","Mon Nov 24 2014 04:08:59","The system inlet temperature is greater than the upper warning threshold."
"Normal","Mon Nov 24 2014 04:14:24","The system inlet temperature is within range."
"Normal","Mon Nov 24 2014 12:36:08","The input power for power supply 1 has been restored."
"Normal","Mon Nov 24 2014 12:36:15","The power supplies are redundant."
"Warning","Tue Feb 03 2015 00:58:01","The system inlet temperature is greater than the upper warning threshold."
"Critical","Tue Feb 03 2015 01:18:40","The system inlet temperature is greater than the upper critical threshold."
"Warning","Sat Mar 14 2015 22:12:15","The system inlet temperature is greater than the upper warning threshold."
"Critical","Sat Mar 14 2015 22:28:23","The system inlet temperature is greater than the upper critical threshold."
"Critical","Sat Mar 14 2015 23:24:02","The power input for power supply 2 is lost."
"Critical","Sat Mar 14 2015 23:24:03","Power supply redundancy is lost."
"Warning","Fri Jun 05 2015 20:39:41","The system inlet temperature is greater than the upper warning threshold."
"Critical","Fri Jun 05 2015 21:03:12","The system inlet temperature is greater than the upper critical threshold."
"Warning","Fri Jun 05 2015 21:03:50","The system inlet temperature is greater than the upper warning threshold."
"Critical","Fri Jun 05 2015 21:05:25","The system inlet temperature is greater than the upper critical threshold."
"Warning","Fri Jun 05 2015 21:05:51","The system inlet temperature is greater than the upper warning threshold."
"Critical","Fri Jun 05 2015 21:06:32","The system inlet temperature is greater than the upper critical threshold."
"Warning","Fri Jun 05 2015 21:09:07","The system inlet temperature is greater than the upper warning threshold."
"Normal","Fri Jun 05 2015 21:14:29","The system inlet temperature is within range."
"Warning","Fri Jun 05 2015 21:15:46","The system inlet temperature is greater than the upper warning threshold."
"Normal","Fri Jun 05 2015 21:18:47","The system inlet temperature is within range."
"Warning","Thu Aug 27 2015 11:21:03","The system inlet temperature is greater than the upper warning threshold."
"Critical","Thu Aug 27 2015 11:49:12","The system inlet temperature is greater than the upper critical threshold."
"Warning","Thu Aug 27 2015 12:17:59","The system inlet temperature is greater than the upper warning threshold."
"Normal","Thu Aug 27 2015 12:25:39","The system inlet temperature is within range."
"Warning","Mon Oct 31 2016 05:40:22","The system inlet temperature is greater than the upper warning threshold."
"Normal","Mon Oct 31 2016 05:42:35","The system inlet temperature is within range."
"Warning","Sun Nov 20 2016 11:15:54","The system inlet temperature is greater than the upper warning threshold."
"Critical","Sun Nov 20 2016 11:34:33","The system inlet temperature is greater than the upper critical threshold."
"Warning","Sun Nov 20 2016 11:59:50","The system inlet temperature is greater than the upper warning threshold."
"Critical","Sun Nov 20 2016 12:04:29","The system inlet temperature is greater than the upper critical threshold."
"Warning","Sun Nov 20 2016 12:05:00","The system inlet temperature is greater than the upper warning threshold."
"Normal","Sun Nov 20 2016 12:05:39","The system inlet temperature is within range."
"Warning","Mon Nov 21 2016 09:28:30","The system inlet temperature is greater than the upper warning threshold."
"Critical","Mon Nov 21 2016 09:48:55","The system inlet temperature is greater than the upper critical threshold."
"Warning","Mon Nov 21 2016 09:54:29","The system inlet temperature is greater than the upper warning threshold."
"Normal","Mon Nov 21 2016 09:56:40","The system inlet temperature is within range."
"Warning","Mon Aug 28 2017 17:53:22","The system inlet temperature is greater than the upper warning threshold."
"Critical","Mon Aug 28 2017 18:12:29","The system inlet temperature is greater than the upper critical threshold."
"Warning","Mon Aug 28 2017 18:46:17","The system inlet temperature is greater than the upper warning threshold."
"Normal","Mon Aug 28 2017 18:47:14","The system inlet temperature is within range."
"Warning","Mon Aug 28 2017 18:47:19","The system inlet temperature is greater than the upper warning threshold."
"Normal","Mon Aug 28 2017 18:52:33","The system inlet temperature is within range."
"Critical","Tue Aug 29 2017 22:27:44","The power input for power supply 1 is lost."
"Critical","Tue Aug 29 2017 22:27:45","Power supply redundancy is lost."
"Warning","Sun Sep 10 2017 23:05:13","The system inlet temperature is greater than the upper warning threshold."
"Normal","Mon Sep 11 2017 01:30:25","The system inlet temperature is within range."
"Warning","Mon Sep 11 2017 11:19:00","The system inlet temperature is greater than the upper warning threshold."
"Normal","Mon Sep 11 2017 11:57:25","The system inlet temperature is within range."
"Warning","Mon Sep 11 2017 11:57:54","The system inlet temperature is greater than the upper warning threshold."
"Normal","Mon Sep 11 2017 12:23:58","The system inlet temperature is within range."
"Critical","Mon Sep 18 2017 22:11:31","Power supply redundancy is lost."
"Critical","Mon Sep 18 2017 22:11:40","The power input for power supply 1 is lost."
"Normal","Wed Nov 08 2017 20:11:46","The power supplies are redundant."
"Critical","Sat Dec 16 2017 11:07:00","The power input for power supply 1 is lost."
"Critical","Sat Dec 16 2017 11:07:01","Power supply redundancy is lost."
"Critical","Thu Dec 21 2017 13:17:28","The power input for power supply 2 is lost."
"Critical","Thu Dec 21 2017 13:17:29","Power supply redundancy is lost."
"Normal","Thu Dec 21 2017 13:19:04","The input power for power supply 2 has been restored."
"Normal","Thu Dec 21 2017 13:19:10","The power supplies are redundant."
"Critical","Thu Dec 21 2017 13:19:59","The power input for power supply 1 is lost."
"Critical","Thu Dec 21 2017 13:20:01","Power supply redundancy is lost."
"Normal","Thu Dec 21 2017 13:21:10","The input power for power supply 1 has been restored."
"Normal","Thu Dec 21 2017 13:21:19","The power supplies are redundant."
"Critical","Sun May 20 2018 17:26:31","The power input for power supply 1 is lost."
"Critical","Sun May 20 2018 17:26:33","Power supply redundancy is lost."
"Normal","Mon May 21 2018 12:46:24","The input power for power supply 1 has been restored."
"Normal","Mon May 21 2018 12:46:31","The power supplies are redundant."
"Normal","Mon May 21 2018 16:47:47","The power supplies are redundant."
"Critical","Wed Jun 06 2018 13:50:00","The power input for power supply 1 is lost."
"Critical","Wed Jun 06 2018 13:50:01","Power supply redundancy is lost."
"Normal","Wed Jun 06 2018 15:50:52","The input power for power supply 1 has been restored."
"Normal","Wed Jun 06 2018 15:50:59","The power supplies are redundant."
"Critical","Wed Jun 06 2018 16:06:14","The power input for power supply 1 is lost."
"Critical","Wed Jun 06 2018 16:06:16","Power supply redundancy is lost."
"Normal","Wed Jun 06 2018 16:11:21","The input power for power supply 1 has been restored."
"Normal","Wed Jun 06 2018 16:11:27","The power supplies are redundant."
"Critical","Fri May 03 2019 14:30:12","The power input for power supply 1 is lost."
"Critical","Fri May 03 2019 14:30:13","Power supply redundancy is lost."
"Normal","Sat May 04 2019 14:45:34","The input power for power supply 1 has been restored."
"Normal","Sat May 04 2019 14:45:40","The power supplies are redundant."
"Critical","Mon May 06 2019 17:22:32","The power input for power supply 1 is lost."
"Critical","Tue May 21 2019 13:35:57","The power input for power supply 2 is lost."
"Critical","Tue May 21 2019 13:35:57","Power supply redundancy is lost."
"Normal","Tue May 21 2019 20:05:01","The input power for power supply 2 has been restored."
"Normal","Tue May 21 2019 20:05:07","The power supplies are redundant."
"Critical","Sun Jul 28 2019 06:42:53","The power input for power supply 1 is lost."
"Critical","Sun Jul 28 2019 06:42:56","Power supply redundancy is lost."
