Server,Severity,Date/Time,Description
server14,Normal,Mon Jul 28 2014 15:06:44,Log cleared.
server14,Critical,Fri Aug 08 2014 19:33:36,The power input for power supply 1 is lost.
server14,Critical,Fri Aug 08 2014 19:33:38,Power supply redundancy is lost.
server14,Critical,Wed Sep 03 2014 06:27:34,Fault detected on drive 3 in disk drive bay 1.
server14,Warning,Mon Sep 15 2014 18:02:39,The system inlet temperature is greater than the upper warning threshold.
server14,Critical,Mon Sep 15 2014 18:23:13,The system inlet temperature is greater than the upper critical threshold.
server14,Warning,Mon Sep 15 2014 18:33:12,The system inlet temperature is greater than the upper warning threshold.
server14,Critical,Mon Sep 15 2014 18:45:00,The system inlet temperature is greater than the upper critical threshold.
server14,Warning,Mon Sep 15 2014 18:47:15,The system inlet temperature is greater than the upper warning threshold.
server14,Critical,Mon Sep 15 2014 18:48:33,The system inlet temperature is greater than the upper critical threshold.
server14,Warning,Mon Sep 15 2014 19:11:43,The system inlet temperature is greater than the upper warning threshold.
server14,Normal,Mon Sep 15 2014 19:26:57,The system inlet temperature is within range.
server14,Warning,Mon Sep 15 2014 19:37:20,The system inlet temperature is greater than the upper warning threshold.
server14,Normal,Mon Sep 15 2014 19:40:44,The system inlet temperature is within range.
server14,Warning,Mon Sep 15 2014 19:52:08,The system inlet temperature is greater than the upper warning threshold.
server14,Normal,Mon Sep 15 2014 20:09:03,The system inlet temperature is within range.
server14,Normal,Tue Sep 16 2014 11:30:58,Drive 3 in disk drive bay 1 is operating normally.
server14,Critical,Tue Sep 16 2014 11:32:08,Fault detected on drive 3 in disk drive bay 1.
server14,Normal,Mon Oct 06 2014 15:29:58,Drive 3 in disk drive bay 1 is operating normally.
server14,Critical,Mon Oct 06 2014 15:30:59,Fault detected on drive 3 in disk drive bay 1.
server14,Normal,Mon Oct 06 2014 16:14:25,Drive 3 in disk drive bay 1 is operating normally.
server14,Critical,Mon Oct 06 2014 16:15:00,Fault detected on drive 3 in disk drive bay 1.
server14,Normal,Mon Oct 06 2014 17:36:54,Drive 3 in disk drive bay 1 is operating normally.
server14,Critical,Mon Oct 06 2014 17:37:49,Fault detected on drive 3 in disk drive bay 1.
server14,Critical,Wed Oct 08 2014 13:24:19,Drive 3 is removed from disk drive bay 1.
server14,Normal,Wed Oct 08 2014 13:24:19,Drive 3 in disk drive bay 1 is operating normally.
server14,Normal,Wed Oct 08 2014 13:28:00,Drive 3 is installed in disk drive bay 1.
server14,Warning,Sun Nov 09 2014 20:22:26,The system inlet temperature is greater than the upper warning threshold.
server14,Critical,Sun Nov 09 2014 20:51:51,The system inlet temperature is greater than the upper critical threshold.
server14,Warning,Sun Nov 09 2014 21:00:41,The system inlet temperature is greater than the upper warning threshold.
server14,Critical,Sun Nov 09 2014 21:01:02,The system inlet temperature is greater than the upper critical threshold.
server14,Critical,Sun Nov 09 2014 21:20:53,Power supply redundancy is lost.
server14,Critical,Sun Nov 09 2014 21:20:53,The power input for power supply 2 is lost.
server14,Warning,Mon Nov 24 2014 03:08:42,The system inlet temperature is greater than the upper warning threshold.
server14,Critical,Mon Nov 24 2014 03:27:18,The system inlet temperature is greater than the upper critical threshold.
server14,Critical,Mon Nov 24 2014 03:54:34,Power supply redundancy is lost.
server14,Critical,Mon Nov 24 2014 03:54:38,The power input for power supply 1 is lost.
server14,Warning,Mon Nov 24 2014 04:14:26,The system inlet temperature is greater than the upper warning threshold.
server14,Normal,Mon Nov 24 2014 04:21:19,The system inlet temperature is within range.
server14,Normal,Mon Nov 24 2014 12:36:02,The input power for power supply 1 has been restored.
server14,Normal,Mon Nov 24 2014 12:36:08,The power supplies are redundant.
server14,Warning,Tue Feb 03 2015 00:58:10,The system inlet temperature is greater than the upper warning threshold.
server14,Critical,Tue Feb 03 2015 01:17:38,The system inlet temperature is greater than the upper critical threshold.
server14,Critical,Tue Feb 03 2015 02:10:32,The power input for power supply 2 is lost.
server14,Critical,Tue Feb 03 2015 02:10:33,Power supply redundancy is lost.
server14,Warning,Sat Mar 14 2015 22:11:25,The system inlet temperature is greater than the upper warning threshold.
server14,Critical,Sat Mar 14 2015 22:29:13,The system inlet temperature is greater than the upper critical threshold.
server14,Critical,Sat Mar 14 2015 23:23:42,The power input for power supply 2 is lost.
server14,Critical,Sat Mar 14 2015 23:23:42,Power supply redundancy is lost.
server14,Warning,Fri Jun 05 2015 20:40:16,The system inlet temperature is greater than the upper warning threshold.
server14,Critical,Fri Jun 05 2015 21:06:22,The system inlet temperature is greater than the upper critical threshold.
server14,Warning,Fri Jun 05 2015 21:16:22,The system inlet temperature is greater than the upper warning threshold.
server14,Normal,Fri Jun 05 2015 21:18:51,The system inlet temperature is within range.
server14,Warning,Fri Jun 05 2015 21:20:10,The system inlet temperature is greater than the upper warning threshold.
server14,Normal,Fri Jun 05 2015 21:34:31,The system inlet temperature is within range.
server14,Warning,Thu Aug 27 2015 11:15:55,The system inlet temperature is greater than the upper warning threshold.
server14,Critical,Thu Aug 27 2015 11:39:37,The system inlet temperature is greater than the upper critical threshold.
server14,Warning,Thu Aug 27 2015 12:24:42,The system inlet temperature is greater than the upper warning threshold.
server14,Normal,Thu Aug 27 2015 12:33:05,The system inlet temperature is within range.
server14,Warning,Mon Oct 05 2015 19:09:29,The system inlet temperature is greater than the upper warning threshold.
server14,Normal,Mon Oct 05 2015 19:28:55,The system inlet temperature is within range.
server14,Critical,Thu Jun 02 2016 16:51:58,The power input for power supply 1 is lost.
server14,Critical,Thu Jun 02 2016 16:52:00,Power supply redundancy is lost.
server14,Warning,Mon Oct 31 2016 05:39:13,The system inlet temperature is greater than the upper warning threshold.
server14,Normal,Mon Oct 31 2016 05:42:12,The system inlet temperature is within range.
server14,Warning,Sun Nov 20 2016 11:15:22,The system inlet temperature is greater than the upper warning threshold.
server14,Critical,Sun Nov 20 2016 11:38:01,The system inlet temperature is greater than the upper critical threshold.
server14,Warning,Sun Nov 20 2016 11:59:16,The system inlet temperature is greater than the upper warning threshold.
server14,Critical,Sun Nov 20 2016 12:01:15,The system inlet temperature is greater than the upper critical threshold.
server14,Warning,Sun Nov 20 2016 12:04:29,The system inlet temperature is greater than the upper warning threshold.
server14,Normal,Sun Nov 20 2016 12:05:46,The system inlet temperature is within range.
server14,Warning,Mon Nov 21 2016 09:28:48,The system inlet temperature is greater than the upper warning threshold.
server14,Critical,Mon Nov 21 2016 09:51:04,The system inlet temperature is greater than the upper critical threshold.
server14,Warning,Mon Nov 21 2016 09:53:16,The system inlet temperature is greater than the upper warning threshold.
server14,Normal,Mon Nov 21 2016 09:55:50,The system inlet temperature is within range.
server14,Warning,Mon Nov 21 2016 09:56:33,The system inlet temperature is greater than the upper warning threshold.
server14,Normal,Mon Nov 21 2016 10:01:57,The system inlet temperature is within range.
server14,Warning,Mon Aug 28 2017 17:54:59,The system inlet temperature is greater than the upper warning threshold.
server14,Critical,Mon Aug 28 2017 18:14:07,The system inlet temperature is greater than the upper critical threshold.
server14,Warning,Mon Aug 28 2017 18:48:08,The system inlet temperature is greater than the upper warning threshold.
server14,Normal,Mon Aug 28 2017 18:55:29,The system inlet temperature is within range.
server14,Critical,Tue Aug 29 2017 22:27:44,The power input for power supply 1 is lost.
server14,Critical,Tue Aug 29 2017 22:27:46,Power supply redundancy is lost.
server14,Warning,Sat Sep 09 2017 15:24:08,The system inlet temperature is greater than the upper warning threshold.
server14,Normal,Sat Sep 09 2017 20:24:06,The system inlet temperature is within range.
server14,Warning,Sun Sep 10 2017 19:39:09,The system inlet temperature is greater than the upper warning threshold.
server14,Normal,Mon Sep 11 2017 12:29:48,The system inlet temperature is within range.
server14,Critical,Mon Sep 18 2017 22:11:44,Power supply redundancy is lost.
server14,Critical,Mon Sep 18 2017 22:11:49,The power input for power supply 1 is lost.
server14,Normal,Wed Nov 08 2017 20:10:58,The power supplies are redundant.
server14,Critical,Sat Dec 16 2017 11:06:42,The power input for power supply 1 is lost.
server14,Critical,Sat Dec 16 2017 11:06:44,Power supply redundancy is lost.
server14,Critical,Thu Dec 21 2017 13:17:27,The power input for power supply 2 is lost.
server14,Critical,Thu Dec 21 2017 13:17:27,Power supply redundancy is lost.
server14,Normal,Thu Dec 21 2017 13:18:58,The input power for power supply 2 has been restored.
server14,Normal,Thu Dec 21 2017 13:19:08,The power supplies are redundant.
server14,Critical,Thu Dec 21 2017 13:19:58,The power input for power supply 1 is lost.
server14,Critical,Thu Dec 21 2017 13:20:00,Power supply redundancy is lost.
server14,Normal,Thu Dec 21 2017 13:21:04,The input power for power supply 1 has been restored.
server14,Normal,Thu Dec 21 2017 13:21:15,The power supplies are redundant.
server14,Critical,Thu Mar 08 2018 00:13:29,Fault detected on drive 0 in disk drive bay 1.
server14,Normal,Mon Apr 16 2018 11:28:47,The power supplies are redundant.
server14,Critical,Mon Apr 16 2018 11:29:26,Fault detected on drive 0 in disk drive bay 1.
server14,Critical,Sun May 20 2018 17:26:05,Power supply redundancy is lost.
server14,Critical,Sun May 20 2018 17:26:09,The power input for power supply 1 is lost.
server14,Normal,Mon May 21 2018 12:45:57,The input power for power supply 1 has been restored.
server14,Normal,Mon May 21 2018 12:46:04,The power supplies are redundant.
server14,Critical,Mon May 21 2018 16:47:38,Fault detected on drive 0 in disk drive bay 1.
server14,Critical,Wed Jun 06 2018 13:48:58,Power supply redundancy is lost.
server14,Critical,Wed Jun 06 2018 13:49:02,The power input for power supply 1 is lost.
server14,Normal,Wed Jun 06 2018 15:49:52,The input power for power supply 1 has been restored.
server14,Normal,Wed Jun 06 2018 15:49:59,The power supplies are redundant.
server14,Critical,Wed Jun 06 2018 16:05:14,The power input for power supply 1 is lost.
server14,Critical,Wed Jun 06 2018 16:05:16,Power supply redundancy is lost.
server14,Normal,Wed Jun 06 2018 16:10:16,The input power for power supply 1 has been restored.
server14,Normal,Wed Jun 06 2018 16:10:28,The power supplies are redundant.
server14,Critical,Tue Jul 17 2018 18:57:35,Fault detected on drive 0 in disk drive bay 1.
server14,Critical,Thu Jul 19 2018 12:58:01,Drive 0 is removed from disk drive bay 1.
server14,Normal,Thu Jul 19 2018 12:58:02,Drive 0 in disk drive bay 1 is operating normally.
server14,Normal,Thu Jul 19 2018 13:03:18,Drive 0 is installed in disk drive bay 1.
server14,Critical,Wed Jan 16 2019 11:37:50,Drive 2 is removed from disk drive bay 1.
server14,Normal,Wed Jan 16 2019 11:40:25,Drive 2 is installed in disk drive bay 1.
server14,Critical,Wed Jan 23 2019 07:14:24,Fault detected on drive 4 in disk drive bay 1.
server14,Normal,Tue Feb 05 2019 21:47:44,Drive 4 in disk drive bay 1 is operating normally.
server14,Critical,Tue Feb 05 2019 21:49:09,Fault detected on drive 4 in disk drive bay 1.
server14,Normal,Tue Feb 05 2019 22:15:04,Drive 4 in disk drive bay 1 is operating normally.
server14,Critical,Tue Feb 05 2019 22:16:14,Fault detected on drive 4 in disk drive bay 1.
server14,Normal,Thu Feb 07 2019 18:13:45,Drive 4 in disk drive bay 1 is operating normally.
server14,Critical,Thu Feb 07 2019 18:14:55,Fault detected on drive 4 in disk drive bay 1.
server14,Critical,Fri Feb 15 2019 13:46:26,Drive 4 is removed from disk drive bay 1.
server14,Normal,Fri Feb 15 2019 13:46:26,Drive 4 in disk drive bay 1 is operating normally.
server14,Normal,Fri Feb 15 2019 13:50:06,Drive 4 is installed in disk drive bay 1.
server14,Critical,Fri May 03 2019 14:32:04,Power supply redundancy is lost.
server14,Critical,Fri May 03 2019 14:32:08,The power input for power supply 1 is lost.
server14,Critical,Fri May 03 2019 14:47:23,Fault detected on drive 7 in disk drive bay 1.
server14,Normal,Fri May 03 2019 15:38:55,Drive 7 in disk drive bay 1 is operating normally.
server14,Critical,Fri May 03 2019 15:39:00,Fault detected on drive 7 in disk drive bay 1.
server14,Normal,Sat May 04 2019 14:42:07,The input power for power supply 1 has been restored.
server14,Normal,Sat May 04 2019 14:42:14,The power supplies are redundant.
server14,Critical,Tue May 21 2019 13:32:19,Power supply redundancy is lost.
server14,Critical,Tue May 21 2019 13:32:20,The power input for power supply 2 is lost.
server14,Normal,Tue May 21 2019 20:01:24,The input power for power supply 2 has been restored.
server14,Normal,Tue May 21 2019 20:01:29,The power supplies are redundant.
server14,Critical,Tue Jun 11 2019 03:58:32,The power input for power supply 1 is lost.
server14,Critical,Tue Jun 11 2019 03:58:34,Power supply redundancy is lost.
server14,Normal,Tue Jun 11 2019 13:54:04,The power supplies are redundant.
server14,Critical,Fri Jun 28 2019 14:16:01,Drive 1 is removed from disk drive bay 1.
server14,Critical,Fri Jun 28 2019 14:16:11,Drive 5 is removed from disk drive bay 1.
server14,Critical,Fri Jun 28 2019 14:16:16,Drive 7 is removed from disk drive bay 1.
server14,Critical,Fri Jun 28 2019 14:16:56,Drive 3 is removed from disk drive bay 1.
server14,Critical,Fri Jun 28 2019 14:17:03,Drive 6 is removed from disk drive bay 1.
server14,Normal,Fri Jun 28 2019 14:59:53,Drive 6 is installed in disk drive bay 1.
server14,Normal,Fri Jun 28 2019 14:59:57,Drive 7 is installed in disk drive bay 1.
server14,Normal,Fri Jun 28 2019 15:00:07,Drive 5 is installed in disk drive bay 1.
server14,Normal,Fri Jun 28 2019 15:00:37,Drive 3 is installed in disk drive bay 1.
server14,Normal,Fri Jun 28 2019 15:00:42,Drive 1 is installed in disk drive bay 1.
server14,Critical,Fri Jun 28 2019 15:18:22,Drive 7 is removed from disk drive bay 1.
server14,Normal,Fri Jun 28 2019 15:18:32,Drive 7 is installed in disk drive bay 1.
server14,Critical,Fri Jun 28 2019 15:18:39,Drive 4 is removed from disk drive bay 1.
server14,Normal,Fri Jun 28 2019 15:18:44,Drive 4 is installed in disk drive bay 1.
server14,Critical,Fri Jun 28 2019 15:18:49,Drive 4 is removed from disk drive bay 1.
server14,Normal,Fri Jun 28 2019 15:18:54,Drive 4 is installed in disk drive bay 1.
server14,Critical,Fri Jun 28 2019 15:21:04,Drive 0 is removed from disk drive bay 1.
server14,Critical,Fri Jun 28 2019 15:21:08,Drive 1 is removed from disk drive bay 1.
server14,Normal,Fri Jun 28 2019 15:21:10,Drive 0 is installed in disk drive bay 1.
server14,Critical,Fri Jun 28 2019 15:21:10,Drive 2 is removed from disk drive bay 1.
server14,Normal,Fri Jun 28 2019 15:21:14,Drive 1 is installed in disk drive bay 1.
server14,Critical,Fri Jun 28 2019 15:21:24,Drive 3 is removed from disk drive bay 1.
server14,Normal,Fri Jun 28 2019 15:21:26,Drive 2 is installed in disk drive bay 1.
server14,Normal,Fri Jun 28 2019 15:21:29,Drive 3 is installed in disk drive bay 1.
server14,Critical,Fri Jun 28 2019 15:21:36,Drive 4 is removed from disk drive bay 1.
server14,Normal,Fri Jun 28 2019 15:21:41,Drive 4 is installed in disk drive bay 1.
server14,Critical,Fri Jun 28 2019 15:21:44,Drive 5 is removed from disk drive bay 1.
server14,Normal,Fri Jun 28 2019 15:21:49,Drive 5 is installed in disk drive bay 1.
server14,Critical,Fri Jun 28 2019 15:21:51,Drive 6 is removed from disk drive bay 1.
server14,Normal,Fri Jun 28 2019 15:22:01,Drive 6 is installed in disk drive bay 1.
server14,Critical,Fri Jun 28 2019 15:22:05,Drive 7 is removed from disk drive bay 1.
server14,Normal,Fri Jun 28 2019 15:22:20,Drive 7 is installed in disk drive bay 1.
server14,Normal,Sat Jun 29 2019 13:13:27,The power supplies are redundant.
server14,Critical,Sun Jul 28 2019 06:41:13,Power supply redundancy is lost.
server14,Critical,Sun Jul 28 2019 06:41:17,The power input for power supply 1 is lost.
server14,Normal,Sun Jul 28 2019 07:14:18,The power supplies are redundant.
server14,Normal,Sun Sep 01 2019 14:41:40,The power supplies are redundant.
