"Normal","Fri Dec 20 2013 17:52:02","Log cleared."
"Critical","System Boot","The power input for power supply 2 is lost."
"Critical","Thu Feb 13 2014 17:24:28","The power input for power supply 2 is lost."
"Critical","Thu Feb 13 2014 17:24:28","Power supply redundancy is lost."
"Normal","Thu Feb 13 2014 17:31:19","The input power for power supply 2 has been restored."
"Normal","Thu Feb 13 2014 17:31:29","The power supplies are redundant."
"Critical","Fri Feb 14 2014 01:01:41","The power input for power supply 1 is lost."
"Critical","Fri Feb 14 2014 01:04:08","The power input for power supply 1 is lost."
"Critical","Fri Feb 14 2014 01:04:16","Power supply redundancy is lost."
"Critical","Fri Feb 14 2014 01:13:14","The power input for power supply 1 is lost."
"Critical","Fri Feb 14 2014 01:13:21","Power supply redundancy is lost."
"Critical","Fri Feb 14 2014 01:26:56","The power input for power supply 1 is lost."
"Critical","Fri Feb 14 2014 01:27:02","Power supply redundancy is lost."
"Critical","Mon Mar 31 2014 16:48:38","The power input for power supply 2 is lost."
"Critical","Mon Mar 31 2014 16:48:38","Power supply redundancy is lost."
"Normal","Mon Mar 31 2014 15:56:59","The input power for power supply 2 has been restored."
"Normal","Mon Mar 31 2014 15:57:06","The power supplies are redundant."
"Critical","Mon Mar 31 2014 16:05:11","The power input for power supply 2 is lost."
"Critical","Mon Mar 31 2014 16:05:16","Power supply redundancy is lost."
"Critical","Mon Mar 31 2014 19:05:31","The power input for power supply 2 is lost."
"Critical","Mon Mar 31 2014 19:05:42","Power supply redundancy is lost."
"Critical","Mon Mar 31 2014 22:36:45","The power input for power supply 1 is lost."
"Critical","Mon Mar 31 2014 22:36:57","Power supply redundancy is lost."
"Critical","Mon Apr 07 2014 21:36:21","Power supply redundancy is lost."
"Critical","Mon Apr 07 2014 21:36:30","The power input for power supply 1 is lost."
"Critical","Mon Apr 14 2014 10:50:19","Power supply redundancy is lost."
"Critical","Mon Apr 14 2014 10:50:23","The power input for power supply 1 is lost."
"Critical","System Boot","Power supply redundancy is lost."
"Critical","System Boot","The power input for power supply 2 is lost."
"Normal","Tue Apr 15 2014 15:27:41","The input power for power supply 2 has been restored."
"Normal","Tue Apr 15 2014 15:27:51","The power supplies are redundant."
"Critical","Tue Apr 15 2014 16:10:13","Power supply redundancy is lost."
"Critical","Tue Apr 15 2014 16:10:13","The power input for power supply 2 is lost."
"Normal","Tue Apr 15 2014 16:10:28","The input power for power supply 2 has been restored."
"Critical","Tue Apr 15 2014 16:10:52","The system board PS2 PG Fail voltage is outside of range."
"Critical","Tue Apr 15 2014 16:10:53","Power supply 2 is incorrectly configured."
"Warning","Mon Apr 21 2014 06:49:04","The system inlet temperature is greater than the upper warning threshold."
"Critical","Mon Apr 21 2014 07:13:28","The system inlet temperature is greater than the upper critical threshold."
"Warning","Mon Apr 21 2014 10:48:50","The temperature for power supply 2 is in a warning range."
"Normal","Mon Apr 21 2014 12:29:31","Power supply 2 is operating normally."
"Warning","System Boot","The system inlet temperature is greater than the upper warning threshold."
"Critical","System Boot","The system inlet temperature is greater than the upper critical threshold."
"Critical","Mon Apr 21 2014 12:57:10","The power input for power supply 2 is lost."
"Critical","Mon Apr 21 2014 12:57:10","Power supply redundancy is lost."
"Warning","System Boot","The system inlet temperature is greater than the upper warning threshold."
"Critical","System Boot","The system inlet temperature is greater than the upper critical threshold."
"Critical","Mon Apr 21 2014 13:02:35","The power input for power supply 1 is lost."
"Critical","Mon Apr 21 2014 13:02:37","Power supply redundancy is lost."
"Warning","Mon Apr 21 2014 13:54:16","The system inlet temperature is greater than the upper warning threshold."
"Normal","Mon Apr 21 2014 14:15:28","The system inlet temperature is within range."
"Critical","Tue Apr 22 2014 23:27:13","Power supply redundancy is lost."
"Critical","Tue Apr 22 2014 23:27:17","The power input for power supply 1 is lost."
"Critical","Mon Apr 28 2014 21:58:33","The power input for power supply 1 is lost."
"Critical","Mon Apr 28 2014 21:58:35","Power supply redundancy is lost."
"Normal","Mon Apr 28 2014 22:58:56","The input power for power supply 1 has been restored."
"Normal","Mon Apr 28 2014 22:59:07","The power supplies are redundant."
"Critical","Thu May 01 2014 00:29:59","Power supply redundancy is lost."
"Critical","Thu May 01 2014 00:30:03","The power input for power supply 1 is lost."
"Critical","Mon May 05 2014 18:38:53","Power supply redundancy is lost."
"Critical","Mon May 05 2014 18:38:56","The power input for power supply 1 is lost."
"Critical","Mon May 05 2014 22:46:39","The power input for power supply 1 is lost."
"Critical","Mon May 05 2014 22:46:40","Power supply redundancy is lost."
"Warning","Mon Sep 15 2014 18:14:38","The system inlet temperature is greater than the upper warning threshold."
"Critical","Mon Sep 15 2014 18:37:32","The system inlet temperature is greater than the upper critical threshold."
"Warning","Mon Sep 15 2014 18:47:41","The system inlet temperature is greater than the upper warning threshold."
"Critical","Mon Sep 15 2014 18:48:26","The system inlet temperature is greater than the upper critical threshold."
"Warning","Mon Sep 15 2014 19:27:30","The system inlet temperature is greater than the upper warning threshold."
"Normal","Mon Sep 15 2014 19:42:03","The system inlet temperature is within range."
"Warning","Mon Sep 15 2014 19:42:27","The system inlet temperature is greater than the upper warning threshold."
"Normal","Mon Sep 15 2014 20:25:25","The system inlet temperature is within range."
"Warning","Sun Nov 09 2014 20:32:03","The system inlet temperature is greater than the upper warning threshold."
"Critical","Sun Nov 09 2014 21:11:56","The system inlet temperature is greater than the upper critical threshold."
"Warning","Sun Nov 09 2014 21:32:05","The system inlet temperature is greater than the upper warning threshold."
"Warning","Mon Nov 24 2014 03:15:13","The system inlet temperature is greater than the upper warning threshold."
"Critical","Mon Nov 24 2014 03:34:01","The system inlet temperature is greater than the upper critical threshold."
"Critical","Mon Nov 24 2014 03:54:43","The power input for power supply 1 is lost."
"Critical","Mon Nov 24 2014 03:54:45","Power supply redundancy is lost."
"Warning","Mon Nov 24 2014 04:14:42","The system inlet temperature is greater than the upper warning threshold."
"Normal","Mon Nov 24 2014 04:23:08","The system inlet temperature is within range."
"Normal","Mon Nov 24 2014 12:36:04","The input power for power supply 1 has been restored."
"Normal","Mon Nov 24 2014 12:36:15","The power supplies are redundant."
"Warning","Tue Feb 03 2015 01:05:13","The system inlet temperature is greater than the upper warning threshold."
"Critical","Tue Feb 03 2015 01:27:32","The system inlet temperature is greater than the upper critical threshold."
"Critical","Tue Feb 03 2015 13:03:44","Power supply redundancy is lost."
"Critical","Tue Feb 03 2015 13:03:44","The power input for power supply 2 is lost."
"Normal","Tue Feb 03 2015 13:04:01","The input power for power supply 2 has been restored."
"Normal","Tue Feb 03 2015 13:04:07","The power supplies are redundant."
"Warning","Sat Mar 14 2015 22:16:28","The system inlet temperature is greater than the upper warning threshold."
"Critical","Sat Mar 14 2015 22:31:58","The system inlet temperature is greater than the upper critical threshold."
"Critical","Sat Mar 14 2015 23:24:03","Power supply redundancy is lost."
"Critical","Sat Mar 14 2015 23:24:03","The power input for power supply 2 is lost."
"Warning","Fri Jun 05 2015 20:45:26","The system inlet temperature is greater than the upper warning threshold."
"Normal","Fri Jun 05 2015 21:18:53","The system inlet temperature is within range."
"Warning","Fri Jun 05 2015 21:19:56","The system inlet temperature is greater than the upper warning threshold."
"Normal","Fri Jun 05 2015 21:37:54","The system inlet temperature is within range."
"Warning","Fri Jul 03 2015 23:16:32","The system inlet temperature is greater than the upper warning threshold."
"Normal","Fri Jul 03 2015 23:47:11","The system inlet temperature is within range."
"Warning","Thu Aug 27 2015 11:18:25","The system inlet temperature is greater than the upper warning threshold."
"Critical","Thu Aug 27 2015 11:42:50","The system inlet temperature is greater than the upper critical threshold."
"Warning","Thu Aug 27 2015 12:28:31","The system inlet temperature is greater than the upper warning threshold."
"Normal","Thu Aug 27 2015 12:35:20","The system inlet temperature is within range."
"Warning","Mon Oct 05 2015 19:06:19","The system inlet temperature is greater than the upper warning threshold."
"Normal","Mon Oct 05 2015 19:32:56","The system inlet temperature is within range."
"Critical","Mon Dec 14 2015 20:20:03","Fault detected on drive 5 in disk drive bay 1."
"Critical","Sat Jan 23 2016 10:51:46","The power input for power supply 1 is lost."
"Critical","Sat Jan 23 2016 10:51:48","Power supply redundancy is lost."
"Critical","Sat Jan 23 2016 19:24:40","Power supply redundancy is lost."
"Normal","Sat Jan 23 2016 19:24:46","The power supplies are redundant."
"Critical","Sat Jan 23 2016 19:25:09","Fault detected on drive 5 in disk drive bay 1."
"Critical","Mon Feb 01 2016 13:59:32","Fault detected on drive 5 in disk drive bay 1."
"Normal","Mon Feb 01 2016 13:59:43","The power supplies are redundant."
"Critical","Tue Feb 02 2016 18:07:27","Drive 5 is removed from disk drive bay 1."
"Normal","Tue Feb 02 2016 18:07:27","Drive 5 in disk drive bay 1 is operating normally."
"Normal","Tue Feb 02 2016 18:09:25","Drive 5 is installed in disk drive bay 1."
"Critical","Tue Feb 02 2016 19:46:42","Drive 7 is removed from disk drive bay 1."
"Normal","Tue Feb 02 2016 19:48:25","Drive 7 is installed in disk drive bay 1."
"Warning","Mon Oct 31 2016 05:43:08","The system inlet temperature is greater than the upper warning threshold."
"Normal","Mon Oct 31 2016 05:56:15","The system inlet temperature is within range."
"Warning","Sun Nov 20 2016 11:23:44","The system inlet temperature is greater than the upper warning threshold."
"Critical","Sun Nov 20 2016 11:47:05","The system inlet temperature is greater than the upper critical threshold."
"Warning","Sun Nov 20 2016 12:11:01","The system inlet temperature is greater than the upper warning threshold."
"Normal","Sun Nov 20 2016 12:15:51","The system inlet temperature is within range."
"Warning","Mon Nov 21 2016 09:36:16","The system inlet temperature is greater than the upper warning threshold."
"Critical","Mon Nov 21 2016 09:56:44","The system inlet temperature is greater than the upper critical threshold."
"Warning","Mon Nov 21 2016 10:05:07","The system inlet temperature is greater than the upper warning threshold."
"Normal","Mon Nov 21 2016 10:09:21","The system inlet temperature is within range."
"Warning","Mon Aug 28 2017 18:37:37","The system inlet temperature is greater than the upper warning threshold."
"Critical","Mon Aug 28 2017 18:40:14","The system inlet temperature is greater than the upper critical threshold."
"Warning","Mon Aug 28 2017 18:52:59","The system inlet temperature is greater than the upper warning threshold."
"Normal","Mon Aug 28 2017 19:03:48","The system inlet temperature is within range."
"Critical","Tue Aug 29 2017 22:27:44","The power input for power supply 1 is lost."
"Critical","Tue Aug 29 2017 22:27:46","Power supply redundancy is lost."
"Warning","Fri Sep 08 2017 21:34:55","The system inlet temperature is greater than the upper warning threshold."
"Normal","Sat Sep 09 2017 05:26:37","The system inlet temperature is within range."
"Warning","Sat Sep 09 2017 14:23:26","The system inlet temperature is greater than the upper warning threshold."
"Normal","Sat Sep 09 2017 21:35:39","The system inlet temperature is within range."
"Warning","Sun Sep 10 2017 19:03:47","The system inlet temperature is greater than the upper warning threshold."
"Critical","Mon Sep 11 2017 12:07:47","The system inlet temperature is greater than the upper critical threshold."
"Warning","Mon Sep 11 2017 12:29:10","The system inlet temperature is greater than the upper warning threshold."
"Normal","Mon Sep 11 2017 12:33:12","The system inlet temperature is within range."
"Critical","Mon Sep 18 2017 22:11:43","The power input for power supply 1 is lost."
"Critical","Mon Sep 18 2017 22:11:47","Power supply redundancy is lost."
"Normal","Wed Nov 08 2017 20:05:30","The power supplies are redundant."
"Critical","Sat Dec 16 2017 11:06:57","Power supply redundancy is lost."
"Critical","Sat Dec 16 2017 11:07:00","The power input for power supply 1 is lost."
"Critical","Thu Dec 21 2017 13:17:30","The power input for power supply 2 is lost."
"Critical","Thu Dec 21 2017 13:17:31","Power supply redundancy is lost."
"Normal","Thu Dec 21 2017 13:19:01","The input power for power supply 2 has been restored."
"Normal","Thu Dec 21 2017 13:19:11","The power supplies are redundant."
"Critical","Thu Dec 21 2017 13:20:00","The power input for power supply 1 is lost."
"Critical","Thu Dec 21 2017 13:20:02","Power supply redundancy is lost."
"Normal","Thu Dec 21 2017 13:21:11","The input power for power supply 1 has been restored."
"Normal","Thu Dec 21 2017 13:21:17","The power supplies are redundant."
"Critical","Sun May 20 2018 17:26:28","The power input for power supply 1 is lost."
"Critical","Sun May 20 2018 17:26:30","Power supply redundancy is lost."
"Normal","Mon May 21 2018 12:46:21","The input power for power supply 1 has been restored."
"Normal","Mon May 21 2018 12:46:28","The power supplies are redundant."
"Critical","Wed Jun 06 2018 13:49:30","Power supply redundancy is lost."
"Critical","Wed Jun 06 2018 13:49:33","The power input for power supply 1 is lost."
"Normal","Wed Jun 06 2018 15:50:24","The input power for power supply 1 has been restored."
"Normal","Wed Jun 06 2018 15:50:30","The power supplies are redundant."
"Critical","Wed Jun 06 2018 16:05:42","The power input for power supply 1 is lost."
"Critical","Wed Jun 06 2018 16:05:45","Power supply redundancy is lost."
"Normal","Wed Jun 06 2018 16:10:50","The input power for power supply 1 has been restored."
"Normal","Wed Jun 06 2018 16:10:57","The power supplies are redundant."
"Critical","Fri May 03 2019 14:22:31","The power input for power supply 1 is lost."
"Critical","Fri May 03 2019 14:22:32","Power supply redundancy is lost."
"Normal","Sat May 04 2019 14:38:03","The input power for power supply 1 has been restored."
"Normal","Sat May 04 2019 14:38:09","The power supplies are redundant."
"Critical","Mon May 06 2019 17:14:59","Power supply redundancy is lost."
"Critical","Tue May 14 2019 17:48:59","Drive 4 is removed from disk drive bay 1."
"Normal","Tue May 14 2019 17:51:44","Drive 4 is installed in disk drive bay 1."
"Critical","Sun May 19 2019 02:07:22","Fault detected on drive 0 in disk drive bay 1."
"Critical","Sun May 19 2019 03:08:47","Fault detected on drive 3 in disk drive bay 1."
"Critical","Tue May 21 2019 13:28:35","The power input for power supply 2 is lost."
"Critical","Tue May 21 2019 13:28:36","Power supply redundancy is lost."
"Normal","Tue May 21 2019 19:57:39","The input power for power supply 2 has been restored."
"Normal","Tue May 21 2019 19:57:46","The power supplies are redundant."
"Critical","Tue Jun 11 2019 03:55:00","The power input for power supply 1 is lost."
"Critical","Tue Jun 11 2019 03:55:02","Power supply redundancy is lost."
"Critical","Tue Jun 11 2019 13:51:18","Fault detected on drive 0 in disk drive bay 1."
"Critical","Tue Jun 11 2019 13:51:18","Fault detected on drive 6 in disk drive bay 1."
"Critical","Tue Jun 11 2019 15:18:42","Fault detected on drive 1 in disk drive bay 1."
"Normal","Tue Jun 11 2019 15:22:23","Drive 1 in disk drive bay 1 is operating normally."
"Critical","Tue Jun 11 2019 19:03:12","Fault detected on drive 0 in disk drive bay 1."
"Critical","Tue Jun 11 2019 19:03:12","Fault detected on drive 6 in disk drive bay 1."
"Normal","Tue Jun 11 2019 19:03:20","The power supplies are redundant."
"Normal","Tue Jun 11 2019 19:59:18","Drive 0 in disk drive bay 1 is operating normally."
"Normal","Tue Jun 11 2019 14:59:18","Drive 6 in disk drive bay 1 is operating normally."
"Critical","Tue Jun 11 2019 20:00:48","Fault detected on drive 0 in disk drive bay 1."
"Critical","Tue Jun 11 2019 20:00:48","Fault detected on drive 6 in disk drive bay 1."
"Normal","Tue Jun 11 2019 20:06:44","Drive 6 in disk drive bay 1 is operating normally."
"Normal","Tue Jun 11 2019 20:06:49","Drive 0 in disk drive bay 1 is operating normally."
"Critical","Tue Jun 11 2019 20:06:49","Fault detected on drive 6 in disk drive bay 1."
"Critical","Tue Jun 11 2019 20:07:14","Fault detected on drive 0 in disk drive bay 1."
"Normal","Tue Jun 11 2019 20:20:11","Drive 0 in disk drive bay 1 is operating normally."
"Normal","Tue Jun 11 2019 20:20:11","Drive 6 in disk drive bay 1 is operating normally."
"Critical","Tue Jun 11 2019 20:21:46","Fault detected on drive 0 in disk drive bay 1."
"Critical","Tue Jun 11 2019 20:21:47","Fault detected on drive 6 in disk drive bay 1."
"Normal","Fri Jun 14 2019 14:54:56","Drive 0 in disk drive bay 1 is operating normally."
"Normal","Fri Jun 14 2019 14:54:56","Drive 6 in disk drive bay 1 is operating normally."
"Critical","Sat Jun 29 2019 14:02:57","Fault detected on drive 1 in disk drive bay 1."
"Normal","Tue Jul 16 2019 18:30:24","Drive 1 in disk drive bay 1 is operating normally."
"Critical","Tue Jul 16 2019 18:31:32","Fault detected on drive 1 in disk drive bay 1."
"Critical","Wed Jul 17 2019 13:58:57","Drive 1 is removed from disk drive bay 1."
"Normal","Wed Jul 17 2019 13:58:57","Drive 1 in disk drive bay 1 is operating normally."
"Normal","Wed Jul 17 2019 14:05:39","Drive 1 is installed in disk drive bay 1."
"Critical","Sun Jul 28 2019 06:38:40","The power input for power supply 1 is lost."
"Critical","Sun Jul 28 2019 06:38:41","Power supply redundancy is lost."
