Server,Severity,Date/Time,Description
server19,Normal,Fri Dec 20 2013 20:26:49,Log cleared.
server19,Critical,Thu Feb 13 2014 16:55:22,The power input for power supply 1 is lost.
server19,Critical,Thu Feb 13 2014 16:55:30,Power supply redundancy is lost.
server19,Critical,Thu Feb 13 2014 17:24:24,The power input for power supply 1 is lost.
server19,Critical,Thu Feb 13 2014 17:24:26,Power supply redundancy is lost.
server19,Normal,Thu Feb 13 2014 17:29:49,The input power for power supply 1 has been restored.
server19,Normal,Thu Feb 13 2014 17:29:56,The power supplies are redundant.
server19,Critical,Thu Feb 13 2014 17:33:51,The power input for power supply 1 is lost.
server19,Critical,Thu Feb 13 2014 17:33:52,Power supply redundancy is lost.
server19,Critical,Mon Mar 31 2014 16:45:50,The power input for power supply 1 is lost.
server19,Critical,Mon Mar 31 2014 16:45:52,Power supply redundancy is lost.
server19,Normal,Mon Mar 31 2014 15:47:47,The input power for power supply 1 has been restored.
server19,Normal,Mon Mar 31 2014 15:47:54,The power supplies are redundant.
server19,Critical,Mon Mar 31 2014 16:05:14,The power input for power supply 2 is lost.
server19,Critical,Mon Mar 31 2014 16:05:20,Power supply redundancy is lost.
server19,Critical,Mon Mar 31 2014 19:05:46,The power input for power supply 2 is lost.
server19,Critical,Mon Mar 31 2014 19:05:47,Power supply redundancy is lost.
server19,Critical,Mon Mar 31 2014 22:37:06,The power input for power supply 1 is lost.
server19,Critical,Mon Mar 31 2014 21:37:07,Power supply redundancy is lost.
server19,Critical,Mon Apr 07 2014 21:37:16,Power supply redundancy is lost.
server19,Critical,Mon Apr 07 2014 21:37:27,The power input for power supply 1 is lost.
server19,Critical,Mon Apr 14 2014 10:49:58,The power input for power supply 1 is lost.
server19,Critical,Mon Apr 14 2014 10:49:59,Power supply redundancy is lost.
server19,Critical,Tue Apr 15 2014 15:22:13,Power supply redundancy is lost.
server19,Critical,Tue Apr 15 2014 15:22:18,The power input for power supply 2 is lost.
server19,Normal,Tue Apr 15 2014 15:27:41,The input power for power supply 2 has been restored.
server19,Normal,Tue Apr 15 2014 15:27:46,The power supplies are redundant.
server19,Critical,Tue Apr 15 2014 15:54:02,Power supply redundancy is lost.
server19,Critical,Tue Apr 15 2014 15:54:03,The power input for power supply 2 is lost.
server19,Normal,Tue Apr 15 2014 15:54:23,The input power for power supply 2 has been restored.
server19,Normal,Tue Apr 15 2014 15:54:27,The power supplies are redundant.
server19,Warning,Mon Apr 21 2014 06:32:26,The system inlet temperature is greater than the upper warning threshold.
server19,Critical,Mon Apr 21 2014 06:52:17,The system inlet temperature is greater than the upper critical threshold.
server19,Warning,Mon Apr 21 2014 08:44:09,The temperature for power supply 2 is in a warning range.
server19,Warning,Mon Apr 21 2014 08:58:29,The temperature for power supply 1 is in a warning range.
server19,Critical,Mon Apr 21 2014 08:59:37,The PERC1 battery has failed.
server19,Normal,Mon Apr 21 2014 09:00:42,The PERC1 battery is operating normally.
server19,Critical,Mon Apr 21 2014 09:55:42,The system board PS2 PG Fail voltage is outside of range.
server19,Critical,Mon Apr 21 2014 09:55:45,The temperature for power supply 2 is outside of range.
server19,Critical,Mon Apr 21 2014 09:55:47,Power supply redundancy is lost.
server19,Critical,Mon Apr 21 2014 10:16:22,The system board PS1 PG Fail voltage is outside of range.
server19,Normal,Mon Apr 21 2014 10:16:22,Power supply 1 is operating normally.
server19,Normal,Mon Apr 21 2014 10:16:23,Power supply 2 is operating normally.
server19,Warning,Mon Apr 21 2014 10:21:14,The temperature for power supply 1 is in a warning range.
server19,Warning,Mon Apr 21 2014 10:21:15,A predictive failure detected on power supply 2.
server19,Normal,Mon Apr 21 2014 10:25:45,Power supply 2 is operating normally.
server19,Normal,Mon Apr 21 2014 10:25:49,Power supply 1 is operating normally.
server19,Critical,Mon Apr 21 2014 10:35:49,The temperature for power supply 1 is outside of range.
server19,Normal,Mon Apr 21 2014 10:36:01,Power supply 1 is operating normally.
server19,Critical,Mon Apr 21 2014 10:40:57,The temperature for power supply 1 is outside of range.
server19,Normal,Mon Apr 21 2014 10:41:12,Power supply 1 is operating normally.
server19,Critical,Mon Apr 21 2014 10:46:06,The temperature for power supply 1 is outside of range.
server19,Normal,Mon Apr 21 2014 10:46:23,Power supply 1 is operating normally.
server19,Critical,Mon Apr 21 2014 10:51:15,The temperature for power supply 1 is outside of range.
server19,Normal,Mon Apr 21 2014 10:51:28,Power supply 1 is operating normally.
server19,Critical,Mon Apr 21 2014 10:56:23,The temperature for power supply 1 is outside of range.
server19,Normal,Mon Apr 21 2014 10:56:39,Power supply 1 is operating normally.
server19,Critical,Mon Apr 21 2014 11:01:32,The temperature for power supply 1 is outside of range.
server19,Normal,Mon Apr 21 2014 11:01:49,Power supply 1 is operating normally.
server19,Warning,Mon Apr 21 2014 11:04:00,A predictive failure detected on power supply 2.
server19,Critical,Mon Apr 21 2014 11:06:41,The temperature for power supply 1 is outside of range.
server19,Normal,Mon Apr 21 2014 11:06:55,Power supply 1 is operating normally.
server19,Normal,Mon Apr 21 2014 11:06:56,Power supply 2 is operating normally.
server19,Warning,Mon Apr 21 2014 11:08:41,A predictive failure detected on power supply 2.
server19,Critical,Mon Apr 21 2014 11:11:50,The temperature for power supply 1 is outside of range.
server19,Normal,Mon Apr 21 2014 11:12:05,Power supply 1 is operating normally.
server19,Normal,Mon Apr 21 2014 11:12:07,Power supply 2 is operating normally.
server19,Warning,Mon Apr 21 2014 11:12:22,A predictive failure detected on power supply 2.
server19,Critical,Mon Apr 21 2014 11:16:58,The temperature for power supply 1 is outside of range.
server19,Normal,Mon Apr 21 2014 11:17:11,Power supply 1 is operating normally.
server19,Critical,Mon Apr 21 2014 11:23:31,The temperature for power supply 1 is outside of range.
server19,Warning,Mon Apr 21 2014 11:23:36,A predictive failure detected on power supply 1.
server19,Critical,Mon Apr 21 2014 11:23:40,The system halted because system power exceeds capacity.
server19,Warning,System Boot,The system inlet temperature is greater than the upper warning threshold.
server19,Critical,System Boot,The system inlet temperature is greater than the upper critical threshold.
server19,Critical,Mon Apr 21 2014 12:57:02,The power input for power supply 2 is lost.
server19,Critical,Mon Apr 21 2014 12:57:03,Power supply redundancy is lost.
server19,Warning,System Boot,The system inlet temperature is greater than the upper warning threshold.
server19,Critical,System Boot,The system inlet temperature is greater than the upper critical threshold.
server19,Critical,Mon Apr 21 2014 13:02:36,Power supply redundancy is lost.
server19,Critical,Mon Apr 21 2014 13:02:41,The power input for power supply 1 is lost.
server19,Warning,Mon Apr 21 2014 13:18:24,The system inlet temperature is greater than the upper warning threshold.
server19,Critical,Mon Apr 21 2014 13:19:15,The system inlet temperature is greater than the upper critical threshold.
server19,Warning,Mon Apr 21 2014 13:19:34,The system inlet temperature is greater than the upper warning threshold.
server19,Normal,Mon Apr 21 2014 13:28:53,The system inlet temperature is within range.
server19,Critical,Tue Apr 22 2014 23:27:01,Power supply redundancy is lost.
server19,Critical,Tue Apr 22 2014 23:27:05,The power input for power supply 1 is lost.
server19,Critical,Mon Apr 28 2014 22:26:26,Power supply redundancy is lost.
server19,Critical,Mon Apr 28 2014 22:26:30,The power input for power supply 1 is lost.
server19,Normal,Mon Apr 28 2014 22:58:53,The input power for power supply 1 has been restored.
server19,Normal,Mon Apr 28 2014 22:58:59,The power supplies are redundant.
server19,Critical,Thu May 01 2014 00:29:56,The power input for power supply 1 is lost.
server19,Critical,Thu May 01 2014 00:29:57,Power supply redundancy is lost.
server19,Normal,Mon May 05 2014 18:03:11,The input power for power supply 1 has been restored.
server19,Normal,Mon May 05 2014 18:03:22,The power supplies are redundant.
server19,Critical,Mon May 05 2014 18:38:43,The power input for power supply 1 is lost.
server19,Critical,Mon May 05 2014 18:38:44,Power supply redundancy is lost.
server19,Normal,Mon May 05 2014 18:50:38,The input power for power supply 1 has been restored.
server19,Normal,Mon May 05 2014 18:50:44,The power supplies are redundant.
server19,Critical,Mon May 05 2014 22:46:28,Power supply redundancy is lost.
server19,Critical,Mon May 05 2014 22:46:32,The power input for power supply 1 is lost.
server19,Normal,Tue May 06 2014 13:20:00,The input power for power supply 1 has been restored.
server19,Normal,Tue May 06 2014 13:20:06,The power supplies are redundant.
server19,Critical,Tue May 06 2014 13:28:55,The system board PS1 PG Fail voltage is outside of range.
server19,Critical,Tue May 06 2014 13:28:57,Power supply 1 is incorrectly configured.
server19,Critical,Tue May 06 2014 13:28:58,Power supply redundancy is lost.
server19,Warning,Mon Sep 15 2014 17:55:39,The system inlet temperature is greater than the upper warning threshold.
server19,Critical,Mon Sep 15 2014 18:11:44,The system inlet temperature is greater than the upper critical threshold.
server19,Warning,Mon Sep 15 2014 19:17:15,The system inlet temperature is greater than the upper warning threshold.
server19,Normal,Mon Sep 15 2014 19:25:45,The system inlet temperature is within range.
server19,Warning,Mon Sep 15 2014 19:28:45,The system inlet temperature is greater than the upper warning threshold.
server19,Normal,Mon Sep 15 2014 20:17:35,The system inlet temperature is within range.
server19,Critical,Sun Oct 19 2014 20:35:25,The power input for power supply 1 is lost.
server19,Critical,Sun Oct 19 2014 20:35:27,Power supply redundancy is lost.
server19,Normal,Sun Oct 19 2014 20:35:31,The input power for power supply 1 has been restored.
server19,Normal,Sun Oct 19 2014 20:35:44,The power supplies are redundant.
server19,Warning,Sun Nov 09 2014 20:01:57,The system inlet temperature is greater than the upper warning threshold.
server19,Critical,Sun Nov 09 2014 20:19:06,The system inlet temperature is greater than the upper critical threshold.
server19,Warning,Mon Nov 24 2014 02:59:06,The system inlet temperature is greater than the upper warning threshold.
server19,Critical,Mon Nov 24 2014 03:14:28,The system inlet temperature is greater than the upper critical threshold.
server19,Critical,Mon Nov 24 2014 03:54:45,The power input for power supply 1 is lost.
server19,Critical,Mon Nov 24 2014 03:54:47,Power supply redundancy is lost.
server19,Warning,Mon Nov 24 2014 03:59:54,The system inlet temperature is greater than the upper warning threshold.
server19,Normal,Mon Nov 24 2014 04:02:41,The system inlet temperature is within range.
server19,Normal,Mon Nov 24 2014 12:36:08,The input power for power supply 1 has been restored.
server19,Normal,Mon Nov 24 2014 12:36:15,The power supplies are redundant.
server19,Warning,Tue Feb 03 2015 00:48:42,The system inlet temperature is greater than the upper warning threshold.
server19,Critical,Tue Feb 03 2015 01:02:55,The system inlet temperature is greater than the upper critical threshold.
server19,Critical,Tue Feb 03 2015 13:03:57,Power supply redundancy is lost.
server19,Normal,Tue Feb 03 2015 13:04:09,The power supplies are redundant.
server19,Warning,Sat Mar 14 2015 22:01:41,The system inlet temperature is greater than the upper warning threshold.
server19,Critical,Sat Mar 14 2015 22:17:33,The system inlet temperature is greater than the upper critical threshold.
server19,Critical,Sat Mar 14 2015 23:24:04,The power input for power supply 2 is lost.
server19,Critical,Sat Mar 14 2015 23:24:05,Power supply redundancy is lost.
server19,Warning,Fri Jun 05 2015 20:28:01,The system inlet temperature is greater than the upper warning threshold.
server19,Critical,Fri Jun 05 2015 20:44:46,The system inlet temperature is greater than the upper critical threshold.
server19,Warning,Fri Jun 05 2015 21:08:51,The system inlet temperature is greater than the upper warning threshold.
server19,Normal,Fri Jun 05 2015 21:12:06,The system inlet temperature is within range.
server19,Warning,Fri Jun 05 2015 21:12:12,The system inlet temperature is greater than the upper warning threshold.
server19,Normal,Fri Jun 05 2015 21:12:54,The system inlet temperature is within range.
server19,Warning,Fri Jun 05 2015 21:15:10,The system inlet temperature is greater than the upper warning threshold.
server19,Normal,Fri Jun 05 2015 21:16:01,The system inlet temperature is within range.
server19,Warning,Thu Aug 27 2015 11:10:16,The system inlet temperature is greater than the upper warning threshold.
server19,Critical,Thu Aug 27 2015 11:28:33,The system inlet temperature is greater than the upper critical threshold.
server19,Warning,Thu Aug 27 2015 12:13:55,The system inlet temperature is greater than the upper warning threshold.
server19,Normal,Thu Aug 27 2015 12:20:09,The system inlet temperature is within range.
server19,Warning,Fri Feb 05 2016 17:34:53,The system inlet temperature is greater than the upper warning threshold.
server19,Normal,Fri Feb 05 2016 17:35:42,The system inlet temperature is within range.
server19,Warning,Sat Sep 03 2016 12:12:43,The system inlet temperature is greater than the upper warning threshold.
server19,Normal,Sat Sep 03 2016 12:24:58,The system inlet temperature is within range.
server19,Warning,Sun Oct 23 2016 18:13:21,The system inlet temperature is greater than the upper warning threshold.
server19,Normal,Sun Oct 23 2016 18:13:47,The system inlet temperature is within range.
server19,Warning,Mon Oct 31 2016 05:28:44,The system inlet temperature is greater than the upper warning threshold.
server19,Normal,Mon Oct 31 2016 05:51:10,The system inlet temperature is within range.
server19,Warning,Sat Nov 12 2016 14:27:40,The system inlet temperature is greater than the upper warning threshold.
server19,Normal,Sat Nov 12 2016 14:31:09,The system inlet temperature is within range.
server19,Warning,Sun Nov 20 2016 11:05:40,The system inlet temperature is greater than the upper warning threshold.
server19,Critical,Sun Nov 20 2016 11:22:33,The system inlet temperature is greater than the upper critical threshold.
server19,Warning,Sun Nov 20 2016 12:08:30,The system inlet temperature is greater than the upper warning threshold.
server19,Normal,Sun Nov 20 2016 12:13:20,The system inlet temperature is within range.
server19,Warning,Mon Nov 21 2016 09:13:35,The system inlet temperature is greater than the upper warning threshold.
server19,Critical,Mon Nov 21 2016 09:32:06,The system inlet temperature is greater than the upper critical threshold.
server19,Warning,Mon Nov 21 2016 10:03:30,The system inlet temperature is greater than the upper warning threshold.
server19,Normal,Mon Nov 21 2016 10:06:59,The system inlet temperature is within range.
server19,Warning,Mon Aug 28 2017 17:52:28,The system inlet temperature is greater than the upper warning threshold.
server19,Critical,Mon Aug 28 2017 18:08:05,The system inlet temperature is greater than the upper critical threshold.
server19,Warning,Mon Aug 28 2017 18:42:48,The system inlet temperature is greater than the upper warning threshold.
server19,Normal,Mon Aug 28 2017 18:46:03,The system inlet temperature is within range.
server19,Warning,Mon Aug 28 2017 18:46:22,The system inlet temperature is greater than the upper warning threshold.
server19,Normal,Mon Aug 28 2017 19:16:08,The system inlet temperature is within range.
server19,Critical,Tue Aug 29 2017 22:27:49,The power input for power supply 1 is lost.
server19,Critical,Tue Aug 29 2017 22:27:51,Power supply redundancy is lost.
server19,Warning,Fri Sep 08 2017 20:09:12,The system inlet temperature is greater than the upper warning threshold.
server19,Normal,Sat Sep 09 2017 06:12:53,The system inlet temperature is within range.
server19,Warning,Sat Sep 09 2017 13:36:28,The system inlet temperature is greater than the upper warning threshold.
server19,Normal,Sat Sep 09 2017 20:46:24,The system inlet temperature is within range.
server19,Warning,Sun Sep 10 2017 18:33:36,The system inlet temperature is greater than the upper warning threshold.
server19,Normal,Mon Sep 11 2017 12:19:30,The system inlet temperature is within range.
server19,Warning,Mon Sep 11 2017 12:20:14,The system inlet temperature is greater than the upper warning threshold.
server19,Normal,Mon Sep 11 2017 12:20:30,The system inlet temperature is within range.
server19,Warning,Mon Sep 11 2017 12:21:18,The system inlet temperature is greater than the upper warning threshold.
server19,Normal,Mon Sep 11 2017 12:21:28,The system inlet temperature is within range.
server19,Critical,Mon Sep 18 2017 22:11:27,The power input for power supply 1 is lost.
server19,Critical,Mon Sep 18 2017 22:11:28,Power supply redundancy is lost.
server19,Critical,Sat Dec 16 2017 11:07:01,The power input for power supply 1 is lost.
server19,Critical,Sat Dec 16 2017 11:07:03,Power supply redundancy is lost.
server19,Critical,Thu Dec 21 2017 13:17:26,The power input for power supply 2 is lost.
server19,Critical,Thu Dec 21 2017 13:17:27,Power supply redundancy is lost.
server19,Normal,Thu Dec 21 2017 13:19:03,The input power for power supply 2 has been restored.
server19,Normal,Thu Dec 21 2017 13:19:09,The power supplies are redundant.
server19,Critical,Thu Dec 21 2017 13:20:01,Power supply redundancy is lost.
server19,Critical,Thu Dec 21 2017 13:20:05,The power input for power supply 1 is lost.
server19,Normal,Thu Dec 21 2017 13:21:10,The input power for power supply 1 has been restored.
server19,Normal,Thu Dec 21 2017 13:21:16,The power supplies are redundant.
server19,Critical,Mon Apr 16 2018 11:29:33,Fault detected on drive 1 in disk drive bay 1.
server19,Critical,Sun May 20 2018 17:26:30,The power input for power supply 1 is lost.
server19,Critical,Sun May 20 2018 17:26:32,Power supply redundancy is lost.
server19,Normal,Mon May 21 2018 12:46:22,The input power for power supply 1 has been restored.
server19,Normal,Mon May 21 2018 12:46:28,The power supplies are redundant.
server19,Critical,Fri Jul 20 2018 19:43:59,The power input for power supply 1 is lost.
server19,Critical,Fri Jul 20 2018 19:43:59,Power supply 1 is incorrectly configured.
server19,Critical,Fri Jul 20 2018 19:44:00,Power supply redundancy is lost.
server19,Critical,Fri May 03 2019 14:40:25,The power input for power supply 1 is lost.
server19,Critical,Fri May 03 2019 14:40:26,Power supply redundancy is lost.
server19,Normal,Sat May 04 2019 14:49:51,The input power for power supply 1 has been restored.
server19,Normal,Sat May 04 2019 14:50:02,The power supplies are redundant.
server19,Critical,Tue May 21 2019 13:40:16,The power input for power supply 2 is lost.
server19,Critical,Tue May 21 2019 13:40:16,Power supply redundancy is lost.
server19,Normal,Tue May 21 2019 20:09:21,The input power for power supply 2 has been restored.
server19,Normal,Tue May 21 2019 20:09:26,The power supplies are redundant.
server19,Critical,Tue Jun 11 2019 04:06:43,The power input for power supply 1 is lost.
server19,Critical,Tue Jun 11 2019 04:06:45,Power supply redundancy is lost.
server19,Critical,Sun Jul 28 2019 06:50:02,The power input for power supply 1 is lost.
server19,Critical,Sun Jul 28 2019 06:50:04,Power supply redundancy is lost.
server19,Warning,Sun Jul 28 2019 06:50:45,The system inlet temperature is greater than the upper warning threshold.
