Server,Severity,Date/Time,Description
server07,Normal,Fri Dec 20 2013 13:43:57,Log cleared.
server07,Critical,Fri Feb 14 2014 00:44:29,Power supply redundancy is lost.
server07,Critical,Fri Feb 14 2014 00:44:34,The power input for power supply 1 is lost.
server07,Critical,Fri Feb 14 2014 00:50:19,The power input for power supply 1 is lost.
server07,Critical,Fri Feb 14 2014 00:50:22,Power supply redundancy is lost.
server07,Critical,Mon Mar 31 2014 16:18:58,The power input for power supply 2 is lost.
server07,Critical,Mon Mar 31 2014 16:19:03,Power supply redundancy is lost.
server07,Critical,Mon Mar 31 2014 18:11:05,The power input for power supply 2 is lost.
server07,Critical,Mon Mar 31 2014 18:11:06,Power supply redundancy is lost.
server07,Critical,Mon Apr 07 2014 21:46:43,Power supply redundancy is lost.
server07,Critical,Mon Apr 07 2014 21:46:43,The power input for power supply 2 is lost.
server07,Critical,Mon Apr 14 2014 10:50:35,Power supply redundancy is lost.
server07,Critical,Mon Apr 14 2014 10:50:41,The power input for power supply 2 is lost.
server07,Critical,Tue Apr 15 2014 18:12:59,Power supply redundancy is lost.
server07,Critical,Tue Apr 15 2014 18:13:02,The power input for power supply 1 is lost.
server07,Normal,Fri Apr 18 2014 19:03:03,The power supplies are redundant.
server07,Normal,Fri Apr 18 2014 19:03:07,The input power for power supply 1 has been restored.
server07,Critical,Fri Apr 18 2014 19:04:23,Power supply redundancy is lost.
server07,Critical,Fri Apr 18 2014 19:04:27,The power input for power supply 1 is lost.
server07,Warning,Mon Apr 21 2014 06:40:48,The system inlet temperature is greater than the upper warning threshold.
server07,Critical,Mon Apr 21 2014 06:59:33,The system inlet temperature is greater than the upper critical threshold.
server07,Warning,Mon Apr 21 2014 09:44:17,The temperature for power supply 2 is in a warning range.
server07,Critical,Mon Apr 21 2014 09:51:42,The PERC1 battery has failed.
server07,Normal,Mon Apr 21 2014 10:06:48,The PERC1 battery is operating normally.
server07,Critical,Mon Apr 21 2014 11:17:43,The system board PS2 PG Fail voltage is outside of range.
server07,Normal,Mon Apr 21 2014 11:17:43,Power supply 2 is operating normally.
server07,Critical,Mon Apr 21 2014 11:38:33,The temperature for power supply 2 is outside of range.
server07,Normal,Mon Apr 21 2014 11:38:50,Power supply 2 is operating normally.
server07,Critical,Mon Apr 21 2014 11:45:35,The temperature for power supply 2 is outside of range.
server07,Normal,Mon Apr 21 2014 11:45:51,Power supply 2 is operating normally.
server07,Critical,Mon Apr 21 2014 11:52:37,The temperature for power supply 2 is outside of range.
server07,Normal,Mon Apr 21 2014 11:52:51,Power supply 2 is operating normally.
server07,Warning,Mon Apr 21 2014 12:08:27,CPU 2 is throttled.
server07,Normal,Mon Apr 21 2014 12:08:58,CPU 2 is operating correctly.
server07,Warning,Mon Apr 21 2014 12:15:28,CPU 2 is throttled.
server07,Normal,Mon Apr 21 2014 12:16:03,CPU 2 is operating correctly.
server07,Warning,Mon Apr 21 2014 12:27:41,The temperature for power supply 2 is in a warning range.
server07,Warning,System Boot,The system inlet temperature is greater than the upper warning threshold.
server07,Critical,System Boot,The system inlet temperature is greater than the upper critical threshold.
server07,Critical,Mon Apr 21 2014 12:57:07,The power input for power supply 1 is lost.
server07,Critical,Mon Apr 21 2014 12:57:09,Power supply redundancy is lost.
server07,Warning,Mon Apr 21 2014 13:22:40,The system inlet temperature is greater than the upper warning threshold.
server07,Normal,Mon Apr 21 2014 13:36:58,The system inlet temperature is within range.
server07,Critical,Tue Apr 22 2014 18:32:43,The power input for power supply 1 is lost.
server07,Critical,Tue Apr 22 2014 18:32:45,Power supply redundancy is lost.
server07,Critical,Tue Apr 22 2014 19:21:07,The power input for power supply 1 is lost.
server07,Critical,Tue Apr 22 2014 19:21:09,Power supply redundancy is lost.
server07,Critical,Mon Apr 28 2014 22:26:54,Power supply redundancy is lost.
server07,Critical,Mon Apr 28 2014 22:26:58,The power input for power supply 1 is lost.
server07,Critical,Wed May 14 2014 15:31:41,The power input for power supply 1 is lost.
server07,Critical,Wed May 14 2014 15:31:41,Power supply redundancy is lost.
server07,Critical,Thu Jul 10 2014 20:55:40,Power supply redundancy is lost.
server07,Critical,Thu Jul 10 2014 20:55:44,The power input for power supply 1 is lost.
server07,Critical,Sat Aug 02 2014 01:23:53,The power input for power supply 1 is lost.
server07,Critical,Sat Aug 02 2014 01:23:55,Power supply redundancy is lost.
server07,Critical,Fri Aug 08 2014 20:30:27,The power input for power supply 1 is lost.
server07,Critical,Fri Aug 08 2014 20:30:29,Power supply redundancy is lost.
server07,Critical,Tue Aug 19 2014 15:46:54,Power supply redundancy is lost.
server07,Critical,Tue Aug 19 2014 15:46:58,The power input for power supply 1 is lost.
server07,Warning,Mon Sep 15 2014 17:55:33,The system inlet temperature is greater than the upper warning threshold.
server07,Critical,Mon Sep 15 2014 18:14:38,The system inlet temperature is greater than the upper critical threshold.
server07,Warning,Mon Sep 15 2014 18:23:35,The system inlet temperature is greater than the upper warning threshold.
server07,Normal,Mon Sep 15 2014 18:24:05,The system inlet temperature is within range.
server07,Warning,Mon Sep 15 2014 18:33:14,The system inlet temperature is greater than the upper warning threshold.
server07,Normal,Mon Sep 15 2014 19:07:55,The system inlet temperature is within range.
server07,Normal,Fri Sep 26 2014 21:10:01,The input power for power supply 1 has been restored.
server07,Normal,Fri Sep 26 2014 21:10:07,The power supplies are redundant.
server07,Critical,Fri Sep 26 2014 21:29:12,The power input for power supply 1 is lost.
server07,Critical,Fri Sep 26 2014 21:29:14,Power supply redundancy is lost.
server07,Normal,Fri Sep 26 2014 21:29:38,The input power for power supply 1 has been restored.
server07,Normal,Fri Sep 26 2014 21:29:44,The power supplies are redundant.
server07,Critical,Sun Oct 19 2014 21:03:49,Power supply redundancy is lost.
server07,Critical,Sun Oct 19 2014 21:03:53,The system board PS2 PG Fail voltage is outside of range.
server07,Critical,Sun Oct 19 2014 21:03:53,Power supply 2 is incorrectly configured.
server07,Warning,Sun Nov 09 2014 20:07:56,The system inlet temperature is greater than the upper warning threshold.
server07,Critical,Sun Nov 09 2014 20:27:32,The system inlet temperature is greater than the upper critical threshold.
server07,Critical,Sun Nov 09 2014 21:21:09,The power input for power supply 1 is lost.
server07,Critical,Sun Nov 09 2014 21:21:11,Power supply redundancy is lost.
server07,Warning,Mon Nov 24 2014 03:00:02,The system inlet temperature is greater than the upper warning threshold.
server07,Critical,Mon Nov 24 2014 03:15:48,The system inlet temperature is greater than the upper critical threshold.
server07,Critical,Mon Nov 24 2014 03:54:47,The power input for power supply 2 is lost.
server07,Critical,Mon Nov 24 2014 03:54:48,Power supply redundancy is lost.
server07,Warning,Mon Nov 24 2014 03:56:23,The system inlet temperature is greater than the upper warning threshold.
server07,Normal,Mon Nov 24 2014 04:00:23,The system inlet temperature is within range.
server07,Normal,Mon Nov 24 2014 12:36:11,The input power for power supply 2 has been restored.
server07,Normal,Mon Nov 24 2014 12:36:17,The power supplies are redundant.
server07,Warning,Tue Feb 03 2015 00:51:34,The system inlet temperature is greater than the upper warning threshold.
server07,Critical,Tue Feb 03 2015 01:06:09,The system inlet temperature is greater than the upper critical threshold.
server07,Warning,Sat Mar 14 2015 22:04:04,The system inlet temperature is greater than the upper warning threshold.
server07,Critical,Sat Mar 14 2015 22:20:08,The system inlet temperature is greater than the upper critical threshold.
server07,Critical,Sat Mar 14 2015 23:24:07,The power input for power supply 1 is lost.
server07,Critical,Sat Mar 14 2015 23:24:09,Power supply redundancy is lost.
server07,Warning,Fri Jun 05 2015 20:31:53,The system inlet temperature is greater than the upper warning threshold.
server07,Critical,Fri Jun 05 2015 20:51:14,The system inlet temperature is greater than the upper critical threshold.
server07,Warning,Fri Jun 05 2015 21:06:37,The system inlet temperature is greater than the upper warning threshold.
server07,Normal,Fri Jun 05 2015 21:07:14,The system inlet temperature is within range.
server07,Warning,Thu Aug 27 2015 11:13:49,The system inlet temperature is greater than the upper warning threshold.
server07,Critical,Thu Aug 27 2015 11:39:14,The system inlet temperature is greater than the upper critical threshold.
server07,Warning,Thu Aug 27 2015 12:06:31,The system inlet temperature is greater than the upper warning threshold.
server07,Normal,Thu Aug 27 2015 12:11:44,The system inlet temperature is within range.
server07,Warning,Sat Sep 03 2016 12:15:41,The system inlet temperature is greater than the upper warning threshold.
server07,Normal,Sat Sep 03 2016 12:22:55,The system inlet temperature is within range.
server07,Critical,Thu Oct 20 2016 09:29:13,The PERC1 battery has failed.
server07,Normal,Thu Oct 20 2016 09:30:23,The PERC1 battery is operating normally.
server07,Warning,Sun Oct 23 2016 18:12:29,The system inlet temperature is greater than the upper warning threshold.
server07,Normal,Sun Oct 23 2016 18:13:36,The system inlet temperature is within range.
server07,Warning,Mon Oct 31 2016 05:28:06,The system inlet temperature is greater than the upper warning threshold.
server07,Normal,Mon Oct 31 2016 05:43:18,The system inlet temperature is within range.
server07,Warning,Mon Oct 31 2016 05:43:50,The system inlet temperature is greater than the upper warning threshold.
server07,Normal,Mon Oct 31 2016 05:45:17,The system inlet temperature is within range.
server07,Warning,Sat Nov 12 2016 14:26:47,The system inlet temperature is greater than the upper warning threshold.
server07,Normal,Sat Nov 12 2016 14:31:01,The system inlet temperature is within range.
server07,Warning,Sun Nov 20 2016 11:06:46,The system inlet temperature is greater than the upper warning threshold.
server07,Critical,Sun Nov 20 2016 11:23:35,The system inlet temperature is greater than the upper critical threshold.
server07,Warning,Sun Nov 20 2016 12:05:12,The system inlet temperature is greater than the upper warning threshold.
server07,Normal,Sun Nov 20 2016 12:07:23,The system inlet temperature is within range.
server07,Warning,Sun Nov 20 2016 12:07:27,The system inlet temperature is greater than the upper warning threshold.
server07,Normal,Sun Nov 20 2016 12:07:35,The system inlet temperature is within range.
server07,Warning,Mon Nov 21 2016 09:16:18,The system inlet temperature is greater than the upper warning threshold.
server07,Critical,Mon Nov 21 2016 09:36:06,The system inlet temperature is greater than the upper critical threshold.
server07,Warning,Mon Nov 21 2016 09:56:55,The system inlet temperature is greater than the upper warning threshold.
server07,Critical,Mon Nov 21 2016 09:58:06,The system inlet temperature is greater than the upper critical threshold.
server07,Warning,Mon Nov 21 2016 09:58:23,The system inlet temperature is greater than the upper warning threshold.
server07,Critical,Mon Nov 21 2016 09:59:53,The system inlet temperature is greater than the upper critical threshold.
server07,Warning,Mon Nov 21 2016 10:01:28,The system inlet temperature is greater than the upper warning threshold.
server07,Normal,Mon Nov 21 2016 10:02:50,The system inlet temperature is within range.
server07,Warning,Mon Aug 28 2017 17:50:20,The system inlet temperature is greater than the upper warning threshold.
server07,Critical,Mon Aug 28 2017 18:07:42,The system inlet temperature is greater than the upper critical threshold.
server07,Warning,Mon Aug 28 2017 18:42:39,The system inlet temperature is greater than the upper warning threshold.
server07,Normal,Mon Aug 28 2017 18:45:15,The system inlet temperature is within range.
server07,Warning,Mon Aug 28 2017 18:46:53,The system inlet temperature is greater than the upper warning threshold.
server07,Normal,Mon Aug 28 2017 18:52:13,The system inlet temperature is within range.
server07,Critical,Tue Aug 29 2017 22:27:36,Power supply redundancy is lost.
server07,Critical,Tue Aug 29 2017 22:27:42,The power input for power supply 2 is lost.
server07,Warning,Sun Sep 10 2017 21:28:37,The system inlet temperature is greater than the upper warning threshold.
server07,Normal,Mon Sep 11 2017 03:15:14,The system inlet temperature is within range.
server07,Warning,Mon Sep 11 2017 03:20:12,The system inlet temperature is greater than the upper warning threshold.
server07,Normal,Mon Sep 11 2017 04:04:05,The system inlet temperature is within range.
server07,Warning,Mon Sep 11 2017 11:50:12,The system inlet temperature is greater than the upper warning threshold.
server07,Normal,Mon Sep 11 2017 11:59:46,The system inlet temperature is within range.
server07,Warning,Mon Sep 11 2017 12:05:16,The system inlet temperature is greater than the upper warning threshold.
server07,Normal,Mon Sep 11 2017 12:08:48,The system inlet temperature is within range.
server07,Warning,Mon Sep 11 2017 12:10:07,The system inlet temperature is greater than the upper warning threshold.
server07,Normal,Mon Sep 11 2017 12:13:18,The system inlet temperature is within range.
server07,Warning,Mon Sep 11 2017 12:14:28,The system inlet temperature is greater than the upper warning threshold.
server07,Normal,Mon Sep 11 2017 12:16:03,The system inlet temperature is within range.
server07,Warning,Mon Sep 11 2017 12:18:55,The system inlet temperature is greater than the upper warning threshold.
server07,Normal,Mon Sep 11 2017 12:21:21,The system inlet temperature is within range.
server07,Critical,Mon Sep 18 2017 22:12:10,The power input for power supply 2 is lost.
server07,Critical,Mon Sep 18 2017 22:12:10,Power supply redundancy is lost.
server07,Critical,Sun Oct 15 2017 23:25:07,The PERC1 battery has failed.
server07,Normal,Sun Oct 15 2017 23:26:12,The PERC1 battery is operating normally.
server07,Critical,Sat Dec 16 2017 10:08:38,The power input for power supply 2 is lost.
server07,Critical,Sat Dec 16 2017 10:08:38,Power supply redundancy is lost.
server07,Critical,Sun Jan 14 2018 02:08:58,The PERC1 battery has failed.
server07,Normal,Sun Jan 14 2018 02:10:03,The PERC1 battery is operating normally.
server07,Normal,Thu Feb 22 2018 14:31:53,The power supplies are redundant.
server07,Critical,Sun May 20 2018 17:26:37,The power input for power supply 2 is lost.
server07,Critical,Sun May 20 2018 17:26:38,Power supply redundancy is lost.
server07,Normal,Mon May 21 2018 12:46:25,The input power for power supply 2 has been restored.
server07,Normal,Mon May 21 2018 12:46:36,The power supplies are redundant.
server07,Critical,Wed Jun 06 2018 13:49:38,The power input for power supply 2 is lost.
server07,Critical,Wed Jun 06 2018 13:49:39,Power supply redundancy is lost.
server07,Normal,Wed Jun 06 2018 15:50:26,The input power for power supply 2 has been restored.
server07,Normal,Wed Jun 06 2018 15:50:37,The power supplies are redundant.
server07,Critical,Wed Jun 06 2018 16:05:51,The power input for power supply 2 is lost.
server07,Critical,Wed Jun 06 2018 16:05:52,Power supply redundancy is lost.
server07,Normal,Wed Jun 06 2018 16:10:52,The input power for power supply 2 has been restored.
server07,Normal,Wed Jun 06 2018 16:11:03,The power supplies are redundant.
server07,Critical,Fri May 03 2019 14:26:32,Power supply redundancy is lost.
server07,Critical,Fri May 03 2019 14:26:42,The power input for power supply 1 is lost.
server07,Warning,Fri May 03 2019 22:39:30,Correctable memory error rate exceeded for DIMM_A2.
server07,Critical,Fri May 03 2019 22:39:31,Correctable memory error rate exceeded for DIMM_A2.
server07,Normal,Sat May 04 2019 14:39:43,The input power for power supply 1 has been restored.
server07,Normal,Sat May 04 2019 14:39:49,The power supplies are redundant.
server07,Warning,Mon May 06 2019 16:43:59,Correctable memory error rate exceeded for DIMM_A2.
server07,Critical,Tue May 21 2019 13:29:06,The power input for power supply 2 is lost.
server07,Critical,Tue May 21 2019 13:29:07,Power supply redundancy is lost.
server07,Normal,Tue May 21 2019 19:58:08,The input power for power supply 2 has been restored.
server07,Normal,Tue May 21 2019 19:58:18,The power supplies are redundant.
server07,Warning,Wed May 22 2019 08:25:46,Correctable memory error rate exceeded for DIMM_A2.
server07,Critical,Wed May 22 2019 08:25:46,Correctable memory error rate exceeded for DIMM_A2.
server07,Critical,Mon Jun 03 2019 19:13:04,The chassis is open while the power is off.
server07,Critical,Mon Jun 03 2019 19:15:29,The chassis is open while the power is off.
server07,Normal,Mon Jun 03 2019 19:15:34,The chassis is closed while the power is off.
server07,Critical,Sun Jul 28 2019 06:38:57,The power input for power supply 1 is lost.
server07,Critical,Sun Jul 28 2019 06:38:59,Power supply redundancy is lost.
server07,Critical,Fri Aug 16 2019 14:23:18,The power input for power supply 1 is lost.
server07,Critical,Fri Aug 16 2019 14:23:18,Power supply 1 is absent.
server07,Critical,Fri Aug 16 2019 14:23:20,Power supply redundancy is lost.
server07,Normal,Fri Aug 16 2019 14:24:19,Power supply 1 is present.
server07,Normal,Fri Aug 16 2019 14:24:34,The input power for power supply 1 has been restored.
server07,Normal,Fri Aug 16 2019 14:24:41,The power supplies are redundant.
server07,Critical,Fri Aug 16 2019 20:34:15,Power supply redundancy is lost.
server07,Critical,Fri Aug 16 2019 20:34:18,The power input for power supply 1 is lost.
server07,Critical,Fri Aug 16 2019 20:34:18,Power supply 1 is absent.
server07,Normal,Fri Aug 16 2019 20:34:44,Power supply 1 is present.
server07,Normal,Fri Aug 16 2019 20:34:44,The input power for power supply 1 has been restored.
server07,Critical,Fri Aug 16 2019 20:34:50,The power input for power supply 1 is lost.
server07,Normal,Fri Aug 16 2019 20:35:00,The input power for power supply 1 has been restored.
server07,Normal,Fri Aug 16 2019 20:35:12,The power supplies are redundant.
