"Normal","Wed Mar 05 2014 15:36:40","Log cleared."
"Normal","Wed Mar 05 2014 15:37:00","An OS graceful shut-down occurred."
"Normal","Wed Mar 05 2014 15:37:01","OEM software event."
"Critical","Tue Apr 29 2014 07:58:02","The chassis is open while the power is off."
"Normal","Tue Apr 29 2014 07:58:08","The chassis is closed while the power is off."
"Critical","Tue Apr 29 2014 07:56:52","The power input for power supply 2 is lost."
"Normal","Tue Apr 29 2014 08:03:07","The input power for power supply 2 has been restored."
"Critical","Thu May 01 2014 03:32:03","The power input for power supply 1 is lost."
"Normal","Tue May 06 2014 02:02:30","The input power for power supply 1 has been restored."
"Critical","Tue May 06 2014 02:37:22","The power input for power supply 1 is lost."
"Normal","Tue May 06 2014 02:49:14","The input power for power supply 1 has been restored."
"Critical","Tue May 06 2014 07:03:34","The power input for power supply 1 is lost."
"Normal","Tue May 06 2014 21:07:39","The input power for power supply 1 has been restored."
"Critical","Tue May 06 2014 21:28:41","The power input for power supply 1 is lost."
"Normal","Tue May 06 2014 21:28:56","The input power for power supply 1 has been restored."
"Critical","Tue May 06 2014 21:31:02","Power supply 1 is incorrectly configured."
"Critical","Tue May 06 2014 21:31:04","The system board PS1 PG Fail voltage is outside of range."
"Warning","Mon Sep 15 2014 17:53:54","The system inlet temperature is greater than the upper warning threshold."
"Critical","Mon Sep 15 2014 18:11:04","The system inlet temperature is greater than the upper critical threshold."
"Warning","Mon Sep 15 2014 18:24:58","The system inlet temperature is greater than the upper warning threshold."
"Critical","Mon Sep 15 2014 18:46:08","The system inlet temperature is greater than the upper critical threshold."
"Warning","Mon Sep 15 2014 19:10:41","The system inlet temperature is greater than the upper warning threshold."
"Normal","Mon Sep 15 2014 19:22:23","The system inlet temperature is within range."
"Warning","Mon Sep 15 2014 19:49:14","The system inlet temperature is greater than the upper warning threshold."
"Normal","Mon Sep 15 2014 20:09:40","The system inlet temperature is within range."
"Warning","Sun Nov 09 2014 20:03:29","The system inlet temperature is greater than the upper warning threshold."
"Critical","Sun Nov 09 2014 20:22:22","The system inlet temperature is greater than the upper critical threshold."
"Critical","Mon Nov 10 2014 14:38:13","The PERC1 battery has failed."
"Normal","Mon Nov 10 2014 14:39:18","The PERC1 battery is operating normally."
"Warning","Mon Nov 24 2014 02:58:57","The system inlet temperature is greater than the upper warning threshold."
"Critical","Mon Nov 24 2014 03:15:21","The system inlet temperature is greater than the upper critical threshold."
"Critical","Mon Nov 24 2014 03:54:34","The power input for power supply 1 is lost."
"Warning","Mon Nov 24 2014 04:05:20","The system inlet temperature is greater than the upper warning threshold."
"Normal","Mon Nov 24 2014 04:11:01","The system inlet temperature is within range."
"Normal","Mon Nov 24 2014 12:36:00","The input power for power supply 1 has been restored."
"Warning","Tue Feb 03 2015 00:49:04","The system inlet temperature is greater than the upper warning threshold."
"Critical","Tue Feb 03 2015 01:02:45","The system inlet temperature is greater than the upper critical threshold."
"Warning","Sat Mar 14 2015 22:01:38","The system inlet temperature is greater than the upper warning threshold."
"Critical","Sat Mar 14 2015 22:17:35","The system inlet temperature is greater than the upper critical threshold."
"Critical","Sat Mar 14 2015 23:23:37","The power input for power supply 2 is lost."
"Warning","Fri Jun 05 2015 20:29:29","The system inlet temperature is greater than the upper warning threshold."
"Critical","Fri Jun 05 2015 20:46:05","The system inlet temperature is greater than the upper critical threshold."
"Warning","Fri Jun 05 2015 21:07:08","The system inlet temperature is greater than the upper warning threshold."
"Normal","Fri Jun 05 2015 21:13:56","The system inlet temperature is within range."
"Warning","Fri Jun 05 2015 21:18:55","The system inlet temperature is greater than the upper warning threshold."
"Normal","Fri Jun 05 2015 21:19:20","The system inlet temperature is within range."
"Warning","Fri Jun 05 2015 21:21:42","The system inlet temperature is greater than the upper warning threshold."
"Normal","Fri Jun 05 2015 21:24:46","The system inlet temperature is within range."
"Critical","Sat Aug 01 2015 12:45:57","The power input for power supply 2 is lost."
"Warning","Thu Aug 27 2015 11:08:47","The system inlet temperature is greater than the upper warning threshold."
"Critical","Thu Aug 27 2015 11:27:33","The system inlet temperature is greater than the upper critical threshold."
"Warning","Thu Aug 27 2015 12:11:25","The system inlet temperature is greater than the upper warning threshold."
"Normal","Thu Aug 27 2015 12:14:12","The system inlet temperature is within range."
"Warning","Thu Aug 27 2015 12:14:49","The system inlet temperature is greater than the upper warning threshold."
"Normal","Thu Aug 27 2015 12:15:19","The system inlet temperature is within range."
"Warning","Fri Feb 05 2016 17:35:58","The system inlet temperature is greater than the upper warning threshold."
"Normal","Fri Feb 05 2016 17:36:54","The system inlet temperature is within range."
"Critical","Thu Jun 02 2016 20:19:43","The power input for power supply 2 is lost."
"Warning","Sat Sep 03 2016 12:13:28","The system inlet temperature is greater than the upper warning threshold."
"Normal","Sat Sep 03 2016 12:24:11","The system inlet temperature is within range."
"Warning","Sun Oct 23 2016 18:11:17","The system inlet temperature is greater than the upper warning threshold."
"Normal","Sun Oct 23 2016 18:13:13","The system inlet temperature is within range."
"Warning","Mon Oct 31 2016 05:25:54","The system inlet temperature is greater than the upper warning threshold."
"Normal","Mon Oct 31 2016 05:42:32","The system inlet temperature is within range."
"Warning","Sat Nov 12 2016 14:24:30","The system inlet temperature is greater than the upper warning threshold."
"Normal","Sat Nov 12 2016 14:30:18","The system inlet temperature is within range."
"Warning","Sun Nov 20 2016 11:02:25","The system inlet temperature is greater than the upper warning threshold."
"Critical","Sun Nov 20 2016 11:19:26","The system inlet temperature is greater than the upper critical threshold."
"Warning","Sun Nov 20 2016 12:04:43","The system inlet temperature is greater than the upper warning threshold."
"Normal","Sun Nov 20 2016 12:05:36","The system inlet temperature is within range."
"Warning","Mon Nov 21 2016 09:09:45","The system inlet temperature is greater than the upper warning threshold."
"Critical","Mon Nov 21 2016 09:29:02","The system inlet temperature is greater than the upper critical threshold."
"Warning","Mon Nov 21 2016 09:55:52","The system inlet temperature is greater than the upper warning threshold."
"Normal","Mon Nov 21 2016 10:01:19","The system inlet temperature is within range."
"Warning","Mon Aug 28 2017 17:53:54","The system inlet temperature is greater than the upper warning threshold."
"Critical","Mon Aug 28 2017 18:08:27","The system inlet temperature is greater than the upper critical threshold."
"Warning","Mon Aug 28 2017 18:45:19","The system inlet temperature is greater than the upper warning threshold."
"Critical","Mon Aug 28 2017 18:48:02","The system inlet temperature is greater than the upper critical threshold."
"Warning","Mon Aug 28 2017 19:06:10","The system inlet temperature is greater than the upper warning threshold."
"Normal","Mon Aug 28 2017 19:19:23","The system inlet temperature is within range."
"Critical","Tue Aug 29 2017 17:27:40","The power input for power supply 1 is lost."
"Warning","Fri Sep 08 2017 19:34:18","The system inlet temperature is greater than the upper warning threshold."
"Normal","Sat Sep 09 2017 06:22:09","The system inlet temperature is within range."
"Warning","Sat Sep 09 2017 12:58:58","The system inlet temperature is greater than the upper warning threshold."
"Warning","Sat Sep 09 2017 14:30:07","Correctable memory error rate exceeded for DIMM_A1."
"Normal","Sat Sep 09 2017 20:32:41","The system inlet temperature is within range."
"Warning","Sat Sep 09 2017 20:47:38","The system inlet temperature is greater than the upper warning threshold."
"Normal","Sat Sep 09 2017 21:00:51","The system inlet temperature is within range."
"Warning","Sat Sep 09 2017 23:17:03","The system inlet temperature is greater than the upper warning threshold."
"Normal","Sat Sep 09 2017 23:48:13","The system inlet temperature is within range."
"Warning","Sun Sep 10 2017 16:49:39","The system inlet temperature is greater than the upper warning threshold."
"Normal","Sun Sep 10 2017 16:49:48","The system inlet temperature is within range."
"Warning","Sun Sep 10 2017 18:31:55","The system inlet temperature is greater than the upper warning threshold."
"Critical","Mon Sep 11 2017 02:19:03","Correctable memory error rate exceeded for DIMM_A1."
"Normal","Mon Sep 11 2017 12:27:02","The system inlet temperature is within range."
"Critical","Mon Sep 18 2017 22:11:50","The power input for power supply 1 is lost."
"Critical","Sat Dec 16 2017 10:05:58","The power input for power supply 2 is lost."
"Critical","Thu Dec 21 2017 13:19:19","The power input for power supply 1 is lost."
"Normal","Thu Dec 21 2017 13:19:44","The input power for power supply 1 has been restored."
"Critical","Thu Dec 21 2017 13:21:30","The power input for power supply 1 is lost."
"Normal","Thu Dec 21 2017 13:22:20","The input power for power supply 1 has been restored."
"Critical","Sun May 20 2018 17:26:11","The power input for power supply 1 is lost."
"Normal","Mon May 21 2018 12:46:03","The input power for power supply 1 has been restored."
"Critical","Wed Jun 06 2018 13:49:33","The power input for power supply 1 is lost."
"Normal","Wed Jun 06 2018 15:50:27","The input power for power supply 1 has been restored."
"Critical","Wed Jun 06 2018 16:05:46","The power input for power supply 1 is lost."
"Normal","Wed Jun 06 2018 16:10:52","The input power for power supply 1 has been restored."
"Critical","Fri May 03 2019 14:34:32","The power input for power supply 1 is lost."
"Normal","Sat May 04 2019 14:50:18","The input power for power supply 1 has been restored."
"Critical","Mon May 06 2019 17:27:19","The power input for power supply 1 is lost."
"Critical","Tue May 21 2019 13:40:41","The power input for power supply 2 is lost."
"Normal","Tue May 21 2019 20:09:42","The input power for power supply 2 has been restored."
"Critical","Fri Jun 28 2019 03:04:27","Fault detected on drive 0 in disk drive bay 1."
"Critical","Sat Jun 29 2019 13:20:25","Fault detected on drive 0 in disk drive bay 1."
"Critical","Mon Jul 15 2019 22:06:09","Fault detected on drive 0 in disk drive bay 1."
"Critical","Wed Jul 17 2019 14:03:31","Drive 0 is removed from disk drive bay 1."
"Normal","Wed Jul 17 2019 14:03:31","Drive 0 in disk drive bay 1 is operating normally."
"Normal","Wed Jul 17 2019 14:08:17","Drive 0 is installed in disk drive bay 1."
"Warning","Sun Jul 28 2019 06:47:26","The system inlet temperature is greater than the upper warning threshold."
"Critical","Sun Jul 28 2019 06:48:10","The power input for power supply 1 is lost."
