Server,Severity,Date/Time,Description
server10,Normal,Fri Dec 20 2013 18:39:42,Log cleared.
server10,Critical,Mon Mar 31 2014 14:24:58,The power input for power supply 2 is lost.
server10,Critical,Mon Mar 31 2014 14:25:09,Power supply redundancy is lost.
server10,Normal,Mon Mar 31 2014 13:28:51,The input power for power supply 2 has been restored.
server10,Normal,Mon Mar 31 2014 13:29:01,The power supplies are redundant.
server10,Critical,Mon Mar 31 2014 14:11:22,The power input for power supply 2 is lost.
server10,Critical,Mon Mar 31 2014 14:11:27,Power supply redundancy is lost.
server10,Normal,Mon Mar 31 2014 14:11:33,The input power for power supply 2 has been restored.
server10,Normal,Mon Mar 31 2014 14:11:43,The power supplies are redundant.
server10,Critical,Mon Mar 31 2014 14:16:03,The power input for power supply 2 is lost.
server10,Critical,Mon Mar 31 2014 14:16:09,Power supply redundancy is lost.
server10,Normal,Mon Mar 31 2014 14:17:33,The input power for power supply 2 has been restored.
server10,Normal,Mon Mar 31 2014 14:17:39,The power supplies are redundant.
server10,Critical,Tue Apr 01 2014 22:16:38,Power supply redundancy is lost.
server10,Critical,Tue Apr 01 2014 22:16:43,The power input for power supply 2 is lost.
server10,Critical,Mon Apr 07 2014 21:24:18,Power supply redundancy is lost.
server10,Critical,Mon Apr 07 2014 21:24:28,The power input for power supply 2 is lost.
server10,Critical,Mon Apr 14 2014 10:49:50,Power supply redundancy is lost.
server10,Critical,Mon Apr 14 2014 10:49:55,The power input for power supply 2 is lost.
server10,Normal,Tue Apr 15 2014 13:18:56,The input power for power supply 2 has been restored.
server10,Normal,Tue Apr 15 2014 13:19:06,The power supplies are redundant.
server10,Critical,Tue Apr 15 2014 13:33:57,Power supply redundancy is lost.
server10,Critical,Tue Apr 15 2014 13:33:57,The power input for power supply 2 is lost.
server10,Normal,Tue Apr 15 2014 13:34:27,The input power for power supply 2 has been restored.
server10,Normal,Tue Apr 15 2014 13:34:32,The power supplies are redundant.
server10,Warning,Mon Apr 21 2014 06:43:53,The system inlet temperature is greater than the upper warning threshold.
server10,Critical,Mon Apr 21 2014 07:04:19,The system inlet temperature is greater than the upper critical threshold.
server10,Warning,Mon Apr 21 2014 09:57:23,The temperature for power supply 2 is in a warning range.
server10,Critical,Mon Apr 21 2014 10:00:56,The PERC1 battery has failed.
server10,Warning,Mon Apr 21 2014 10:01:55,The temperature for power supply 1 is in a warning range.
server10,Normal,Mon Apr 21 2014 10:03:07,The PERC1 battery is operating normally.
server10,Critical,Mon Apr 21 2014 11:19:50,The temperature for power supply 2 is outside of range.
server10,Critical,Mon Apr 21 2014 11:19:51,The system board PS2 PG Fail voltage is outside of range.
server10,Critical,Mon Apr 21 2014 11:19:51,Power supply redundancy is lost.
server10,Critical,Mon Apr 21 2014 11:23:55,The system board PS1 PG Fail voltage is outside of range.
server10,Normal,Mon Apr 21 2014 11:23:55,Power supply 1 is operating normally.
server10,Normal,Mon Apr 21 2014 11:23:56,Power supply 2 is operating normally.
server10,Critical,Mon Apr 21 2014 11:28:52,The temperature for power supply 1 is outside of range.
server10,Normal,Mon Apr 21 2014 11:29:05,Power supply 1 is operating normally.
server10,Critical,Mon Apr 21 2014 11:34:00,The temperature for power supply 1 is outside of range.
server10,Normal,Mon Apr 21 2014 11:34:15,Power supply 1 is operating normally.
server10,Critical,Mon Apr 21 2014 11:39:08,The temperature for power supply 1 is outside of range.
server10,Normal,Mon Apr 21 2014 11:39:21,Power supply 1 is operating normally.
server10,Critical,Mon Apr 21 2014 11:44:15,The temperature for power supply 1 is outside of range.
server10,Normal,Mon Apr 21 2014 11:44:31,Power supply 1 is operating normally.
server10,Critical,Mon Apr 21 2014 11:54:32,The temperature for power supply 1 is outside of range.
server10,Normal,Mon Apr 21 2014 11:54:48,Power supply 1 is operating normally.
server10,Critical,Mon Apr 21 2014 12:04:47,The temperature for power supply 1 is outside of range.
server10,Normal,Mon Apr 21 2014 12:05:04,Power supply 1 is operating normally.
server10,Warning,Mon Apr 21 2014 12:07:00,CPU 1 is throttled.
server10,Normal,Mon Apr 21 2014 12:07:15,CPU 1 is operating correctly.
server10,Critical,Mon Apr 21 2014 12:09:55,The temperature for power supply 1 is outside of range.
server10,Normal,Mon Apr 21 2014 12:10:10,Power supply 1 is operating normally.
server10,Critical,Mon Apr 21 2014 12:15:04,The temperature for power supply 1 is outside of range.
server10,Normal,Mon Apr 21 2014 12:15:21,Power supply 1 is operating normally.
server10,Warning,Mon Apr 21 2014 12:20:08,The temperature for power supply 1 is in a warning range.
server10,Warning,Mon Apr 21 2014 12:20:13,A predictive failure detected on power supply 2.
server10,Normal,Mon Apr 21 2014 12:32:47,Power supply 1 is operating normally.
server10,Normal,Mon Apr 21 2014 12:34:58,Power supply 2 is operating normally.
server10,Warning,System Boot,The system inlet temperature is greater than the upper warning threshold.
server10,Critical,System Boot,The system inlet temperature is greater than the upper critical threshold.
server10,Critical,Mon Apr 21 2014 13:02:34,The power input for power supply 1 is lost.
server10,Critical,Mon Apr 21 2014 13:02:36,Power supply redundancy is lost.
server10,Warning,Mon Apr 21 2014 13:07:34,The system inlet temperature is greater than the upper warning threshold.
server10,Normal,Mon Apr 21 2014 13:16:50,The system inlet temperature is within range.
server10,Critical,Fri Apr 25 2014 19:33:52,The power input for power supply 1 is lost.
server10,Critical,Fri Apr 25 2014 19:33:54,Power supply redundancy is lost.
server10,Critical,Mon Apr 28 2014 22:26:11,Power supply redundancy is lost.
server10,Critical,Mon Apr 28 2014 22:26:20,The power input for power supply 1 is lost.
server10,Normal,Mon Apr 28 2014 22:58:44,The input power for power supply 1 has been restored.
server10,Normal,Mon Apr 28 2014 22:58:55,The power supplies are redundant.
server10,Critical,Wed Apr 30 2014 19:33:09,The power input for power supply 1 is lost.
server10,Critical,Wed Apr 30 2014 19:33:10,Power supply redundancy is lost.
server10,Critical,Mon May 05 2014 18:38:42,The power input for power supply 1 is lost.
server10,Critical,Mon May 05 2014 18:38:44,Power supply redundancy is lost.
server10,Critical,Mon May 05 2014 23:04:52,The power input for power supply 1 is lost.
server10,Critical,Mon May 05 2014 23:04:54,Power supply redundancy is lost.
server10,Warning,Mon Sep 15 2014 18:03:05,The system inlet temperature is greater than the upper warning threshold.
server10,Critical,Mon Sep 15 2014 18:23:20,The system inlet temperature is greater than the upper critical threshold.
server10,Warning,Mon Sep 15 2014 18:25:02,The system inlet temperature is greater than the upper warning threshold.
server10,Normal,Mon Sep 15 2014 19:06:24,The system inlet temperature is within range.
server10,Warning,Sun Nov 09 2014 20:15:46,The system inlet temperature is greater than the upper warning threshold.
server10,Critical,Sun Nov 09 2014 20:47:10,The system inlet temperature is greater than the upper critical threshold.
server10,Warning,Mon Nov 24 2014 03:07:34,The system inlet temperature is greater than the upper warning threshold.
server10,Critical,Mon Nov 24 2014 03:25:46,The system inlet temperature is greater than the upper critical threshold.
server10,Critical,Mon Nov 24 2014 03:54:32,Power supply redundancy is lost.
server10,Critical,Mon Nov 24 2014 03:54:36,The power input for power supply 1 is lost.
server10,Warning,Mon Nov 24 2014 04:06:50,The system inlet temperature is greater than the upper warning threshold.
server10,Normal,Mon Nov 24 2014 04:12:01,The system inlet temperature is within range.
server10,Normal,Mon Nov 24 2014 12:35:58,The input power for power supply 1 has been restored.
server10,Normal,Mon Nov 24 2014 12:36:09,The power supplies are redundant.
server10,Warning,Tue Feb 03 2015 00:55:37,The system inlet temperature is greater than the upper warning threshold.
server10,Critical,Tue Feb 03 2015 01:15:44,The system inlet temperature is greater than the upper critical threshold.
server10,Warning,Sat Mar 14 2015 22:10:52,The system inlet temperature is greater than the upper warning threshold.
server10,Critical,Sat Mar 14 2015 22:28:50,The system inlet temperature is greater than the upper critical threshold.
server10,Critical,Sat Mar 14 2015 23:23:38,The power input for power supply 2 is lost.
server10,Critical,Sat Mar 14 2015 23:23:39,Power supply redundancy is lost.
server10,Warning,Fri Jun 05 2015 20:38:15,The system inlet temperature is greater than the upper warning threshold.
server10,Critical,Fri Jun 05 2015 21:06:18,The system inlet temperature is greater than the upper critical threshold.
server10,Warning,Fri Jun 05 2015 21:14:33,The system inlet temperature is greater than the upper warning threshold.
server10,Normal,Fri Jun 05 2015 21:18:48,The system inlet temperature is within range.
server10,Warning,Fri Jun 05 2015 21:20:24,The system inlet temperature is greater than the upper warning threshold.
server10,Normal,Fri Jun 05 2015 21:28:58,The system inlet temperature is within range.
server10,Warning,Thu Aug 27 2015 11:17:34,The system inlet temperature is greater than the upper warning threshold.
server10,Critical,Thu Aug 27 2015 11:41:53,The system inlet temperature is greater than the upper critical threshold.
server10,Warning,Thu Aug 27 2015 12:18:45,The system inlet temperature is greater than the upper warning threshold.
server10,Normal,Thu Aug 27 2015 12:26:04,The system inlet temperature is within range.
server10,Warning,Mon Oct 05 2015 19:07:23,The system inlet temperature is greater than the upper warning threshold.
server10,Normal,Mon Oct 05 2015 19:20:52,The system inlet temperature is within range.
server10,Critical,Thu Jun 02 2016 20:19:46,The power input for power supply 2 is lost.
server10,Critical,Thu Jun 02 2016 20:19:47,Power supply redundancy is lost.
server10,Warning,Sat Sep 03 2016 12:20:11,The system inlet temperature is greater than the upper warning threshold.
server10,Normal,Sat Sep 03 2016 12:21:39,The system inlet temperature is within range.
server10,Warning,Mon Oct 31 2016 05:35:12,The system inlet temperature is greater than the upper warning threshold.
server10,Normal,Mon Oct 31 2016 05:42:33,The system inlet temperature is within range.
server10,Normal,Thu Nov 03 2016 20:32:03,The power supplies are redundant.
server10,Warning,Sun Nov 20 2016 11:11:28,The system inlet temperature is greater than the upper warning threshold.
server10,Critical,Sun Nov 20 2016 11:29:21,The system inlet temperature is greater than the upper critical threshold.
server10,Warning,Sun Nov 20 2016 12:04:51,The system inlet temperature is greater than the upper warning threshold.
server10,Normal,Sun Nov 20 2016 12:06:03,The system inlet temperature is within range.
server10,Warning,Sun Nov 20 2016 12:06:24,The system inlet temperature is greater than the upper warning threshold.
server10,Normal,Sun Nov 20 2016 12:06:34,The system inlet temperature is within range.
server10,Warning,Mon Nov 21 2016 09:22:50,The system inlet temperature is greater than the upper warning threshold.
server10,Critical,Mon Nov 21 2016 09:44:11,The system inlet temperature is greater than the upper critical threshold.
server10,Warning,Mon Nov 21 2016 09:55:58,The system inlet temperature is greater than the upper warning threshold.
server10,Normal,Mon Nov 21 2016 10:01:49,The system inlet temperature is within range.
server10,Warning,Mon Aug 21 2017 22:54:07,Correctable Machine Check Exception detected on CPU 2.
server10,Warning,Mon Aug 28 2017 17:57:08,The system inlet temperature is greater than the upper warning threshold.
server10,Critical,Mon Aug 28 2017 18:13:51,The system inlet temperature is greater than the upper critical threshold.
server10,Warning,Mon Aug 28 2017 18:46:49,The system inlet temperature is greater than the upper warning threshold.
server10,Normal,Mon Aug 28 2017 19:13:46,The system inlet temperature is within range.
server10,Critical,Tue Aug 29 2017 22:27:56,The power input for power supply 1 is lost.
server10,Critical,Tue Aug 29 2017 22:27:59,Power supply redundancy is lost.
server10,Warning,Sat Sep 09 2017 16:17:46,The system inlet temperature is greater than the upper warning threshold.
server10,Normal,Sat Sep 09 2017 18:24:07,The system inlet temperature is within range.
server10,Warning,Sun Sep 10 2017 19:14:10,The system inlet temperature is greater than the upper warning threshold.
server10,Normal,Sun Sep 10 2017 19:14:43,The system inlet temperature is within range.
server10,Warning,Sun Sep 10 2017 20:17:25,The system inlet temperature is greater than the upper warning threshold.
server10,Normal,Mon Sep 11 2017 06:12:30,The system inlet temperature is within range.
server10,Warning,Mon Sep 11 2017 10:57:59,The system inlet temperature is greater than the upper warning threshold.
server10,Warning,Mon Sep 11 2017 11:12:14,The temperature for power supply 2 is in a warning range.
server10,Normal,Mon Sep 11 2017 12:32:20,The system inlet temperature is within range.
server10,Normal,Mon Sep 11 2017 15:03:24,Power supply 2 is operating normally.
server10,Critical,Mon Sep 18 2017 22:12:02,The power input for power supply 1 is lost.
server10,Critical,Mon Sep 18 2017 22:12:05,Power supply redundancy is lost.
server10,Normal,Thu Sep 21 2017 19:14:54,The power supplies are redundant.
server10,Critical,Tue Oct 10 2017 07:05:30,Fault detected on drive 5 in disk drive bay 1.
server10,Critical,Wed Nov 01 2017 14:23:41,Fault detected on drive 5 in disk drive bay 1.
server10,Normal,Wed Nov 01 2017 14:35:58,Drive 5 in disk drive bay 1 is operating normally.
server10,Critical,Sat Dec 16 2017 10:05:56,The power input for power supply 2 is lost.
server10,Critical,Sat Dec 16 2017 10:05:57,Power supply redundancy is lost.
server10,Critical,Thu Dec 21 2017 13:19:15,The power input for power supply 1 is lost.
server10,Critical,Thu Dec 21 2017 13:19:16,Power supply redundancy is lost.
server10,Normal,Thu Dec 21 2017 13:19:40,The input power for power supply 1 has been restored.
server10,Normal,Thu Dec 21 2017 13:19:47,The power supplies are redundant.
server10,Critical,Thu Dec 21 2017 13:21:33,The power input for power supply 1 is lost.
server10,Critical,Thu Dec 21 2017 13:21:35,Power supply redundancy is lost.
server10,Normal,Thu Dec 21 2017 13:22:18,The input power for power supply 1 has been restored.
server10,Normal,Thu Dec 21 2017 13:22:25,The power supplies are redundant.
server10,Critical,Sun May 20 2018 17:26:07,The power input for power supply 1 is lost.
server10,Critical,Sun May 20 2018 17:26:09,Power supply redundancy is lost.
server10,Normal,Mon May 21 2018 12:46:01,The input power for power supply 1 has been restored.
server10,Normal,Mon May 21 2018 12:46:08,The power supplies are redundant.
server10,Critical,Wed Jun 06 2018 13:49:22,Power supply redundancy is lost.
server10,Critical,Wed Jun 06 2018 13:49:26,The power input for power supply 1 is lost.
server10,Normal,Wed Jun 06 2018 15:50:18,The input power for power supply 1 has been restored.
server10,Normal,Wed Jun 06 2018 15:50:20,The power supplies are redundant.
server10,Critical,Wed Jun 06 2018 16:05:34,Power supply redundancy is lost.
server10,Critical,Wed Jun 06 2018 16:05:38,The power input for power supply 1 is lost.
server10,Normal,Wed Jun 06 2018 16:10:40,The input power for power supply 1 has been restored.
server10,Normal,Wed Jun 06 2018 16:10:46,The power supplies are redundant.
server10,Critical,Thu Jun 28 2018 12:17:01,Drive 5 is removed from disk drive bay 1.
server10,Normal,Thu Jun 28 2018 12:19:08,Drive 5 is installed in disk drive bay 1.
server10,Warning,Fri Jun 29 2018 13:15:39,Correctable memory error rate exceeded for DIMM_B4.
server10,Critical,Sun Jul 01 2018 01:04:35,Correctable memory error rate exceeded for DIMM_B4.
server10,Critical,Mon Jul 02 2018 19:45:50,The chassis is open while the power is off.
server10,Normal,Mon Jul 02 2018 19:49:00,The chassis is closed while the power is off.
server10,Critical,Thu Jul 05 2018 12:37:18,The chassis is open while the power is off.
server10,Normal,Thu Jul 05 2018 12:38:38,The chassis is closed while the power is off.
server10,Critical,Fri May 03 2019 14:21:06,The power input for power supply 1 is lost.
server10,Critical,Fri May 03 2019 14:21:07,Power supply redundancy is lost.
server10,Normal,Sat May 04 2019 14:32:02,The input power for power supply 1 has been restored.
server10,Normal,Sat May 04 2019 14:32:08,The power supplies are redundant.
server10,Critical,Mon May 06 2019 17:09:01,The power input for power supply 1 is lost.
server10,Critical,Mon May 06 2019 17:09:02,Power supply redundancy is lost.
server10,Critical,Tue May 21 2019 13:22:18,The power input for power supply 2 is lost.
server10,Critical,Tue May 21 2019 13:22:18,Power supply redundancy is lost.
server10,Normal,Tue May 21 2019 19:51:26,The input power for power supply 2 has been restored.
server10,Normal,Tue May 21 2019 19:51:31,The power supplies are redundant.
server10,Critical,Tue Jun 11 2019 03:48:31,Power supply redundancy is lost.
server10,Critical,Tue Jun 11 2019 03:48:34,The power input for power supply 1 is lost.
server10,Normal,Tue Jun 11 2019 13:41:55,The power supplies are redundant.
server10,Critical,Sun Jul 28 2019 06:28:00,The power input for power supply 1 is lost.
server10,Critical,Sun Jul 28 2019 06:28:01,Power supply redundancy is lost.
