"Normal","Fri Dec 20 2013 20:54:36","Log cleared."
"Critical","Mon Mar 31 2014 13:21:40","The power input for power supply 1 is lost."
"Critical","Mon Mar 31 2014 13:21:52","Power supply redundancy is lost."
"Normal","Mon Mar 31 2014 13:22:32","The input power for power supply 1 has been restored."
"Normal","Mon Mar 31 2014 13:22:48","The power supplies are redundant."
"Critical","Mon Mar 31 2014 14:07:11","The power input for power supply 2 is lost."
"Critical","Mon Mar 31 2014 14:07:16","Power supply redundancy is lost."
"Normal","Mon Mar 31 2014 14:07:31","The input power for power supply 2 has been restored."
"Normal","Mon Mar 31 2014 14:07:36","The power supplies are redundant."
"Critical","Mon Mar 31 2014 14:14:16","The power input for power supply 2 is lost."
"Critical","Mon Mar 31 2014 14:14:22","Power supply redundancy is lost."
"Normal","Mon Mar 31 2014 14:15:52","The input power for power supply 2 has been restored."
"Normal","Mon Mar 31 2014 14:15:57","The power supplies are redundant."
"Critical","Tue Apr 01 2014 22:13:40","Power supply redundancy is lost."
"Critical","Tue Apr 01 2014 22:13:45","The power input for power supply 2 is lost."
"Critical","Mon Apr 07 2014 21:18:46","Power supply redundancy is lost."
"Critical","Mon Apr 07 2014 21:18:56","The power input for power supply 2 is lost."
"Critical","Mon Apr 14 2014 10:47:39","Power supply redundancy is lost."
"Critical","Mon Apr 14 2014 10:47:44","The power input for power supply 2 is lost."
"Normal","Tue Apr 15 2014 13:16:53","The input power for power supply 2 has been restored."
"Normal","Tue Apr 15 2014 13:17:02","The power supplies are redundant."
"Warning","Mon Apr 21 2014 06:35:21","The system inlet temperature is greater than the upper warning threshold."
"Critical","Mon Apr 21 2014 06:55:50","The system inlet temperature is greater than the upper critical threshold."
"Warning","Mon Apr 21 2014 09:08:23","The temperature for power supply 2 is in a warning range."
"Critical","Mon Apr 21 2014 09:09:10","The PERC1 battery has failed."
"Warning","Mon Apr 21 2014 09:20:57","The temperature for power supply 1 is in a warning range."
"Normal","Mon Apr 21 2014 09:23:16","The PERC1 battery is operating normally."
"Critical","Mon Apr 21 2014 10:24:44","The temperature for power supply 2 is outside of range."
"Critical","Mon Apr 21 2014 10:24:46","The system board PS2 PG Fail voltage is outside of range."
"Critical","Mon Apr 21 2014 10:24:46","Power supply redundancy is lost."
"Critical","Mon Apr 21 2014 10:41:21","The temperature for power supply 1 is outside of range."
"Critical","Mon Apr 21 2014 10:41:35","The system board PS1 PG Fail voltage is outside of range."
"Normal","Mon Apr 21 2014 10:41:35","Power supply 1 is operating normally."
"Normal","Mon Apr 21 2014 10:41:35","Power supply 1 is operating normally."
"Normal","Mon Apr 21 2014 10:41:36","Power supply 2 is operating normally."
"Critical","Mon Apr 21 2014 10:46:32","The temperature for power supply 1 is outside of range."
"Normal","Mon Apr 21 2014 10:46:49","Power supply 1 is operating normally."
"Critical","Mon Apr 21 2014 10:51:41","The temperature for power supply 1 is outside of range."
"Normal","Mon Apr 21 2014 10:51:56","Power supply 1 is operating normally."
"Critical","Mon Apr 21 2014 11:01:57","The temperature for power supply 1 is outside of range."
"Normal","Mon Apr 21 2014 11:02:13","Power supply 1 is operating normally."
"Critical","Mon Apr 21 2014 11:07:05","The temperature for power supply 1 is outside of range."
"Normal","Mon Apr 21 2014 11:07:19","Power supply 1 is operating normally."
"Critical","Mon Apr 21 2014 11:12:14","The temperature for power supply 1 is outside of range."
"Normal","Mon Apr 21 2014 11:12:30","Power supply 1 is operating normally."
"Critical","Mon Apr 21 2014 11:17:22","The temperature for power supply 1 is outside of range."
"Normal","Mon Apr 21 2014 11:17:36","Power supply 1 is operating normally."
"Critical","Mon Apr 21 2014 11:22:30","The temperature for power supply 1 is outside of range."
"Normal","Mon Apr 21 2014 11:22:46","Power supply 1 is operating normally."
"Warning","Mon Apr 21 2014 11:25:19","A predictive failure detected on power supply 2."
"Critical","Mon Apr 21 2014 11:27:39","The temperature for power supply 1 is outside of range."
"Normal","Mon Apr 21 2014 11:27:53","Power supply 1 is operating normally."
"Normal","Mon Apr 21 2014 11:27:54","Power supply 2 is operating normally."
"Warning","Mon Apr 21 2014 11:30:00","A predictive failure detected on power supply 2."
"Normal","Mon Apr 21 2014 11:33:00","Power supply 2 is operating normally."
"Warning","Mon Apr 21 2014 11:33:45","A predictive failure detected on power supply 2."
"Critical","Mon Apr 21 2014 11:37:55","The temperature for power supply 1 is outside of range."
"Normal","Mon Apr 21 2014 11:38:10","Power supply 1 is operating normally."
"Normal","Mon Apr 21 2014 11:38:11","Power supply 2 is operating normally."
"Warning","Mon Apr 21 2014 11:38:16","A predictive failure detected on power supply 2."
"Critical","Mon Apr 21 2014 11:53:20","The temperature for power supply 1 is outside of range."
"Normal","Mon Apr 21 2014 11:53:36","Power supply 1 is operating normally."
"Critical","Mon Apr 21 2014 12:13:53","The temperature for power supply 1 is outside of range."
"Normal","Mon Apr 21 2014 12:14:06","Power supply 1 is operating normally."
"Critical","Mon Apr 21 2014 12:19:01","The temperature for power supply 1 is outside of range."
"Normal","Mon Apr 21 2014 12:19:17","Power supply 1 is operating normally."
"Normal","Mon Apr 21 2014 12:19:18","Power supply 2 is operating normally."
"Warning","Mon Apr 21 2014 12:24:07","The temperature for power supply 1 is in a warning range."
"Warning","Mon Apr 21 2014 12:24:08","A predictive failure detected on power supply 2."
"Normal","Mon Apr 21 2014 12:43:28","Power supply 1 is operating normally."
"Warning","System Boot","The system inlet temperature is greater than the upper warning threshold."
"Critical","System Boot","The system inlet temperature is greater than the upper critical threshold."
"Critical","Mon Apr 21 2014 13:02:55","Power supply redundancy is lost."
"Critical","Mon Apr 21 2014 13:02:58","The power input for power supply 1 is lost."
"Warning","Mon Apr 21 2014 13:45:36","The system inlet temperature is greater than the upper warning threshold."
"Normal","Mon Apr 21 2014 14:03:55","The system inlet temperature is within range."
"Critical","Tue Apr 22 2014 19:15:52","The power input for power supply 1 is lost."
"Critical","Tue Apr 22 2014 19:15:54","Power supply redundancy is lost."
"Normal","Tue Apr 22 2014 22:23:19","The power supplies are redundant."
"Normal","Tue Apr 22 2014 22:23:23","The input power for power supply 1 has been restored."
"Critical","Fri Apr 25 2014 19:33:50","The power input for power supply 1 is lost."
"Critical","Fri Apr 25 2014 19:33:51","Power supply redundancy is lost."
"Critical","Mon Apr 28 2014 22:26:02","The power input for power supply 1 is lost."
"Critical","Mon Apr 28 2014 22:26:03","Power supply redundancy is lost."
"Normal","Mon Apr 28 2014 22:58:45","The input power for power supply 1 has been restored."
"Normal","Mon Apr 28 2014 22:58:52","The power supplies are redundant."
"Critical","Wed Apr 30 2014 19:33:13","The power input for power supply 1 is lost."
"Critical","Wed Apr 30 2014 19:33:14","Power supply redundancy is lost."
"Critical","Mon May 05 2014 18:38:33","The power input for power supply 1 is lost."
"Critical","Mon May 05 2014 18:38:34","Power supply redundancy is lost."
"Critical","Mon May 05 2014 23:04:43","Power supply redundancy is lost."
"Critical","Mon May 05 2014 23:04:46","The power input for power supply 1 is lost."
"Critical","Tue May 06 2014 13:31:12","The power input for power supply 2 is lost."
"Critical","Tue May 06 2014 13:31:12","Power supply redundancy is lost."
"Normal","Tue May 06 2014 13:32:12","The input power for power supply 2 has been restored."
"Normal","Tue May 06 2014 13:32:18","The power supplies are redundant."
"Warning","Mon Sep 15 2014 17:59:15","The system inlet temperature is greater than the upper warning threshold."
"Critical","Mon Sep 15 2014 18:16:52","The system inlet temperature is greater than the upper critical threshold."
"Warning","Mon Sep 15 2014 18:23:27","The system inlet temperature is greater than the upper warning threshold."
"Normal","Mon Sep 15 2014 18:24:21","The system inlet temperature is within range."
"Warning","Mon Sep 15 2014 18:31:39","The system inlet temperature is greater than the upper warning threshold."
"Critical","Mon Sep 15 2014 18:54:00","The system inlet temperature is greater than the upper critical threshold."
"Warning","Mon Sep 15 2014 19:07:51","The system inlet temperature is greater than the upper warning threshold."
"Normal","Mon Sep 15 2014 19:15:49","The system inlet temperature is within range."
"Warning","Mon Sep 15 2014 19:53:19","The system inlet temperature is greater than the upper warning threshold."
"Normal","Mon Sep 15 2014 19:55:45","The system inlet temperature is within range."
"Warning","Sun Nov 09 2014 20:08:25","The system inlet temperature is greater than the upper warning threshold."
"Critical","Sun Nov 09 2014 20:32:19","The system inlet temperature is greater than the upper critical threshold."
"Critical","Sun Nov 09 2014 21:21:02","Power supply redundancy is lost."
"Critical","Sun Nov 09 2014 21:21:02","The power input for power supply 2 is lost."
"Warning","Mon Nov 24 2014 03:03:08","The system inlet temperature is greater than the upper warning threshold."
"Critical","Mon Nov 24 2014 03:19:30","The system inlet temperature is greater than the upper critical threshold."
"Critical","Mon Nov 24 2014 03:54:39","The power input for power supply 1 is lost."
"Critical","Mon Nov 24 2014 03:54:41","Power supply redundancy is lost."
"Warning","Mon Nov 24 2014 04:02:47","The system inlet temperature is greater than the upper warning threshold."
"Normal","Mon Nov 24 2014 04:05:25","The system inlet temperature is within range."
"Normal","Mon Nov 24 2014 12:36:07","The input power for power supply 1 has been restored."
"Normal","Mon Nov 24 2014 12:36:13","The power supplies are redundant."
"Warning","Tue Feb 03 2015 00:53:55","The system inlet temperature is greater than the upper warning threshold."
"Critical","Tue Feb 03 2015 01:08:36","The system inlet temperature is greater than the upper critical threshold."
"Warning","Sat Mar 14 2015 22:06:05","The system inlet temperature is greater than the upper warning threshold."
"Critical","Sat Mar 14 2015 22:21:32","The system inlet temperature is greater than the upper critical threshold."
"Critical","Sat Mar 14 2015 23:23:56","The power input for power supply 2 is lost."
"Critical","Sat Mar 14 2015 23:23:56","Power supply redundancy is lost."
"Warning","Thu Aug 27 2015 11:13:31","The system inlet temperature is greater than the upper warning threshold."
"Critical","Thu Aug 27 2015 11:36:25","The system inlet temperature is greater than the upper critical threshold."
"Warning","Thu Aug 27 2015 12:11:11","The system inlet temperature is greater than the upper warning threshold."
"Normal","Thu Aug 27 2015 12:12:45","The system inlet temperature is within range."
"Critical","Sun Sep 27 2015 05:08:00","Fault detected on drive 6 in disk drive bay 1."
"Normal","Mon Sep 28 2015 21:20:23","Drive 6 in disk drive bay 1 is operating normally."
"Critical","Mon Sep 28 2015 21:21:24","Fault detected on drive 6 in disk drive bay 1."
"Normal","Tue Sep 29 2015 12:13:58","Drive 6 in disk drive bay 1 is operating normally."
"Critical","Tue Sep 29 2015 12:14:39","Fault detected on drive 6 in disk drive bay 1."
"Normal","Tue Sep 29 2015 12:26:40","Drive 6 in disk drive bay 1 is operating normally."
"Critical","Tue Sep 29 2015 12:27:20","Fault detected on drive 6 in disk drive bay 1."
"Normal","Tue Sep 29 2015 13:09:14","Drive 6 in disk drive bay 1 is operating normally."
"Critical","Tue Sep 29 2015 13:09:54","Fault detected on drive 6 in disk drive bay 1."
"Normal","Thu Oct 01 2015 12:57:27","Drive 6 in disk drive bay 1 is operating normally."
"Critical","Thu Oct 01 2015 12:58:05","Fault detected on drive 6 in disk drive bay 1."
"Normal","Wed Oct 07 2015 18:50:49","Drive 6 in disk drive bay 1 is operating normally."
"Critical","Wed Oct 07 2015 18:51:21","Fault detected on drive 6 in disk drive bay 1."
"Normal","Wed Oct 07 2015 19:22:48","Drive 6 in disk drive bay 1 is operating normally."
"Critical","Wed Oct 07 2015 19:23:28","Fault detected on drive 6 in disk drive bay 1."
"Normal","Wed Oct 07 2015 19:41:44","Drive 6 in disk drive bay 1 is operating normally."
"Critical","Wed Oct 07 2015 19:42:19","Fault detected on drive 6 in disk drive bay 1."
"Critical","Thu Oct 15 2015 17:46:07","Drive 6 is removed from disk drive bay 1."
"Normal","Thu Oct 15 2015 17:46:07","Drive 6 in disk drive bay 1 is operating normally."
"Normal","Thu Oct 15 2015 17:46:12","Drive 6 is installed in disk drive bay 1."
"Critical","Thu Oct 15 2015 17:47:22","Fault detected on drive 6 in disk drive bay 1."
"Critical","Sat Jan 23 2016 19:29:58","Fault detected on drive 6 in disk drive bay 1."
"Critical","Tue Feb 02 2016 15:23:33","Fault detected on drive 6 in disk drive bay 1."
"Critical","Thu Mar 03 2016 21:21:54","Drive 6 is removed from disk drive bay 1."
"Normal","Thu Mar 03 2016 21:21:54","Drive 6 in disk drive bay 1 is operating normally."
"Normal","Thu Mar 03 2016 21:24:32","Drive 6 is installed in disk drive bay 1."
"Critical","Thu Jun 02 2016 20:20:12","The power input for power supply 2 is lost."
"Critical","Thu Jun 02 2016 20:20:13","Power supply redundancy is lost."
"Warning","Sat Sep 03 2016 12:15:54","The system inlet temperature is greater than the upper warning threshold."
"Normal","Sat Sep 03 2016 12:22:17","The system inlet temperature is within range."
"Critical","Sun Sep 25 2016 13:23:02","Power supply redundancy is lost."
"Critical","Sun Sep 25 2016 13:23:08","The power input for power supply 1 is lost."
"Normal","Sun Sep 25 2016 13:24:56","The input power for power supply 1 has been restored."
"Normal","Sun Sep 25 2016 13:25:03","The power supplies are redundant."
"Warning","Sun Oct 23 2016 18:12:53","The system inlet temperature is greater than the upper warning threshold."
"Normal","Sun Oct 23 2016 18:13:21","The system inlet temperature is within range."
"Warning","Mon Oct 31 2016 05:27:11","The system inlet temperature is greater than the upper warning threshold."
"Normal","Mon Oct 31 2016 05:52:48","The system inlet temperature is within range."
"Warning","Sat Nov 12 2016 14:26:40","The system inlet temperature is greater than the upper warning threshold."
"Normal","Sat Nov 12 2016 14:30:43","The system inlet temperature is within range."
"Warning","Sun Nov 20 2016 11:04:58","The system inlet temperature is greater than the upper warning threshold."
"Critical","Sun Nov 20 2016 11:22:31","The system inlet temperature is greater than the upper critical threshold."
"Warning","Sun Nov 20 2016 12:06:27","The system inlet temperature is greater than the upper warning threshold."
"Normal","Sun Nov 20 2016 12:09:03","The system inlet temperature is within range."
"Warning","Sun Nov 20 2016 12:09:16","The system inlet temperature is greater than the upper warning threshold."
"Normal","Sun Nov 20 2016 12:10:01","The system inlet temperature is within range."
"Warning","Mon Nov 21 2016 09:13:28","The system inlet temperature is greater than the upper warning threshold."
"Critical","Mon Nov 21 2016 09:32:02","The system inlet temperature is greater than the upper critical threshold."
"Warning","Mon Nov 21 2016 10:01:16","The system inlet temperature is greater than the upper warning threshold."
"Normal","Mon Nov 21 2016 10:04:03","The system inlet temperature is within range."
"Warning","Mon Aug 28 2017 17:57:11","The system inlet temperature is greater than the upper warning threshold."
"Critical","Mon Aug 28 2017 18:15:09","The system inlet temperature is greater than the upper critical threshold."
"Warning","Mon Aug 28 2017 18:45:38","The system inlet temperature is greater than the upper warning threshold."
"Normal","Mon Aug 28 2017 19:21:33","The system inlet temperature is within range."
"Critical","Tue Aug 29 2017 22:28:17","Power supply redundancy is lost."
"Critical","Tue Aug 29 2017 22:28:21","The power input for power supply 1 is lost."
"Warning","Sun Sep 10 2017 23:40:14","The system inlet temperature is greater than the upper warning threshold."
"Normal","Sun Sep 10 2017 23:40:36","The system inlet temperature is within range."
"Warning","Sun Sep 10 2017 23:46:03","The system inlet temperature is greater than the upper warning threshold."
"Normal","Sun Sep 10 2017 23:50:19","The system inlet temperature is within range."
"Warning","Mon Sep 11 2017 00:10:40","The system inlet temperature is greater than the upper warning threshold."
"Normal","Mon Sep 11 2017 00:12:48","The system inlet temperature is within range."
"Warning","Mon Sep 11 2017 00:22:11","The system inlet temperature is greater than the upper warning threshold."
"Normal","Mon Sep 11 2017 00:28:15","The system inlet temperature is within range."
"Warning","Mon Sep 11 2017 00:29:29","The system inlet temperature is greater than the upper warning threshold."
"Normal","Mon Sep 11 2017 00:30:14","The system inlet temperature is within range."
"Warning","Mon Sep 11 2017 00:37:11","The system inlet temperature is greater than the upper warning threshold."
"Normal","Mon Sep 11 2017 00:37:41","The system inlet temperature is within range."
"Warning","Mon Sep 11 2017 00:42:59","The system inlet temperature is greater than the upper warning threshold."
"Normal","Mon Sep 11 2017 00:45:12","The system inlet temperature is within range."
"Warning","Mon Sep 11 2017 01:22:05","The system inlet temperature is greater than the upper warning threshold."
"Normal","Mon Sep 11 2017 01:22:44","The system inlet temperature is within range."
"Warning","Mon Sep 11 2017 11:57:47","The system inlet temperature is greater than the upper warning threshold."
"Warning","Mon Sep 11 2017 12:06:58","The temperature for power supply 2 is in a warning range."
"Normal","Mon Sep 11 2017 12:20:12","The system inlet temperature is within range."
"Normal","Mon Sep 11 2017 15:10:30","Power supply 2 is operating normally."
"Critical","Mon Sep 18 2017 22:12:26","Power supply redundancy is lost."
"Critical","Mon Sep 18 2017 22:12:29","The power input for power supply 1 is lost."
"Critical","Sat Dec 16 2017 10:06:05","The power input for power supply 2 is lost."
"Critical","Sat Dec 16 2017 10:06:06","Power supply redundancy is lost."
"Critical","Thu Dec 21 2017 13:19:17","The power input for power supply 1 is lost."
"Critical","Thu Dec 21 2017 13:19:18","Power supply redundancy is lost."
"Normal","Thu Dec 21 2017 13:19:42","The input power for power supply 1 has been restored."
"Normal","Thu Dec 21 2017 13:19:49","The power supplies are redundant."
"Critical","Thu Dec 21 2017 13:21:34","The power input for power supply 1 is lost."
"Critical","Thu Dec 21 2017 13:21:36","Power supply redundancy is lost."
"Normal","Thu Dec 21 2017 13:22:19","The input power for power supply 1 has been restored."
"Normal","Thu Dec 21 2017 13:22:26","The power supplies are redundant."
"Critical","Sun May 20 2018 17:26:09","The power input for power supply 1 is lost."
"Critical","Sun May 20 2018 17:26:11","Power supply redundancy is lost."
"Normal","Mon May 21 2018 12:46:01","The input power for power supply 1 has been restored."
"Normal","Mon May 21 2018 12:46:08","The power supplies are redundant."
"Critical","Wed Jun 06 2018 13:48:47","The power input for power supply 1 is lost."
"Critical","Wed Jun 06 2018 13:48:49","Power supply redundancy is lost."
"Normal","Wed Jun 06 2018 15:49:38","The input power for power supply 1 has been restored."
"Normal","Wed Jun 06 2018 15:49:45","The power supplies are redundant."
"Critical","Wed Jun 06 2018 16:04:59","The power input for power supply 1 is lost."
"Critical","Wed Jun 06 2018 16:05:01","Power supply redundancy is lost."
"Normal","Wed Jun 06 2018 16:10:06","The input power for power supply 1 has been restored."
"Normal","Wed Jun 06 2018 16:10:12","The power supplies are redundant."
"Critical","Fri May 03 2019 14:32:29","The power input for power supply 1 is lost."
"Critical","Fri May 03 2019 14:32:31","Power supply redundancy is lost."
"Normal","Sat May 04 2019 14:48:26","The input power for power supply 1 has been restored."
"Normal","Sat May 04 2019 14:48:32","The power supplies are redundant."
"Critical","Mon May 06 2019 17:25:27","The power input for power supply 1 is lost."
"Critical","Tue May 21 2019 13:38:44","The power input for power supply 2 is lost."
"Critical","Tue May 21 2019 13:38:44","Power supply redundancy is lost."
"Normal","Tue May 21 2019 20:07:46","The input power for power supply 2 has been restored."
"Normal","Tue May 21 2019 20:07:56","The power supplies are redundant."
"Critical","Sun Jul 28 2019 06:46:37","The power input for power supply 1 is lost."
"Critical","Sun Jul 28 2019 06:46:39","Power supply redundancy is lost."
