"Normal","Fri Dec 20 2013 14:12:20","Log cleared."
"Critical","Mon Mar 31 2014 14:24:45","The power input for power supply 2 is lost."
"Critical","Mon Mar 31 2014 14:24:56","Power supply redundancy is lost."
"Normal","Mon Mar 31 2014 13:28:03","The input power for power supply 2 has been restored."
"Normal","Mon Mar 31 2014 13:28:09","The power supplies are redundant."
"Critical","Mon Mar 31 2014 14:07:50","The power input for power supply 2 is lost."
"Critical","Mon Mar 31 2014 14:07:55","Power supply redundancy is lost."
"Normal","Mon Mar 31 2014 14:08:20","The input power for power supply 2 has been restored."
"Normal","Mon Mar 31 2014 14:08:25","The power supplies are redundant."
"Critical","Mon Mar 31 2014 14:15:51","The power input for power supply 2 is lost."
"Critical","Mon Mar 31 2014 14:15:56","Power supply redundancy is lost."
"Normal","Mon Mar 31 2014 14:17:21","The input power for power supply 2 has been restored."
"Normal","Mon Mar 31 2014 14:17:26","The power supplies are redundant."
"Critical","Tue Apr 01 2014 22:14:54","Power supply redundancy is lost."
"Critical","Tue Apr 01 2014 22:14:59","The power input for power supply 2 is lost."
"Critical","Mon Apr 07 2014 21:23:10","Power supply redundancy is lost."
"Critical","Mon Apr 07 2014 21:23:10","The power input for power supply 2 is lost."
"Critical","Mon Apr 14 2014 10:49:23","Power supply redundancy is lost."
"Critical","Mon Apr 14 2014 10:49:29","The power input for power supply 2 is lost."
"Normal","Tue Apr 15 2014 13:18:39","The input power for power supply 2 has been restored."
"Normal","Tue Apr 15 2014 13:18:44","The power supplies are redundant."
"Critical","Tue Apr 15 2014 13:20:49","Power supply redundancy is lost."
"Critical","Tue Apr 15 2014 13:20:50","The power input for power supply 2 is lost."
"Normal","Tue Apr 15 2014 13:25:20","The input power for power supply 2 has been restored."
"Normal","Tue Apr 15 2014 13:25:24","The power supplies are redundant."
"Warning","Mon Apr 21 2014 06:34:29","The system inlet temperature is greater than the upper warning threshold."
"Critical","Mon Apr 21 2014 06:54:02","The system inlet temperature is greater than the upper critical threshold."
"Warning","Mon Apr 21 2014 08:57:35","The temperature for power supply 2 is in a warning range."
"Critical","Mon Apr 21 2014 09:07:34","The PERC1 battery has failed."
"Warning","Mon Apr 21 2014 09:11:26","The temperature for power supply 1 is in a warning range."
"Normal","Mon Apr 21 2014 09:21:40","The PERC1 battery is operating normally."
"Critical","Mon Apr 21 2014 10:09:49","The system board PS2 PG Fail voltage is outside of range."
"Critical","Mon Apr 21 2014 10:09:52","The temperature for power supply 2 is outside of range."
"Critical","Mon Apr 21 2014 10:09:55","Power supply redundancy is lost."
"Normal","Mon Apr 21 2014 10:25:45","Power supply 2 is operating normally."
"Critical","Mon Apr 21 2014 10:25:49","The system board PS1 PG Fail voltage is outside of range."
"Normal","Mon Apr 21 2014 10:25:49","Power supply 1 is operating normally."
"Critical","Mon Apr 21 2014 10:35:49","The temperature for power supply 1 is outside of range."
"Normal","Mon Apr 21 2014 10:36:06","Power supply 1 is operating normally."
"Critical","Mon Apr 21 2014 10:40:57","The temperature for power supply 1 is outside of range."
"Normal","Mon Apr 21 2014 10:41:11","Power supply 1 is operating normally."
"Critical","Mon Apr 21 2014 10:46:05","The temperature for power supply 1 is outside of range."
"Normal","Mon Apr 21 2014 10:46:17","Power supply 1 is operating normally."
"Critical","Mon Apr 21 2014 10:51:13","The temperature for power supply 1 is outside of range."
"Normal","Mon Apr 21 2014 10:51:28","Power supply 1 is operating normally."
"Critical","Mon Apr 21 2014 10:56:22","The temperature for power supply 1 is outside of range."
"Normal","Mon Apr 21 2014 10:56:39","Power supply 1 is operating normally."
"Critical","Mon Apr 21 2014 11:01:31","The temperature for power supply 1 is outside of range."
"Normal","Mon Apr 21 2014 11:01:45","Power supply 1 is operating normally."
"Critical","Mon Apr 21 2014 11:06:41","The temperature for power supply 1 is outside of range."
"Normal","Mon Apr 21 2014 11:06:56","Power supply 1 is operating normally."
"Critical","Mon Apr 21 2014 11:11:49","The temperature for power supply 1 is outside of range."
"Normal","Mon Apr 21 2014 11:12:01","Power supply 1 is operating normally."
"Critical","Mon Apr 21 2014 11:16:57","The temperature for power supply 1 is outside of range."
"Normal","Mon Apr 21 2014 11:17:12","Power supply 1 is operating normally."
"Warning","Mon Apr 21 2014 11:17:44","A predictive failure detected on power supply 2."
"Critical","Mon Apr 21 2014 11:22:05","The temperature for power supply 1 is outside of range."
"Normal","Mon Apr 21 2014 11:22:19","Power supply 1 is operating normally."
"Normal","Mon Apr 21 2014 11:22:20","Power supply 2 is operating normally."
"Warning","Mon Apr 21 2014 11:22:30","A predictive failure detected on power supply 2."
"Critical","Mon Apr 21 2014 11:27:14","The temperature for power supply 1 is outside of range."
"Normal","Mon Apr 21 2014 11:27:29","Power supply 1 is operating normally."
"Critical","Mon Apr 21 2014 12:03:12","The temperature for power supply 1 is outside of range."
"Normal","Mon Apr 21 2014 12:03:26","Power supply 1 is operating normally."
"Critical","Mon Apr 21 2014 12:08:20","The temperature for power supply 1 is outside of range."
"Normal","Mon Apr 21 2014 12:08:36","Power supply 1 is operating normally."
"Critical","Mon Apr 21 2014 12:23:45","The temperature for power supply 1 is outside of range."
"Normal","Mon Apr 21 2014 12:23:57","Power supply 2 is operating normally."
"Normal","Mon Apr 21 2014 12:24:01","Power supply 1 is operating normally."
"Critical","Mon Apr 21 2014 12:28:48","The temperature for power supply 1 is outside of range."
"Warning","Mon Apr 21 2014 12:28:52","A predictive failure detected on power supply 1."
"Normal","Mon Apr 21 2014 12:28:52","Power supply 1 is operating normally."
"Warning","Mon Apr 21 2014 12:28:53","A predictive failure detected on power supply 2."
"Critical","Mon Apr 21 2014 12:50:10","The temperature for power supply 1 is outside of range."
"Normal","Mon Apr 21 2014 12:50:14","Power supply 1 is operating normally."
"Normal","Mon Apr 21 2014 12:50:14","Power supply 1 is operating normally."
"Warning","System Boot","The system inlet temperature is greater than the upper warning threshold."
"Critical","System Boot","The system inlet temperature is greater than the upper critical threshold."
"Critical","Mon Apr 21 2014 13:02:37","The power input for power supply 1 is lost."
"Critical","Mon Apr 21 2014 13:02:39","Power supply redundancy is lost."
"Warning","Mon Apr 21 2014 13:57:20","The system inlet temperature is greater than the upper warning threshold."
"Normal","Mon Apr 21 2014 14:19:50","The system inlet temperature is within range."
"Critical","Tue Apr 22 2014 19:16:05","Power supply redundancy is lost."
"Critical","Tue Apr 22 2014 19:16:09","The power input for power supply 1 is lost."
"Normal","Tue Apr 22 2014 22:23:25","The input power for power supply 1 has been restored."
"Normal","Tue Apr 22 2014 22:23:26","The power supplies are redundant."
"Critical","Fri Apr 25 2014 19:33:53","Power supply redundancy is lost."
"Critical","Fri Apr 25 2014 19:33:57","The power input for power supply 1 is lost."
"Critical","Mon Apr 28 2014 22:26:05","Power supply redundancy is lost."
"Critical","Mon Apr 28 2014 22:26:10","The power input for power supply 1 is lost."
"Normal","Mon Apr 28 2014 22:58:48","The input power for power supply 1 has been restored."
"Normal","Mon Apr 28 2014 22:58:54","The power supplies are redundant."
"Critical","Wed Apr 30 2014 19:33:12","The power input for power supply 1 is lost."
"Critical","Wed Apr 30 2014 19:33:14","Power supply redundancy is lost."
"Critical","Mon May 05 2014 18:38:43","The power input for power supply 1 is lost."
"Critical","Mon May 05 2014 18:38:44","Power supply redundancy is lost."
"Critical","Mon May 05 2014 23:04:48","Power supply redundancy is lost."
"Critical","Mon May 05 2014 23:04:52","The power input for power supply 1 is lost."
"Critical","Tue May 06 2014 13:30:50","Power supply redundancy is lost."
"Critical","Tue May 06 2014 13:30:50","The power input for power supply 2 is lost."
"Normal","Tue May 06 2014 13:31:15","The input power for power supply 2 has been restored."
"Normal","Tue May 06 2014 13:31:20","The power supplies are redundant."
"Critical","Tue May 06 2014 13:33:20","Power supply redundancy is lost."
"Critical","Tue May 06 2014 13:33:20","Power supply 2 is incorrectly configured."
"Critical","Tue May 06 2014 13:33:20","The system board PS2 PG Fail voltage is outside of range."
"Warning","Mon Sep 15 2014 17:55:26","The system inlet temperature is greater than the upper warning threshold."
"Critical","Mon Sep 15 2014 18:09:41","The system inlet temperature is greater than the upper critical threshold."
"Warning","Mon Sep 15 2014 18:24:16","The system inlet temperature is greater than the upper warning threshold."
"Critical","Mon Sep 15 2014 18:46:20","The system inlet temperature is greater than the upper critical threshold."
"Warning","Mon Sep 15 2014 19:09:44","The system inlet temperature is greater than the upper warning threshold."
"Normal","Mon Sep 15 2014 19:18:05","The system inlet temperature is within range."
"Warning","Mon Sep 15 2014 19:50:14","The system inlet temperature is greater than the upper warning threshold."
"Normal","Mon Sep 15 2014 20:09:27","The system inlet temperature is within range."
"Warning","Sun Nov 09 2014 20:04:15","The system inlet temperature is greater than the upper warning threshold."
"Critical","Sun Nov 09 2014 20:22:49","The system inlet temperature is greater than the upper critical threshold."
"Warning","Mon Nov 24 2014 02:59:13","The system inlet temperature is greater than the upper warning threshold."
"Critical","Mon Nov 24 2014 03:15:17","The system inlet temperature is greater than the upper critical threshold."
"Critical","Mon Nov 24 2014 03:54:39","The power input for power supply 1 is lost."
"Critical","Mon Nov 24 2014 03:54:40","Power supply redundancy is lost."
"Warning","Mon Nov 24 2014 04:05:16","The system inlet temperature is greater than the upper warning threshold."
"Normal","Mon Nov 24 2014 04:09:28","The system inlet temperature is within range."
"Normal","Mon Nov 24 2014 12:36:02","The input power for power supply 1 has been restored."
"Normal","Mon Nov 24 2014 12:36:08","The power supplies are redundant."
"Critical","Tue Jan 06 2015 07:02:01","Fault detected on drive 1 in disk drive bay 1."
"Normal","Thu Jan 08 2015 13:31:58","Drive 1 in disk drive bay 1 is operating normally."
"Critical","Thu Jan 08 2015 13:32:55","Fault detected on drive 1 in disk drive bay 1."
"Normal","Thu Jan 08 2015 14:36:27","Drive 1 in disk drive bay 1 is operating normally."
"Critical","Thu Jan 08 2015 14:37:17","Fault detected on drive 1 in disk drive bay 1."
"Critical","Thu Jan 08 2015 19:28:14","Drive 1 is removed from disk drive bay 1."
"Normal","Thu Jan 08 2015 19:28:14","Drive 1 in disk drive bay 1 is operating normally."
"Normal","Thu Jan 08 2015 19:30:14","Drive 1 is installed in disk drive bay 1."
"Warning","Tue Feb 03 2015 00:50:03","The system inlet temperature is greater than the upper warning threshold."
"Critical","Tue Feb 03 2015 01:04:16","The system inlet temperature is greater than the upper critical threshold."
"Warning","Sat Mar 14 2015 22:02:02","The system inlet temperature is greater than the upper warning threshold."
"Critical","Sat Mar 14 2015 22:18:16","The system inlet temperature is greater than the upper critical threshold."
"Critical","Sat Mar 14 2015 23:23:48","The power input for power supply 2 is lost."
"Critical","Sat Mar 14 2015 23:23:49","Power supply redundancy is lost."
"Warning","Fri Jun 05 2015 20:30:20","The system inlet temperature is greater than the upper warning threshold."
"Critical","Fri Jun 05 2015 20:47:45","The system inlet temperature is greater than the upper critical threshold."
"Warning","Fri Jun 05 2015 21:07:48","The system inlet temperature is greater than the upper warning threshold."
"Critical","Fri Jun 05 2015 21:08:06","The system inlet temperature is greater than the upper critical threshold."
"Warning","Fri Jun 05 2015 21:08:26","The system inlet temperature is greater than the upper warning threshold."
"Normal","Fri Jun 05 2015 21:14:42","The system inlet temperature is within range."
"Warning","Fri Jun 05 2015 21:16:39","The system inlet temperature is greater than the upper warning threshold."
"Normal","Fri Jun 05 2015 21:16:53","The system inlet temperature is within range."
"Warning","Fri Jun 05 2015 21:17:31","The system inlet temperature is greater than the upper warning threshold."
"Normal","Fri Jun 05 2015 21:20:02","The system inlet temperature is within range."
"Warning","Fri Jun 05 2015 21:20:30","The system inlet temperature is greater than the upper warning threshold."
"Normal","Fri Jun 05 2015 21:27:34","The system inlet temperature is within range."
"Warning","Thu Aug 27 2015 11:08:27","The system inlet temperature is greater than the upper warning threshold."
"Critical","Thu Aug 27 2015 11:27:34","The system inlet temperature is greater than the upper critical threshold."
"Warning","Thu Aug 27 2015 12:11:28","The system inlet temperature is greater than the upper warning threshold."
"Critical","Thu Aug 27 2015 12:11:49","The system inlet temperature is greater than the upper critical threshold."
"Warning","Thu Aug 27 2015 12:11:56","The system inlet temperature is greater than the upper warning threshold."
"Normal","Thu Aug 27 2015 12:14:23","The system inlet temperature is within range."
"Warning","Thu Aug 27 2015 12:14:58","The system inlet temperature is greater than the upper warning threshold."
"Normal","Thu Aug 27 2015 12:15:30","The system inlet temperature is within range."
"Warning","Fri Feb 05 2016 17:35:53","The system inlet temperature is greater than the upper warning threshold."
"Normal","Fri Feb 05 2016 17:36:32","The system inlet temperature is within range."
"Critical","Thu Jun 02 2016 20:19:52","The power input for power supply 2 is lost."
"Critical","Thu Jun 02 2016 20:19:53","Power supply redundancy is lost."
"Warning","Sat Sep 03 2016 12:13:37","The system inlet temperature is greater than the upper warning threshold."
"Normal","Sat Sep 03 2016 12:22:12","The system inlet temperature is within range."
"Warning","Sun Sep 25 2016 14:26:17","Fan 1 RPM is less than the lower warning threshold."
"Critical","Sun Sep 25 2016 14:26:17","Fan 1 RPM is less than the lower critical threshold."
"Critical","Sun Sep 25 2016 14:26:18","Fan redundancy is lost."
"Normal","Tue Oct 04 2016 13:06:05","The power supplies are redundant."
"Warning","Tue Oct 04 2016 13:06:20","Fan 1 RPM is less than the lower warning threshold."
"Critical","Tue Oct 04 2016 13:06:20","Fan 1 RPM is less than the lower critical threshold."
"Critical","Tue Oct 04 2016 13:06:22","Fan redundancy is lost."
"Normal","Tue Oct 11 2016 15:05:19","The fans are redundant."
"Critical","Tue Oct 11 2016 15:05:25","Fan redundancy is lost."
"Normal","Tue Oct 11 2016 15:10:43","The fans are redundant."
"Critical","Tue Oct 11 2016 15:10:48","Fan redundancy is lost."
"Normal","Tue Oct 11 2016 15:44:49","The fans are redundant."
"Critical","Tue Oct 11 2016 15:44:55","Fan redundancy is lost."
"Critical","Mon Oct 17 2016 19:17:03","The chassis is open while the power is off."
"Normal","Mon Oct 17 2016 19:17:09","The chassis is closed while the power is off."
"Warning","Mon Oct 17 2016 19:17:38","Fan 6 RPM is less than the lower warning threshold."
"Critical","Mon Oct 17 2016 19:17:38","Fan 6 RPM is less than the lower critical threshold."
"Critical","Mon Oct 17 2016 19:17:39","Fan redundancy is lost."
"Critical","Fri Oct 21 2016 13:20:09","The chassis is open while the power is on."
"Warning","Fri Oct 21 2016 13:20:46","Fan 6 RPM is less than the lower warning threshold."
"Normal","Fri Oct 21 2016 08:20:46","Fan 6 RPM is within range."
"Normal","Fri Oct 21 2016 13:20:47","The fans are redundant."
"Critical","Fri Oct 21 2016 13:21:16","Drive 1 is removed from disk drive bay 1."
"Normal","Fri Oct 21 2016 13:21:36","Drive 1 is installed in disk drive bay 1."
"Normal","Fri Oct 21 2016 13:24:01","The chassis is closed while the power is on."
"Warning","Sun Oct 23 2016 18:11:33","The system inlet temperature is greater than the upper warning threshold."
"Normal","Sun Oct 23 2016 18:13:22","The system inlet temperature is within range."
"Warning","Mon Oct 31 2016 05:26:26","The system inlet temperature is greater than the upper warning threshold."
"Normal","Mon Oct 31 2016 05:43:10","The system inlet temperature is within range."
"Warning","Sat Nov 12 2016 14:25:29","The system inlet temperature is greater than the upper warning threshold."
"Normal","Sat Nov 12 2016 14:30:36","The system inlet temperature is within range."
"Warning","Sun Nov 20 2016 11:03:28","The system inlet temperature is greater than the upper warning threshold."
"Critical","Sun Nov 20 2016 11:20:01","The system inlet temperature is greater than the upper critical threshold."
"Warning","Sun Nov 20 2016 12:05:09","The system inlet temperature is greater than the upper warning threshold."
"Normal","Sun Nov 20 2016 12:07:05","The system inlet temperature is within range."
"Warning","Mon Nov 21 2016 09:11:15","The system inlet temperature is greater than the upper warning threshold."
"Critical","Mon Nov 21 2016 09:29:11","The system inlet temperature is greater than the upper critical threshold."
"Warning","Mon Nov 21 2016 09:56:15","The system inlet temperature is greater than the upper warning threshold."
"Normal","Mon Nov 21 2016 10:02:25","The system inlet temperature is within range."
"Warning","Mon Aug 28 2017 17:55:17","The system inlet temperature is greater than the upper warning threshold."
"Critical","Mon Aug 28 2017 18:10:35","The system inlet temperature is greater than the upper critical threshold."
"Warning","Mon Aug 28 2017 18:46:25","The system inlet temperature is greater than the upper warning threshold."
"Normal","Mon Aug 28 2017 19:19:09","The system inlet temperature is within range."
"Critical","Tue Aug 29 2017 22:27:53","Power supply redundancy is lost."
"Critical","Tue Aug 29 2017 22:27:57","The power input for power supply 1 is lost."
"Normal","Tue Aug 29 2017 22:53:37","The input power for power supply 1 has been restored."
"Normal","Tue Aug 29 2017 22:53:45","The power supplies are redundant."
"Critical","Tue Aug 29 2017 22:53:49","The power input for power supply 1 is lost."
"Critical","Tue Aug 29 2017 22:53:52","Power supply redundancy is lost."
"Warning","Fri Sep 08 2017 21:20:27","The system inlet temperature is greater than the upper warning threshold."
"Normal","Fri Sep 08 2017 21:40:53","The system inlet temperature is within range."
"Warning","Fri Sep 08 2017 21:41:33","The system inlet temperature is greater than the upper warning threshold."
"Normal","Fri Sep 08 2017 21:49:45","The system inlet temperature is within range."
"Warning","Fri Sep 08 2017 22:00:30","The system inlet temperature is greater than the upper warning threshold."
"Normal","Fri Sep 08 2017 22:18:50","The system inlet temperature is within range."
"Warning","Fri Sep 08 2017 22:19:28","The system inlet temperature is greater than the upper warning threshold."
"Normal","Sat Sep 09 2017 00:08:14","The system inlet temperature is within range."
"Warning","Sat Sep 09 2017 00:10:59","The system inlet temperature is greater than the upper warning threshold."
"Normal","Sat Sep 09 2017 00:33:30","The system inlet temperature is within range."
"Warning","Sat Sep 09 2017 00:38:17","The system inlet temperature is greater than the upper warning threshold."
"Normal","Sat Sep 09 2017 01:52:36","The system inlet temperature is within range."
"Warning","Sat Sep 09 2017 14:20:45","The system inlet temperature is greater than the upper warning threshold."
"Normal","Sat Sep 09 2017 14:45:42","The system inlet temperature is within range."
"Warning","Sat Sep 09 2017 14:47:04","The system inlet temperature is greater than the upper warning threshold."
"Normal","Sat Sep 09 2017 14:50:02","The system inlet temperature is within range."
"Warning","Sat Sep 09 2017 14:53:13","The system inlet temperature is greater than the upper warning threshold."
"Normal","Sat Sep 09 2017 18:39:12","The system inlet temperature is within range."
"Warning","Sat Sep 09 2017 18:42:11","The system inlet temperature is greater than the upper warning threshold."
"Normal","Sat Sep 09 2017 18:47:02","The system inlet temperature is within range."
"Warning","Sun Sep 10 2017 19:35:59","The system inlet temperature is greater than the upper warning threshold."
"Normal","Mon Sep 11 2017 07:57:33","The system inlet temperature is within range."
"Warning","Mon Sep 11 2017 08:03:36","The system inlet temperature is greater than the upper warning threshold."
"Normal","Mon Sep 11 2017 08:09:53","The system inlet temperature is within range."
"Warning","Mon Sep 11 2017 08:10:57","The system inlet temperature is greater than the upper warning threshold."
"Normal","Mon Sep 11 2017 08:28:30","The system inlet temperature is within range."
"Warning","Mon Sep 11 2017 08:38:47","The system inlet temperature is greater than the upper warning threshold."
"Normal","Mon Sep 11 2017 08:41:58","The system inlet temperature is within range."
"Warning","Mon Sep 11 2017 08:49:55","The system inlet temperature is greater than the upper warning threshold."
"Normal","Mon Sep 11 2017 08:51:38","The system inlet temperature is within range."
"Warning","Mon Sep 11 2017 09:03:08","The system inlet temperature is greater than the upper warning threshold."
"Normal","Mon Sep 11 2017 09:10:57","The system inlet temperature is within range."
"Warning","Mon Sep 11 2017 09:20:50","The system inlet temperature is greater than the upper warning threshold."
"Normal","Mon Sep 11 2017 09:22:50","The system inlet temperature is within range."
"Warning","Mon Sep 11 2017 10:53:59","The system inlet temperature is greater than the upper warning threshold."
"Normal","Mon Sep 11 2017 10:54:47","The system inlet temperature is within range."
"Warning","Mon Sep 11 2017 10:55:57","The system inlet temperature is greater than the upper warning threshold."
"Normal","Mon Sep 11 2017 12:27:04","The system inlet temperature is within range."
"Critical","Mon Sep 18 2017 22:12:03","The power input for power supply 1 is lost."
"Critical","Mon Sep 18 2017 22:12:07","Power supply redundancy is lost."
"Normal","Thu Sep 21 2017 19:14:54","The power supplies are redundant."
"Critical","Sat Dec 16 2017 10:06:10","The power input for power supply 2 is lost."
"Critical","Sat Dec 16 2017 10:06:11","Power supply redundancy is lost."
"Critical","Thu Dec 21 2017 13:19:16","Power supply redundancy is lost."
"Critical","Thu Dec 21 2017 13:19:19","The power input for power supply 1 is lost."
"Normal","Thu Dec 21 2017 13:19:39","The input power for power supply 1 has been restored."
"Normal","Thu Dec 21 2017 13:19:51","The power supplies are redundant."
"Critical","Thu Dec 21 2017 13:21:35","The power input for power supply 1 is lost."
"Critical","Thu Dec 21 2017 13:21:37","Power supply redundancy is lost."
"Normal","Thu Dec 21 2017 13:22:21","The input power for power supply 1 has been restored."
"Normal","Thu Dec 21 2017 13:22:27","The power supplies are redundant."
"Critical","Sun May 20 2018 17:26:28","The power input for power supply 1 is lost."
"Critical","Sun May 20 2018 17:26:31","Power supply redundancy is lost."
"Normal","Mon May 21 2018 12:46:22","The input power for power supply 1 has been restored."
"Normal","Mon May 21 2018 12:46:29","The power supplies are redundant."
"Critical","Wed Jun 06 2018 13:49:32","The power input for power supply 1 is lost."
"Critical","Wed Jun 06 2018 13:49:34","Power supply redundancy is lost."
"Normal","Wed Jun 06 2018 15:50:24","The input power for power supply 1 has been restored."
"Normal","Wed Jun 06 2018 15:50:31","The power supplies are redundant."
"Critical","Wed Jun 06 2018 16:05:45","The power input for power supply 1 is lost."
"Critical","Wed Jun 06 2018 16:05:47","Power supply redundancy is lost."
"Normal","Wed Jun 06 2018 16:10:52","The input power for power supply 1 has been restored."
"Normal","Wed Jun 06 2018 16:10:58","The power supplies are redundant."
"Normal","Sat Apr 06 2019 13:33:44","The power supplies are redundant."
"Critical","Fri May 03 2019 14:39:45","The power input for power supply 1 is lost."
"Critical","Fri May 03 2019 14:39:46","Power supply redundancy is lost."
"Normal","Sat May 04 2019 14:53:50","The input power for power supply 1 has been restored."
"Normal","Sat May 04 2019 14:53:56","The power supplies are redundant."
"Critical","Mon May 06 2019 17:30:51","The power input for power supply 1 is lost."
"Critical","Tue May 21 2019 13:44:09","The power input for power supply 2 is lost."
"Critical","Tue May 21 2019 13:44:09","Power supply redundancy is lost."
"Normal","Tue May 21 2019 20:13:11","The input power for power supply 2 has been restored."
"Normal","Tue May 21 2019 20:13:22","The power supplies are redundant."
"Critical","Sun Jul 28 2019 06:51:55","The power input for power supply 1 is lost."
"Critical","Sun Jul 28 2019 06:51:57","Power supply redundancy is lost."
