Server,Severity,Date/Time,Description
server01,Normal,Fri Dec 20 2013 20:15:46,Log cleared.
server01,Critical,Mon Mar 31 2014 14:24:53,The power input for power supply 2 is lost.
server01,Critical,Mon Mar 31 2014 14:25:04,Power supply redundancy is lost.
server01,Normal,Mon Mar 31 2014 13:29:08,The input power for power supply 2 has been restored.
server01,Normal,Mon Mar 31 2014 13:29:13,The power supplies are redundant.
server01,Critical,Mon Mar 31 2014 14:10:45,The power input for power supply 2 is lost.
server01,Critical,Mon Mar 31 2014 14:10:50,Power supply redundancy is lost.
server01,Normal,Mon Mar 31 2014 14:11:00,The input power for power supply 2 has been restored.
server01,Normal,Mon Mar 31 2014 14:11:06,The power supplies are redundant.
server01,Critical,Mon Mar 31 2014 14:15:56,The power input for power supply 2 is lost.
server01,Critical,Mon Mar 31 2014 14:16:01,Power supply redundancy is lost.
server01,Normal,Mon Mar 31 2014 14:17:31,The input power for power supply 2 has been restored.
server01,Normal,Mon Mar 31 2014 14:17:36,The power supplies are redundant.
server01,Critical,Tue Apr 01 2014 22:16:12,Power supply redundancy is lost.
server01,Critical,Tue Apr 01 2014 22:16:17,The power input for power supply 2 is lost.
server01,Critical,Mon Apr 07 2014 21:24:24,The power input for power supply 2 is lost.
server01,Critical,Mon Apr 07 2014 21:24:29,Power supply redundancy is lost.
server01,Critical,Mon Apr 14 2014 10:49:41,Power supply redundancy is lost.
server01,Critical,Mon Apr 14 2014 10:49:46,The power input for power supply 2 is lost.
server01,Normal,Tue Apr 15 2014 13:18:49,The input power for power supply 2 has been restored.
server01,Normal,Tue Apr 15 2014 13:18:54,The power supplies are redundant.
server01,Critical,Tue Apr 15 2014 13:29:49,Power supply redundancy is lost.
server01,Critical,Tue Apr 15 2014 13:29:50,The power input for power supply 2 is lost.
server01,Normal,Tue Apr 15 2014 13:30:10,The input power for power supply 2 has been restored.
server01,Critical,Tue Apr 15 2014 13:30:46,The system board PS2 PG Fail voltage is outside of range.
server01,Critical,Tue Apr 15 2014 15:30:31,The power input for power supply 1 is lost.
server01,Critical,Tue Apr 15 2014 15:30:33,Power supply redundancy is lost.
server01,Normal,Tue Apr 15 2014 15:31:25,The input power for power supply 1 has been restored.
server01,Critical,Tue Apr 15 2014 15:32:35,Power supply redundancy is lost.
server01,Critical,Tue Apr 15 2014 15:32:44,The power input for power supply 1 is lost.
server01,Normal,Tue Apr 15 2014 15:33:25,The input power for power supply 1 has been restored.
server01,Critical,Tue Apr 15 2014 15:33:31,The power input for power supply 1 is lost.
server01,Normal,Tue Apr 15 2014 15:35:18,The input power for power supply 1 has been restored.
server01,Normal,Tue Apr 15 2014 15:35:28,The power supplies are redundant.
server01,Critical,Tue Apr 15 2014 15:35:33,The power input for power supply 1 is lost.
server01,Critical,Tue Apr 15 2014 15:35:34,Power supply redundancy is lost.
server01,Normal,Wed Apr 16 2014 14:08:56,The input power for power supply 1 has been restored.
server01,Normal,Wed Apr 16 2014 14:08:57,The power supplies are redundant.
server01,Critical,Wed Apr 16 2014 14:10:17,Power supply redundancy is lost.
server01,Critical,Wed Apr 16 2014 14:10:22,The power input for power supply 1 is lost.
server01,Critical,Wed Apr 16 2014 14:17:37,Power supply redundancy is lost.
server01,Critical,Wed Apr 16 2014 14:17:47,The power input for power supply 1 is lost.
server01,Normal,Wed Apr 16 2014 14:52:09,The input power for power supply 1 has been restored.
server01,Normal,Wed Apr 16 2014 14:52:15,The power supplies are redundant.
server01,Warning,Mon Apr 21 2014 06:42:56,The system inlet temperature is greater than the upper warning threshold.
server01,Critical,Mon Apr 21 2014 07:05:18,The system inlet temperature is greater than the upper critical threshold.
server01,Critical,Mon Apr 21 2014 09:38:41,The PERC1 battery has failed.
server01,Warning,Mon Apr 21 2014 09:52:45,The temperature for power supply 2 is in a warning range.
server01,Normal,Mon Apr 21 2014 09:56:02,The PERC1 battery is operating normally.
server01,Warning,Mon Apr 21 2014 10:01:07,The temperature for power supply 1 is in a warning range.
server01,Critical,Mon Apr 21 2014 11:19:37,The system board PS2 PG Fail voltage is outside of range.
server01,Critical,Mon Apr 21 2014 11:19:40,The temperature for power supply 2 is outside of range.
server01,Critical,Mon Apr 21 2014 11:19:42,Power supply redundancy is lost.
server01,Critical,Mon Apr 21 2014 11:27:35,The temperature for power supply 1 is outside of range.
server01,Critical,Mon Apr 21 2014 11:27:47,The system board PS1 PG Fail voltage is outside of range.
server01,Normal,Mon Apr 21 2014 11:27:47,Power supply 1 is operating normally.
server01,Normal,Mon Apr 21 2014 11:27:47,Power supply 1 is operating normally.
server01,Normal,Mon Apr 21 2014 11:27:48,Power supply 2 is operating normally.
server01,Critical,Mon Apr 21 2014 11:32:46,The temperature for power supply 1 is outside of range.
server01,Normal,Mon Apr 21 2014 11:33:01,Power supply 1 is operating normally.
server01,Critical,Mon Apr 21 2014 11:37:54,The temperature for power supply 1 is outside of range.
server01,Normal,Mon Apr 21 2014 11:38:06,Power supply 1 is operating normally.
server01,Critical,Mon Apr 21 2014 11:43:01,The temperature for power supply 1 is outside of range.
server01,Normal,Mon Apr 21 2014 11:43:16,Power supply 1 is operating normally.
server01,Critical,Mon Apr 21 2014 11:48:09,The temperature for power supply 1 is outside of range.
server01,Normal,Mon Apr 21 2014 11:48:23,Power supply 1 is operating normally.
server01,Warning,Mon Apr 21 2014 11:50:18,CPU 1 is throttled.
server01,Normal,Mon Apr 21 2014 11:50:43,CPU 1 is operating correctly.
server01,Critical,Mon Apr 21 2014 11:53:18,The temperature for power supply 1 is outside of range.
server01,Normal,Mon Apr 21 2014 11:53:34,Power supply 1 is operating normally.
server01,Critical,Mon Apr 21 2014 11:55:39,The temperature for power supply 1 is outside of range.
server01,Warning,Mon Apr 21 2014 11:55:40,A predictive failure detected on power supply 1.
server01,Critical,Mon Apr 21 2014 12:00:41,CPU 1 has a thermal trip (over-temperature) event.
server01,Warning,System Boot,The system inlet temperature is greater than the upper warning threshold.
server01,Critical,System Boot,The system inlet temperature is greater than the upper critical threshold.
server01,Critical,Mon Apr 21 2014 13:02:31,Power supply redundancy is lost.
server01,Critical,Mon Apr 21 2014 13:02:35,The power input for power supply 1 is lost.
server01,Warning,Mon Apr 21 2014 13:26:30,The system inlet temperature is greater than the upper warning threshold.
server01,Normal,Mon Apr 21 2014 13:39:02,The system inlet temperature is within range.
server01,Critical,Fri Apr 25 2014 19:33:54,The power input for power supply 1 is lost.
server01,Critical,Fri Apr 25 2014 19:33:55,Power supply redundancy is lost.
server01,Critical,Mon Apr 28 2014 22:26:18,Power supply redundancy is lost.
server01,Critical,Mon Apr 28 2014 22:26:22,The power input for power supply 1 is lost.
server01,Normal,Mon Apr 28 2014 22:58:45,The input power for power supply 1 has been restored.
server01,Normal,Mon Apr 28 2014 22:58:57,The power supplies are redundant.
server01,Critical,Wed Apr 30 2014 19:33:12,The power input for power supply 1 is lost.
server01,Critical,Wed Apr 30 2014 19:33:13,Power supply redundancy is lost.
server01,Critical,Mon May 05 2014 18:38:43,The power input for power supply 1 is lost.
server01,Critical,Mon May 05 2014 18:38:45,Power supply redundancy is lost.
server01,Critical,Mon May 05 2014 23:04:50,The power input for power supply 1 is lost.
server01,Critical,Mon May 05 2014 23:04:51,Power supply redundancy is lost.
server01,Warning,Mon Sep 15 2014 18:01:49,The system inlet temperature is greater than the upper warning threshold.
server01,Normal,Mon Sep 15 2014 18:25:25,The system inlet temperature is within range.
server01,Warning,Mon Sep 15 2014 18:25:37,The system inlet temperature is greater than the upper warning threshold.
server01,Normal,Mon Sep 15 2014 18:27:04,The system inlet temperature is within range.
server01,Warning,Mon Sep 15 2014 18:28:30,The system inlet temperature is greater than the upper warning threshold.
server01,Critical,Mon Sep 15 2014 18:50:03,The system inlet temperature is greater than the upper critical threshold.
server01,Warning,Mon Sep 15 2014 18:55:12,The system inlet temperature is greater than the upper warning threshold.
server01,Normal,Mon Sep 15 2014 19:06:50,The system inlet temperature is within range.
server01,Warning,Sun Nov 09 2014 20:13:16,The system inlet temperature is greater than the upper warning threshold.
server01,Critical,Sun Nov 09 2014 20:42:50,The system inlet temperature is greater than the upper critical threshold.
server01,Warning,Mon Nov 24 2014 03:05:42,The system inlet temperature is greater than the upper warning threshold.
server01,Critical,Mon Nov 24 2014 03:23:31,The system inlet temperature is greater than the upper critical threshold.
server01,Critical,Mon Nov 24 2014 03:54:45,The power input for power supply 1 is lost.
server01,Critical,Mon Nov 24 2014 03:54:47,Power supply redundancy is lost.
server01,Warning,Mon Nov 24 2014 04:06:06,The system inlet temperature is greater than the upper warning threshold.
server01,Normal,Mon Nov 24 2014 04:11:19,The system inlet temperature is within range.
server01,Normal,Mon Nov 24 2014 12:36:09,The input power for power supply 1 has been restored.
server01,Normal,Mon Nov 24 2014 12:36:15,The power supplies are redundant.
server01,Warning,Tue Feb 03 2015 00:56:25,The system inlet temperature is greater than the upper warning threshold.
server01,Critical,Tue Feb 03 2015 01:14:22,The system inlet temperature is greater than the upper critical threshold.
server01,Critical,Tue Feb 03 2015 13:03:58,Power supply redundancy is lost.
server01,Normal,Tue Feb 03 2015 13:04:09,The power supplies are redundant.
server01,Warning,Sat Mar 14 2015 22:09:12,The system inlet temperature is greater than the upper warning threshold.
server01,Critical,Sat Mar 14 2015 22:26:39,The system inlet temperature is greater than the upper critical threshold.
server01,Critical,Sat Mar 14 2015 23:24:03,Power supply redundancy is lost.
server01,Critical,Sat Mar 14 2015 23:24:08,The power input for power supply 2 is lost.
server01,Warning,Fri Jun 05 2015 20:37:14,The system inlet temperature is greater than the upper warning threshold.
server01,Critical,Fri Jun 05 2015 21:03:56,The system inlet temperature is greater than the upper critical threshold.
server01,Warning,Fri Jun 05 2015 21:06:00,The system inlet temperature is greater than the upper warning threshold.
server01,Critical,Fri Jun 05 2015 21:06:52,The system inlet temperature is greater than the upper critical threshold.
server01,Warning,Fri Jun 05 2015 21:11:41,The system inlet temperature is greater than the upper warning threshold.
server01,Normal,Fri Jun 05 2015 21:18:51,The system inlet temperature is within range.
server01,Warning,Fri Jun 05 2015 21:21:08,The system inlet temperature is greater than the upper warning threshold.
server01,Normal,Fri Jun 05 2015 21:29:00,The system inlet temperature is within range.
server01,Warning,Thu Aug 27 2015 11:17:28,The system inlet temperature is greater than the upper warning threshold.
server01,Critical,Thu Aug 27 2015 11:41:00,The system inlet temperature is greater than the upper critical threshold.
server01,Warning,Thu Aug 27 2015 12:12:56,The system inlet temperature is greater than the upper warning threshold.
server01,Critical,Thu Aug 27 2015 12:13:12,The system inlet temperature is greater than the upper critical threshold.
server01,Warning,Thu Aug 27 2015 12:16:44,The system inlet temperature is greater than the upper warning threshold.
server01,Normal,Thu Aug 27 2015 12:22:52,The system inlet temperature is within range.
server01,Critical,Thu Jun 02 2016 20:19:46,Power supply redundancy is lost.
server01,Critical,Thu Jun 02 2016 20:19:52,The power input for power supply 2 is lost.
server01,Warning,Sat Sep 03 2016 12:21:10,The system inlet temperature is greater than the upper warning threshold.
server01,Normal,Sat Sep 03 2016 12:22:43,The system inlet temperature is within range.
server01,Critical,Sun Sep 25 2016 13:22:40,The power input for power supply 1 is lost.
server01,Critical,Sun Sep 25 2016 13:22:42,Power supply redundancy is lost.
server01,Normal,Sun Sep 25 2016 13:24:55,The input power for power supply 1 has been restored.
server01,Normal,Sun Sep 25 2016 13:25:01,The power supplies are redundant.
server01,Warning,Mon Oct 31 2016 05:36:23,The system inlet temperature is greater than the upper warning threshold.
server01,Normal,Mon Oct 31 2016 05:42:55,The system inlet temperature is within range.
server01,Warning,Sun Nov 20 2016 11:11:49,The system inlet temperature is greater than the upper warning threshold.
server01,Critical,Sun Nov 20 2016 11:30:30,The system inlet temperature is greater than the upper critical threshold.
server01,Warning,Sun Nov 20 2016 12:05:16,The system inlet temperature is greater than the upper warning threshold.
server01,Normal,Sun Nov 20 2016 12:06:36,The system inlet temperature is within range.
server01,Warning,Mon Nov 21 2016 09:21:00,The system inlet temperature is greater than the upper warning threshold.
server01,Critical,Mon Nov 21 2016 09:42:15,The system inlet temperature is greater than the upper critical threshold.
server01,Warning,Mon Nov 21 2016 09:56:26,The system inlet temperature is greater than the upper warning threshold.
server01,Normal,Mon Nov 21 2016 10:02:19,The system inlet temperature is within range.
server01,Critical,Sun Apr 30 2017 14:19:10,Fault detected on drive 1 in disk drive bay 1.
server01,Critical,Sun Jul 23 2017 18:58:53,Fault detected on drive 1 in disk drive bay 1.
server01,Warning,Mon Aug 28 2017 17:59:03,The system inlet temperature is greater than the upper warning threshold.
server01,Critical,Mon Aug 28 2017 18:14:37,The system inlet temperature is greater than the upper critical threshold.
server01,Warning,Mon Aug 28 2017 18:46:24,The system inlet temperature is greater than the upper warning threshold.
server01,Normal,Mon Aug 28 2017 19:21:41,The system inlet temperature is within range.
server01,Critical,Tue Aug 29 2017 22:27:48,The power input for power supply 1 is lost.
server01,Critical,Tue Aug 29 2017 22:27:50,Power supply redundancy is lost.
server01,Critical,Tue Aug 29 2017 22:28:29,Fault detected on drive 1 in disk drive bay 1.
server01,Warning,Mon Sep 11 2017 00:12:14,The system inlet temperature is greater than the upper warning threshold.
server01,Normal,Mon Sep 11 2017 00:17:03,The system inlet temperature is within range.
server01,Warning,Mon Sep 11 2017 00:24:29,The system inlet temperature is greater than the upper warning threshold.
server01,Normal,Mon Sep 11 2017 00:27:18,The system inlet temperature is within range.
server01,Warning,Mon Sep 11 2017 11:58:10,The system inlet temperature is greater than the upper warning threshold.
server01,Normal,Mon Sep 11 2017 12:31:39,The system inlet temperature is within range.
server01,Normal,Mon Sep 11 2017 15:05:33,Drive 1 in disk drive bay 1 is operating normally.
server01,Critical,Mon Sep 11 2017 15:06:43,Fault detected on drive 1 in disk drive bay 1.
server01,Critical,Mon Sep 18 2017 22:12:09,The power input for power supply 1 is lost.
server01,Critical,Mon Sep 18 2017 22:12:11,Power supply redundancy is lost.
server01,Critical,Mon Sep 18 2017 22:12:45,Fault detected on drive 1 in disk drive bay 1.
server01,Critical,Thu Sep 21 2017 19:15:37,Fault detected on drive 1 in disk drive bay 1.
server01,Critical,Wed Nov 01 2017 14:25:52,Fault detected on drive 1 in disk drive bay 1.
server01,Normal,Wed Nov 01 2017 14:26:02,The power supplies are redundant.
server01,Normal,Wed Nov 01 2017 14:56:48,Drive 1 in disk drive bay 1 is operating normally.
server01,Critical,Wed Nov 01 2017 14:58:03,Fault detected on drive 1 in disk drive bay 1.
server01,Normal,Wed Nov 01 2017 15:09:47,Drive 1 in disk drive bay 1 is operating normally.
server01,Critical,Wed Nov 01 2017 15:10:58,Fault detected on drive 1 in disk drive bay 1.
server01,Critical,Thu Nov 09 2017 20:22:28,Drive 1 is removed from disk drive bay 1.
server01,Normal,Thu Nov 09 2017 20:22:28,Drive 1 in disk drive bay 1 is operating normally.
server01,Normal,Thu Nov 09 2017 20:25:55,Drive 1 is installed in disk drive bay 1.
server01,Critical,Sat Dec 16 2017 10:06:21,The power input for power supply 2 is lost.
server01,Critical,Sat Dec 16 2017 10:06:21,Power supply redundancy is lost.
server01,Critical,Thu Dec 21 2017 13:19:16,The power input for power supply 1 is lost.
server01,Critical,Thu Dec 21 2017 13:19:18,Power supply redundancy is lost.
server01,Normal,Thu Dec 21 2017 13:19:42,The input power for power supply 1 has been restored.
server01,Normal,Thu Dec 21 2017 13:19:49,The power supplies are redundant.
server01,Critical,Thu Dec 21 2017 13:21:36,Power supply redundancy is lost.
server01,Critical,Thu Dec 21 2017 13:21:39,The power input for power supply 1 is lost.
server01,Normal,Thu Dec 21 2017 13:22:20,The input power for power supply 1 has been restored.
server01,Normal,Thu Dec 21 2017 13:22:31,The power supplies are redundant.
server01,Normal,Mon Apr 16 2018 11:28:50,The power supplies are redundant.
server01,Critical,Sun May 20 2018 17:26:29,The power input for power supply 1 is lost.
server01,Critical,Sun May 20 2018 17:26:31,Power supply redundancy is lost.
server01,Normal,Mon May 21 2018 12:46:20,The input power for power supply 1 has been restored.
server01,Normal,Mon May 21 2018 12:46:27,The power supplies are redundant.
server01,Critical,Wed Jun 06 2018 13:49:30,The power input for power supply 1 is lost.
server01,Critical,Wed Jun 06 2018 13:49:32,Power supply redundancy is lost.
server01,Normal,Wed Jun 06 2018 15:50:25,The input power for power supply 1 has been restored.
server01,Normal,Wed Jun 06 2018 15:50:33,The power supplies are redundant.
server01,Critical,Wed Jun 06 2018 16:05:45,The power input for power supply 1 is lost.
server01,Critical,Wed Jun 06 2018 16:05:47,Power supply redundancy is lost.
server01,Normal,Wed Jun 06 2018 16:10:51,The input power for power supply 1 has been restored.
server01,Normal,Wed Jun 06 2018 16:10:58,The power supplies are redundant.
server01,Critical,Fri May 03 2019 14:34:20,The power input for power supply 1 is lost.
server01,Critical,Fri May 03 2019 14:34:21,Power supply redundancy is lost.
server01,Normal,Sat May 04 2019 14:45:14,The input power for power supply 1 has been restored.
server01,Normal,Sat May 04 2019 14:45:21,The power supplies are redundant.
server01,Critical,Tue May 21 2019 13:35:42,The power input for power supply 2 is lost.
server01,Critical,Tue May 21 2019 13:35:43,Power supply redundancy is lost.
server01,Normal,Tue May 21 2019 20:04:42,The input power for power supply 2 has been restored.
server01,Normal,Tue May 21 2019 20:04:52,The power supplies are redundant.
server01,Critical,Sun Jul 28 2019 06:43:43,Power supply redundancy is lost.
server01,Critical,Sun Jul 28 2019 06:43:47,The power input for power supply 1 is lost.
