Server,Severity,Date/Time,Description
server11,Normal,Fri Dec 20 2013 14:28:15,Log cleared.
server11,Critical,Thu Feb 13 2014 16:34:17,The power input for power supply 1 is lost.
server11,Critical,Mon Mar 31 2014 14:22:25,The power input for power supply 1 is lost.
server11,Critical,Mon Mar 31 2014 14:22:37,Power supply redundancy is lost.
server11,Normal,Mon Mar 31 2014 13:23:40,The input power for power supply 1 has been restored.
server11,Normal,Mon Mar 31 2014 13:24:49,The power supplies are redundant.
server11,Critical,Mon Mar 31 2014 14:09:41,The power input for power supply 2 is lost.
server11,Critical,Mon Mar 31 2014 14:09:46,Power supply redundancy is lost.
server11,Normal,Mon Mar 31 2014 14:09:56,The input power for power supply 2 has been restored.
server11,Normal,Mon Mar 31 2014 14:10:01,The power supplies are redundant.
server11,Critical,Mon Mar 31 2014 14:15:22,The power input for power supply 2 is lost.
server11,Critical,Mon Mar 31 2014 14:15:50,Power supply redundancy is lost.
server11,Normal,Mon Mar 31 2014 14:16:55,The input power for power supply 2 has been restored.
server11,Normal,Mon Mar 31 2014 14:17:00,The power supplies are redundant.
server11,Critical,Tue Apr 01 2014 22:15:28,Power supply redundancy is lost.
server11,Critical,Tue Apr 01 2014 22:15:34,The power input for power supply 2 is lost.
server11,Critical,Mon Apr 07 2014 21:19:03,Power supply redundancy is lost.
server11,Critical,Mon Apr 07 2014 21:19:04,The power input for power supply 2 is lost.
server11,Critical,Mon Apr 14 2014 10:48:58,Power supply redundancy is lost.
server11,Critical,Mon Apr 14 2014 10:49:03,The power input for power supply 2 is lost.
server11,Normal,Tue Apr 15 2014 13:18:15,The input power for power supply 2 has been restored.
server11,Critical,Tue Apr 15 2014 13:18:17,The system board PS1 PG Fail voltage is outside of range.
server11,Critical,Tue Apr 15 2014 13:18:20,Power supply 1 is incorrectly configured.
server11,Warning,Mon Apr 21 2014 06:42:40,The system inlet temperature is greater than the upper warning threshold.
server11,Critical,Mon Apr 21 2014 07:05:29,The system inlet temperature is greater than the upper critical threshold.
server11,Warning,Mon Apr 21 2014 09:45:30,The temperature for power supply 1 is in a warning range.
server11,Critical,Mon Apr 21 2014 09:46:43,The PERC1 battery has failed.
server11,Warning,Mon Apr 21 2014 09:47:24,The temperature for power supply 2 is in a warning range.
server11,Normal,Mon Apr 21 2014 09:47:48,The PERC1 battery is operating normally.
server11,Critical,Mon Apr 21 2014 11:12:58,The system board PS1 PG Fail voltage is outside of range.
server11,Critical,Mon Apr 21 2014 11:13:01,The temperature for power supply 1 is outside of range.
server11,Normal,Mon Apr 21 2014 11:13:23,Power supply 1 is operating normally.
server11,Critical,Mon Apr 21 2014 11:13:25,The system board PS2 PG Fail voltage is outside of range.
server11,Critical,Mon Apr 21 2014 11:13:25,Power supply redundancy is lost.
server11,Normal,Mon Apr 21 2014 11:13:25,Power supply 2 is operating normally.
server11,Critical,Mon Apr 21 2014 11:18:17,The temperature for power supply 2 is outside of range.
server11,Normal,Mon Apr 21 2014 11:18:31,Power supply 2 is operating normally.
server11,Critical,Mon Apr 21 2014 11:23:25,The temperature for power supply 2 is outside of range.
server11,Normal,Mon Apr 21 2014 11:23:37,Power supply 2 is operating normally.
server11,Critical,Mon Apr 21 2014 11:28:32,The temperature for power supply 2 is outside of range.
server11,Normal,Mon Apr 21 2014 11:28:47,Power supply 2 is operating normally.
server11,Critical,Mon Apr 21 2014 11:38:48,The temperature for power supply 2 is outside of range.
server11,Normal,Mon Apr 21 2014 11:39:04,Power supply 2 is operating normally.
server11,Critical,Mon Apr 21 2014 11:49:04,The temperature for power supply 2 is outside of range.
server11,Normal,Mon Apr 21 2014 11:49:22,Power supply 2 is operating normally.
server11,Critical,Mon Apr 21 2014 11:54:12,The temperature for power supply 2 is outside of range.
server11,Normal,Mon Apr 21 2014 11:54:28,Power supply 2 is operating normally.
server11,Warning,Mon Apr 21 2014 11:56:22,CPU 1 is throttled.
server11,Normal,Mon Apr 21 2014 11:56:42,CPU 1 is operating correctly.
server11,Critical,Mon Apr 21 2014 11:59:20,The temperature for power supply 2 is outside of range.
server11,Normal,Mon Apr 21 2014 11:59:33,Power supply 2 is operating normally.
server11,Critical,Mon Apr 21 2014 12:04:27,The temperature for power supply 2 is outside of range.
server11,Normal,Mon Apr 21 2014 12:04:44,Power supply 2 is operating normally.
server11,Warning,Mon Apr 21 2014 12:06:38,CPU 1 is throttled.
server11,Normal,Mon Apr 21 2014 12:06:53,CPU 1 is operating correctly.
server11,Critical,Mon Apr 21 2014 12:14:43,The temperature for power supply 2 is outside of range.
server11,Normal,Mon Apr 21 2014 12:14:55,Power supply 2 is operating normally.
server11,Critical,Mon Apr 21 2014 12:24:54,The temperature for power supply 2 is outside of range.
server11,Warning,Mon Apr 21 2014 12:24:57,A predictive failure detected on power supply 2.
server11,Normal,Mon Apr 21 2014 12:24:57,Power supply 2 is operating normally.
server11,Warning,Mon Apr 21 2014 12:25:01,A predictive failure detected on power supply 1.
server11,Normal,Mon Apr 21 2014 12:34:42,Power supply 1 is operating normally.
server11,Critical,Mon Apr 21 2014 12:37:31,The temperature for power supply 2 is outside of range.
server11,Normal,Mon Apr 21 2014 12:37:33,Power supply 2 is operating normally.
server11,Normal,Mon Apr 21 2014 12:37:33,Power supply 2 is operating normally.
server11,Warning,Mon Apr 21 2014 13:02:12,The system inlet temperature is greater than the upper warning threshold.
server11,Critical,Mon Apr 21 2014 13:02:13,The system inlet temperature is greater than the upper critical threshold.
server11,Critical,Mon Apr 21 2014 13:02:20,Power supply redundancy is lost.
server11,Critical,Mon Apr 21 2014 13:02:24,The power input for power supply 1 is lost.
server11,Warning,Mon Apr 21 2014 13:18:17,The system inlet temperature is greater than the upper warning threshold.
server11,Normal,Mon Apr 21 2014 13:31:20,The system inlet temperature is within range.
server11,Critical,Fri Apr 25 2014 19:33:55,The power input for power supply 1 is lost.
server11,Critical,Fri Apr 25 2014 19:33:56,Power supply redundancy is lost.
server11,Critical,Mon Apr 28 2014 22:26:13,Power supply redundancy is lost.
server11,Critical,Mon Apr 28 2014 22:26:17,The power input for power supply 1 is lost.
server11,Normal,Mon Apr 28 2014 22:58:50,The input power for power supply 1 has been restored.
server11,Normal,Mon Apr 28 2014 22:58:56,The power supplies are redundant.
server11,Critical,Wed Apr 30 2014 19:33:13,The power input for power supply 1 is lost.
server11,Critical,Wed Apr 30 2014 19:33:14,Power supply redundancy is lost.
server11,Critical,Mon May 05 2014 18:38:43,The power input for power supply 1 is lost.
server11,Critical,Mon May 05 2014 18:38:44,Power supply redundancy is lost.
server11,Critical,Mon May 05 2014 23:04:51,The power input for power supply 1 is lost.
server11,Critical,Mon May 05 2014 23:04:52,Power supply redundancy is lost.
server11,Warning,Mon Sep 15 2014 18:02:07,The system inlet temperature is greater than the upper warning threshold.
server11,Normal,Mon Sep 15 2014 18:25:00,The system inlet temperature is within range.
server11,Warning,Mon Sep 15 2014 18:26:09,The system inlet temperature is greater than the upper warning threshold.
server11,Normal,Mon Sep 15 2014 18:26:33,The system inlet temperature is within range.
server11,Warning,Mon Sep 15 2014 18:26:40,The system inlet temperature is greater than the upper warning threshold.
server11,Normal,Mon Sep 15 2014 18:26:44,The system inlet temperature is within range.
server11,Warning,Mon Sep 15 2014 18:28:33,The system inlet temperature is greater than the upper warning threshold.
server11,Normal,Mon Sep 15 2014 19:07:20,The system inlet temperature is within range.
server11,Warning,Sun Nov 09 2014 20:11:45,The system inlet temperature is greater than the upper warning threshold.
server11,Critical,Sun Nov 09 2014 20:41:57,The system inlet temperature is greater than the upper critical threshold.
server11,Warning,Mon Nov 24 2014 03:05:43,The system inlet temperature is greater than the upper warning threshold.
server11,Critical,Mon Nov 24 2014 03:23:33,The system inlet temperature is greater than the upper critical threshold.
server11,Critical,Mon Nov 24 2014 03:54:46,The power input for power supply 1 is lost.
server11,Critical,Mon Nov 24 2014 03:54:48,Power supply redundancy is lost.
server11,Warning,Mon Nov 24 2014 04:06:12,The system inlet temperature is greater than the upper warning threshold.
server11,Critical,Mon Nov 24 2014 04:06:50,The system inlet temperature is greater than the upper critical threshold.
server11,Warning,Mon Nov 24 2014 04:07:14,The system inlet temperature is greater than the upper warning threshold.
server11,Normal,Mon Nov 24 2014 04:11:32,The system inlet temperature is within range.
server11,Warning,Mon Nov 24 2014 04:11:47,The system inlet temperature is greater than the upper warning threshold.
server11,Normal,Mon Nov 24 2014 04:12:05,The system inlet temperature is within range.
server11,Normal,Mon Nov 24 2014 12:36:09,The input power for power supply 1 has been restored.
server11,Normal,Mon Nov 24 2014 12:36:16,The power supplies are redundant.
server11,Warning,Tue Feb 03 2015 00:57:05,The system inlet temperature is greater than the upper warning threshold.
server11,Critical,Tue Feb 03 2015 01:14:28,The system inlet temperature is greater than the upper critical threshold.
server11,Warning,Sat Mar 14 2015 22:09:14,The system inlet temperature is greater than the upper warning threshold.
server11,Critical,Sat Mar 14 2015 22:25:38,The system inlet temperature is greater than the upper critical threshold.
server11,Critical,Sat Mar 14 2015 23:24:07,The power input for power supply 2 is lost.
server11,Critical,Sat Mar 14 2015 23:24:07,Power supply redundancy is lost.
server11,Warning,Fri Jun 05 2015 20:37:55,The system inlet temperature is greater than the upper warning threshold.
server11,Critical,Fri Jun 05 2015 21:04:02,The system inlet temperature is greater than the upper critical threshold.
server11,Warning,Fri Jun 05 2015 21:05:56,The system inlet temperature is greater than the upper warning threshold.
server11,Critical,Fri Jun 05 2015 21:06:34,The system inlet temperature is greater than the upper critical threshold.
server11,Warning,Fri Jun 05 2015 21:12:58,The system inlet temperature is greater than the upper warning threshold.
server11,Normal,Fri Jun 05 2015 21:18:53,The system inlet temperature is within range.
server11,Warning,Fri Jun 05 2015 21:20:08,The system inlet temperature is greater than the upper warning threshold.
server11,Normal,Fri Jun 05 2015 21:33:04,The system inlet temperature is within range.
server11,Warning,Thu Aug 27 2015 11:17:51,The system inlet temperature is greater than the upper warning threshold.
server11,Critical,Thu Aug 27 2015 11:42:04,The system inlet temperature is greater than the upper critical threshold.
server11,Warning,Thu Aug 27 2015 12:12:53,The system inlet temperature is greater than the upper warning threshold.
server11,Critical,Thu Aug 27 2015 12:13:36,The system inlet temperature is greater than the upper critical threshold.
server11,Warning,Thu Aug 27 2015 12:16:33,The system inlet temperature is greater than the upper warning threshold.
server11,Normal,Thu Aug 27 2015 12:20:15,The system inlet temperature is within range.
server11,Warning,Thu Aug 27 2015 12:20:19,The system inlet temperature is greater than the upper warning threshold.
server11,Normal,Thu Aug 27 2015 12:21:35,The system inlet temperature is within range.
server11,Warning,Thu Aug 27 2015 12:22:23,The system inlet temperature is greater than the upper warning threshold.
server11,Normal,Thu Aug 27 2015 12:22:35,The system inlet temperature is within range.
server11,Critical,Thu Jun 02 2016 20:19:30,Power supply redundancy is lost.
server11,Critical,Thu Jun 02 2016 20:19:30,The power input for power supply 2 is lost.
server11,Warning,Sat Sep 03 2016 12:21:14,The system inlet temperature is greater than the upper warning threshold.
server11,Normal,Sat Sep 03 2016 12:22:48,The system inlet temperature is within range.
server11,Warning,Mon Oct 31 2016 05:35:54,The system inlet temperature is greater than the upper warning threshold.
server11,Normal,Mon Oct 31 2016 05:42:44,The system inlet temperature is within range.
server11,Warning,Sun Nov 20 2016 11:11:54,The system inlet temperature is greater than the upper warning threshold.
server11,Critical,Sun Nov 20 2016 11:30:43,The system inlet temperature is greater than the upper critical threshold.
server11,Warning,Sun Nov 20 2016 12:05:19,The system inlet temperature is greater than the upper warning threshold.
server11,Normal,Sun Nov 20 2016 12:07:16,The system inlet temperature is within range.
server11,Warning,Mon Nov 21 2016 09:22:25,The system inlet temperature is greater than the upper warning threshold.
server11,Critical,Mon Nov 21 2016 09:42:21,The system inlet temperature is greater than the upper critical threshold.
server11,Warning,Mon Nov 21 2016 09:56:31,The system inlet temperature is greater than the upper warning threshold.
server11,Normal,Mon Nov 21 2016 10:02:31,The system inlet temperature is within range.
server11,Warning,Mon Aug 28 2017 18:01:32,The system inlet temperature is greater than the upper warning threshold.
server11,Critical,Mon Aug 28 2017 18:18:35,The system inlet temperature is greater than the upper critical threshold.
server11,Warning,Mon Aug 28 2017 18:45:34,The system inlet temperature is greater than the upper warning threshold.
server11,Normal,Mon Aug 28 2017 19:10:51,The system inlet temperature is within range.
server11,Critical,Tue Aug 29 2017 22:27:54,The power input for power supply 1 is lost.
server11,Critical,Tue Aug 29 2017 22:27:55,Power supply redundancy is lost.
server11,Warning,Mon Sep 11 2017 12:07:26,The system inlet temperature is greater than the upper warning threshold.
server11,Normal,Mon Sep 11 2017 12:10:21,The system inlet temperature is within range.
server11,Warning,Mon Sep 11 2017 12:10:45,The system inlet temperature is greater than the upper warning threshold.
server11,Normal,Mon Sep 11 2017 12:19:14,The system inlet temperature is within range.
server11,Warning,Mon Sep 11 2017 12:25:32,The system inlet temperature is greater than the upper warning threshold.
server11,Normal,Mon Sep 11 2017 12:25:52,The system inlet temperature is within range.
server11,Warning,Mon Sep 11 2017 12:26:07,The system inlet temperature is greater than the upper warning threshold.
server11,Normal,Mon Sep 11 2017 12:26:15,The system inlet temperature is within range.
server11,Critical,Mon Sep 18 2017 22:12:03,Power supply redundancy is lost.
server11,Critical,Mon Sep 18 2017 22:12:07,The power input for power supply 1 is lost.
server11,Critical,Sat Dec 16 2017 10:06:27,The power input for power supply 2 is lost.
server11,Critical,Sat Dec 16 2017 10:06:28,Power supply redundancy is lost.
server11,Normal,Sun Dec 17 2017 15:12:55,The power supplies are redundant.
server11,Critical,Thu Dec 21 2017 13:19:19,The power input for power supply 1 is lost.
server11,Critical,Thu Dec 21 2017 13:19:21,Power supply redundancy is lost.
server11,Normal,Thu Dec 21 2017 13:19:46,The input power for power supply 1 has been restored.
server11,Normal,Thu Dec 21 2017 13:19:53,The power supplies are redundant.
server11,Critical,Thu Dec 21 2017 13:21:37,The power input for power supply 1 is lost.
server11,Critical,Thu Dec 21 2017 13:21:40,Power supply redundancy is lost.
server11,Normal,Thu Dec 21 2017 13:22:23,The input power for power supply 1 has been restored.
server11,Normal,Thu Dec 21 2017 13:22:30,The power supplies are redundant.
server11,Critical,Sun May 20 2018 17:26:26,The power input for power supply 1 is lost.
server11,Critical,Sun May 20 2018 17:26:27,Power supply redundancy is lost.
server11,Normal,Mon May 21 2018 12:46:17,The input power for power supply 1 has been restored.
server11,Normal,Mon May 21 2018 12:46:30,The power supplies are redundant.
server11,Normal,Mon May 21 2018 16:47:02,The power supplies are redundant.
server11,Critical,Wed Jun 06 2018 13:49:18,Power supply redundancy is lost.
server11,Critical,Wed Jun 06 2018 13:49:21,The power input for power supply 1 is lost.
server11,Normal,Wed Jun 06 2018 15:50:12,The input power for power supply 1 has been restored.
server11,Normal,Wed Jun 06 2018 15:50:19,The power supplies are redundant.
server11,Critical,Wed Jun 06 2018 16:05:32,The power input for power supply 1 is lost.
server11,Critical,Wed Jun 06 2018 16:05:34,Power supply redundancy is lost.
server11,Normal,Wed Jun 06 2018 16:10:34,The input power for power supply 1 has been restored.
server11,Normal,Wed Jun 06 2018 16:10:46,The power supplies are redundant.
server11,Critical,Thu Jun 28 2018 12:19:52,Drive 1 is removed from disk drive bay 1.
server11,Normal,Thu Jun 28 2018 12:23:00,Drive 1 is installed in disk drive bay 1.
server11,Critical,Thu Jan 10 2019 23:45:36,Fault detected on drive 7 in disk drive bay 1.
server11,Critical,Tue Feb 05 2019 15:13:32,Fault detected on drive 7 in disk drive bay 1.
server11,Normal,Tue Feb 05 2019 15:27:23,Drive 7 in disk drive bay 1 is operating normally.
server11,Critical,Tue Feb 05 2019 15:28:49,Fault detected on drive 7 in disk drive bay 1.
server11,Normal,Tue Feb 05 2019 15:47:33,Drive 7 in disk drive bay 1 is operating normally.
server11,Critical,Tue Feb 05 2019 15:48:48,Fault detected on drive 7 in disk drive bay 1.
server11,Normal,Tue Feb 05 2019 17:40:38,Drive 7 in disk drive bay 1 is operating normally.
server11,Critical,Tue Feb 05 2019 17:41:58,Fault detected on drive 7 in disk drive bay 1.
server11,Critical,Fri Feb 15 2019 13:56:04,Drive 7 is removed from disk drive bay 1.
server11,Normal,Fri Feb 15 2019 13:56:04,Drive 7 in disk drive bay 1 is operating normally.
server11,Normal,Fri Feb 15 2019 13:59:39,Drive 7 is installed in disk drive bay 1.
server11,Critical,Fri May 03 2019 14:31:25,The power input for power supply 1 is lost.
server11,Critical,Fri May 03 2019 14:31:26,Power supply redundancy is lost.
server11,Normal,Sat May 04 2019 14:47:25,The input power for power supply 1 has been restored.
server11,Normal,Sat May 04 2019 14:47:32,The power supplies are redundant.
server11,Critical,Mon May 06 2019 17:24:26,Power supply redundancy is lost.
server11,Critical,Tue May 21 2019 13:37:54,The power input for power supply 2 is lost.
server11,Critical,Tue May 21 2019 13:37:55,Power supply redundancy is lost.
server11,Normal,Tue May 21 2019 20:06:53,The input power for power supply 2 has been restored.
server11,Normal,Tue May 21 2019 20:07:03,The power supplies are redundant.
server11,Critical,Sun Jul 28 2019 06:45:22,Power supply redundancy is lost.
server11,Critical,Sun Jul 28 2019 06:45:26,The power input for power supply 1 is lost.
