Server,Severity,Date/Time,Description
server17,Normal,Fri Dec 20 2013 14:29:59,Log cleared.
server17,Critical,Fri Feb 14 2014 00:43:55,The chassis is open while the power is off.
server17,Normal,Fri Feb 14 2014 00:44:01,The chassis is closed while the power is off.
server17,Critical,Fri Feb 14 2014 00:44:59,Power supply redundancy is lost.
server17,Critical,Fri Feb 14 2014 00:45:03,The power input for power supply 1 is lost.
server17,Critical,Fri Feb 14 2014 00:50:05,The power input for power supply 1 is lost.
server17,Critical,Fri Feb 14 2014 00:50:07,Power supply redundancy is lost.
server17,Critical,Mon Mar 31 2014 17:06:12,The power input for power supply 1 is lost.
server17,Critical,Mon Mar 31 2014 16:06:14,Power supply redundancy is lost.
server17,Normal,Mon Mar 31 2014 16:06:51,The input power for power supply 1 has been restored.
server17,Normal,Mon Mar 31 2014 16:07:57,The power supplies are redundant.
server17,Critical,Mon Mar 31 2014 16:18:43,The power input for power supply 2 is lost.
server17,Critical,Mon Mar 31 2014 16:18:49,Power supply redundancy is lost.
server17,Critical,Mon Mar 31 2014 19:10:35,The power input for power supply 2 is lost.
server17,Critical,Mon Mar 31 2014 19:10:47,Power supply redundancy is lost.
server17,Critical,Mon Apr 07 2014 21:46:22,Power supply redundancy is lost.
server17,Critical,Mon Apr 07 2014 21:46:30,The power input for power supply 2 is lost.
server17,Critical,Mon Apr 14 2014 10:50:26,Power supply redundancy is lost.
server17,Critical,Mon Apr 14 2014 10:50:31,The power input for power supply 2 is lost.
server17,Critical,Tue Apr 15 2014 18:13:02,The power input for power supply 1 is lost.
server17,Critical,Tue Apr 15 2014 18:13:03,Power supply redundancy is lost.
server17,Normal,Fri Apr 18 2014 19:03:06,The input power for power supply 1 has been restored.
server17,Normal,Fri Apr 18 2014 19:03:08,The power supplies are redundant.
server17,Critical,Fri Apr 18 2014 19:04:27,The power input for power supply 1 is lost.
server17,Critical,Fri Apr 18 2014 19:04:28,Power supply redundancy is lost.
server17,Warning,Mon Apr 21 2014 06:42:41,The system inlet temperature is greater than the upper warning threshold.
server17,Critical,Mon Apr 21 2014 07:01:30,The system inlet temperature is greater than the upper critical threshold.
server17,Critical,Mon Apr 21 2014 09:57:31,The PERC1 battery has failed.
server17,Warning,Mon Apr 21 2014 09:59:58,The temperature for power supply 2 is in a warning range.
server17,Normal,Mon Apr 21 2014 10:02:52,The PERC1 battery is operating normally.
server17,Critical,Mon Apr 21 2014 12:04:28,The system board PS2 PG Fail voltage is outside of range.
server17,Normal,Mon Apr 21 2014 12:04:28,Power supply 2 is operating normally.
server17,Critical,Mon Apr 21 2014 12:09:20,The temperature for power supply 2 is outside of range.
server17,Normal,Mon Apr 21 2014 12:09:36,Power supply 2 is operating normally.
server17,Warning,Mon Apr 21 2014 12:19:31,The temperature for power supply 2 is in a warning range.
server17,Normal,Mon Apr 21 2014 12:41:58,Power supply 2 is operating normally.
server17,Warning,Mon Apr 21 2014 12:56:42,The system inlet temperature is greater than the upper warning threshold.
server17,Critical,Mon Apr 21 2014 12:56:42,The system inlet temperature is greater than the upper critical threshold.
server17,Critical,Mon Apr 21 2014 12:56:43,The power input for power supply 1 is lost.
server17,Critical,Mon Apr 21 2014 12:56:45,Power supply redundancy is lost.
server17,Warning,Mon Apr 21 2014 13:17:09,The system inlet temperature is greater than the upper warning threshold.
server17,Normal,Mon Apr 21 2014 13:29:42,The system inlet temperature is within range.
server17,Critical,Tue Apr 22 2014 18:32:42,The power input for power supply 1 is lost.
server17,Critical,Tue Apr 22 2014 18:32:44,Power supply redundancy is lost.
server17,Critical,Tue Apr 29 2014 17:44:49,Power supply redundancy is lost.
server17,Critical,Tue Apr 29 2014 17:44:53,The power input for power supply 1 is lost.
server17,Critical,Wed May 14 2014 15:31:34,The power input for power supply 1 is lost.
server17,Critical,Wed May 14 2014 15:31:36,Power supply redundancy is lost.
server17,Critical,Thu Jul 10 2014 20:55:46,Power supply redundancy is lost.
server17,Critical,Thu Jul 10 2014 20:55:50,The power input for power supply 1 is lost.
server17,Critical,Sat Aug 02 2014 01:24:07,The power input for power supply 1 is lost.
server17,Critical,Sat Aug 02 2014 01:24:09,Power supply redundancy is lost.
server17,Critical,Fri Aug 08 2014 20:30:49,The power input for power supply 1 is lost.
server17,Critical,Fri Aug 08 2014 20:30:51,Power supply redundancy is lost.
server17,Critical,Tue Aug 19 2014 15:46:54,Power supply redundancy is lost.
server17,Critical,Tue Aug 19 2014 15:46:59,The power input for power supply 1 is lost.
server17,Warning,Mon Sep 15 2014 17:59:25,The system inlet temperature is greater than the upper warning threshold.
server17,Critical,Mon Sep 15 2014 18:22:48,The system inlet temperature is greater than the upper critical threshold.
server17,Warning,Mon Sep 15 2014 18:23:22,The system inlet temperature is greater than the upper warning threshold.
server17,Normal,Mon Sep 15 2014 18:24:00,The system inlet temperature is within range.
server17,Warning,Mon Sep 15 2014 18:33:01,The system inlet temperature is greater than the upper warning threshold.
server17,Critical,Mon Sep 15 2014 18:52:46,The system inlet temperature is greater than the upper critical threshold.
server17,Warning,Mon Sep 15 2014 18:56:21,The system inlet temperature is greater than the upper warning threshold.
server17,Critical,Mon Sep 15 2014 19:04:52,The system inlet temperature is greater than the upper critical threshold.
server17,Warning,Mon Sep 15 2014 19:06:55,The system inlet temperature is greater than the upper warning threshold.
server17,Normal,Mon Sep 15 2014 19:10:55,The system inlet temperature is within range.
server17,Warning,Mon Sep 15 2014 19:12:18,The system inlet temperature is greater than the upper warning threshold.
server17,Normal,Mon Sep 15 2014 19:14:16,The system inlet temperature is within range.
server17,Normal,Fri Sep 26 2014 21:09:59,The input power for power supply 1 has been restored.
server17,Normal,Fri Sep 26 2014 21:10:05,The power supplies are redundant.
server17,Critical,Fri Sep 26 2014 21:29:10,The power input for power supply 1 is lost.
server17,Critical,Fri Sep 26 2014 21:29:12,Power supply redundancy is lost.
server17,Normal,Fri Sep 26 2014 21:29:36,The input power for power supply 1 has been restored.
server17,Normal,Fri Sep 26 2014 21:29:42,The power supplies are redundant.
server17,Critical,Sun Oct 19 2014 21:03:50,The system board PS2 PG Fail voltage is outside of range.
server17,Critical,Sun Oct 19 2014 21:03:52,Power supply redundancy is lost.
server17,Critical,Sun Oct 19 2014 21:03:53,Power supply 2 is incorrectly configured.
server17,Warning,Sun Nov 09 2014 20:10:44,The system inlet temperature is greater than the upper warning threshold.
server17,Critical,Sun Nov 09 2014 20:37:11,The system inlet temperature is greater than the upper critical threshold.
server17,Critical,Sun Nov 09 2014 21:21:03,The power input for power supply 1 is lost.
server17,Critical,Sun Nov 09 2014 21:21:05,Power supply redundancy is lost.
server17,Warning,Mon Nov 24 2014 03:03:20,The system inlet temperature is greater than the upper warning threshold.
server17,Critical,Mon Nov 24 2014 03:20:45,The system inlet temperature is greater than the upper critical threshold.
server17,Critical,Mon Nov 24 2014 03:54:40,The power input for power supply 2 is lost.
server17,Critical,Mon Nov 24 2014 03:54:41,Power supply redundancy is lost.
server17,Warning,Mon Nov 24 2014 03:59:43,The system inlet temperature is greater than the upper warning threshold.
server17,Normal,Mon Nov 24 2014 04:02:04,The system inlet temperature is within range.
server17,Normal,Mon Nov 24 2014 12:36:08,The input power for power supply 2 has been restored.
server17,Normal,Mon Nov 24 2014 12:36:13,The power supplies are redundant.
server17,Warning,Tue Feb 03 2015 00:56:01,The system inlet temperature is greater than the upper warning threshold.
server17,Critical,Tue Feb 03 2015 01:12:32,The system inlet temperature is greater than the upper critical threshold.
server17,Critical,Tue Feb 03 2015 13:03:43,The power input for power supply 1 is lost.
server17,Critical,Tue Feb 03 2015 13:03:44,Power supply redundancy is lost.
server17,Normal,Tue Feb 03 2015 13:04:01,The input power for power supply 1 has been restored.
server17,Normal,Tue Feb 03 2015 13:04:08,The power supplies are redundant.
server17,Warning,Sat Mar 14 2015 22:07:46,The system inlet temperature is greater than the upper warning threshold.
server17,Critical,Sat Mar 14 2015 22:24:44,The system inlet temperature is greater than the upper critical threshold.
server17,Critical,Sat Mar 14 2015 23:24:56,The power input for power supply 1 is lost.
server17,Critical,Sat Mar 14 2015 23:26:58,Power supply redundancy is lost.
server17,Warning,Fri Jun 05 2015 20:35:11,The system inlet temperature is greater than the upper warning threshold.
server17,Critical,Fri Jun 05 2015 20:56:55,The system inlet temperature is greater than the upper critical threshold.
server17,Warning,Fri Jun 05 2015 21:05:58,The system inlet temperature is greater than the upper warning threshold.
server17,Normal,Fri Jun 05 2015 21:06:55,The system inlet temperature is within range.
server17,Critical,Sun Jul 19 2015 11:51:02,Fault detected on drive 3 in disk drive bay 1.
server17,Critical,Sat Aug 01 2015 20:29:00,Fault detected on drive 3 in disk drive bay 1.
server17,Normal,Thu Aug 20 2015 12:29:38,Drive 3 in disk drive bay 1 is operating normally.
server17,Critical,Thu Aug 20 2015 12:30:39,Fault detected on drive 3 in disk drive bay 1.
server17,Normal,Thu Aug 20 2015 13:28:18,Drive 3 in disk drive bay 1 is operating normally.
server17,Critical,Thu Aug 20 2015 13:28:53,Fault detected on drive 3 in disk drive bay 1.
server17,Critical,Thu Aug 20 2015 19:15:02,Fault detected on drive 3 in disk drive bay 1.
server17,Normal,Thu Aug 20 2015 19:47:02,Drive 3 in disk drive bay 1 is operating normally.
server17,Critical,Thu Aug 20 2015 19:47:37,Fault detected on drive 3 in disk drive bay 1.
server17,Normal,Thu Aug 20 2015 20:56:16,Drive 3 in disk drive bay 1 is operating normally.
server17,Critical,Thu Aug 20 2015 20:56:51,Fault detected on drive 3 in disk drive bay 1.
server17,Warning,Thu Aug 27 2015 11:18:55,The system inlet temperature is greater than the upper warning threshold.
server17,Critical,Thu Aug 27 2015 11:41:06,The system inlet temperature is greater than the upper critical threshold.
server17,Warning,Thu Aug 27 2015 12:08:21,The system inlet temperature is greater than the upper warning threshold.
server17,Normal,Thu Aug 27 2015 12:12:21,The system inlet temperature is within range.
server17,Normal,Wed Oct 07 2015 18:50:33,Drive 3 in disk drive bay 1 is operating normally.
server17,Critical,Wed Oct 07 2015 18:50:32,Fault detected on drive 3 in disk drive bay 1.
server17,Normal,Wed Oct 07 2015 19:22:04,Drive 3 in disk drive bay 1 is operating normally.
server17,Critical,Wed Oct 07 2015 19:22:40,Fault detected on drive 3 in disk drive bay 1.
server17,Normal,Wed Oct 07 2015 19:41:01,Drive 3 in disk drive bay 1 is operating normally.
server17,Critical,Wed Oct 07 2015 19:41:36,Fault detected on drive 3 in disk drive bay 1.
server17,Critical,Thu Oct 15 2015 17:45:53,Drive 3 is removed from disk drive bay 1.
server17,Normal,Thu Oct 15 2015 17:45:53,Drive 3 in disk drive bay 1 is operating normally.
server17,Normal,Thu Oct 15 2015 17:45:59,Drive 3 is installed in disk drive bay 1.
server17,Critical,Thu Oct 15 2015 17:46:34,Fault detected on drive 3 in disk drive bay 1.
server17,Critical,Tue Jan 26 2016 18:30:03,Fault detected on drive 3 in disk drive bay 1.
server17,Critical,Tue Feb 02 2016 15:40:25,Fault detected on drive 3 in disk drive bay 1.
server17,Critical,Wed Mar 30 2016 16:15:24,Drive 3 is removed from disk drive bay 1.
server17,Normal,Wed Mar 30 2016 16:15:24,Drive 3 in disk drive bay 1 is operating normally.
server17,Normal,Wed Mar 30 2016 16:18:03,Drive 3 is installed in disk drive bay 1.
server17,Warning,Sat Sep 03 2016 12:19:14,The system inlet temperature is greater than the upper warning threshold.
server17,Normal,Sat Sep 03 2016 12:22:17,The system inlet temperature is within range.
server17,Warning,Mon Oct 31 2016 05:32:02,The system inlet temperature is greater than the upper warning threshold.
server17,Normal,Mon Oct 31 2016 05:42:31,The system inlet temperature is within range.
server17,Warning,Sat Nov 12 2016 14:29:45,The system inlet temperature is greater than the upper warning threshold.
server17,Normal,Sat Nov 12 2016 14:30:41,The system inlet temperature is within range.
server17,Warning,Sun Nov 20 2016 11:09:00,The system inlet temperature is greater than the upper warning threshold.
server17,Normal,Sun Nov 20 2016 11:09:54,The system inlet temperature is within range.
server17,Warning,Sun Nov 20 2016 11:11:06,The system inlet temperature is greater than the upper warning threshold.
server17,Critical,Sun Nov 20 2016 11:28:52,The system inlet temperature is greater than the upper critical threshold.
server17,Warning,Sun Nov 20 2016 12:00:28,The system inlet temperature is greater than the upper warning threshold.
server17,Critical,Sun Nov 20 2016 12:00:52,The system inlet temperature is greater than the upper critical threshold.
server17,Warning,Sun Nov 20 2016 12:05:04,The system inlet temperature is greater than the upper warning threshold.
server17,Normal,Sun Nov 20 2016 12:05:57,The system inlet temperature is within range.
server17,Warning,Mon Nov 21 2016 09:20:13,The system inlet temperature is greater than the upper warning threshold.
server17,Critical,Mon Nov 21 2016 09:40:08,The system inlet temperature is greater than the upper critical threshold.
server17,Warning,Mon Nov 21 2016 09:56:09,The system inlet temperature is greater than the upper warning threshold.
server17,Normal,Mon Nov 21 2016 10:01:54,The system inlet temperature is within range.
server17,Warning,Mon Aug 28 2017 17:49:22,The system inlet temperature is greater than the upper warning threshold.
server17,Critical,Mon Aug 28 2017 18:05:47,The system inlet temperature is greater than the upper critical threshold.
server17,Warning,Mon Aug 28 2017 18:47:16,The system inlet temperature is greater than the upper warning threshold.
server17,Critical,Mon Aug 28 2017 18:48:31,The system inlet temperature is greater than the upper critical threshold.
server17,Warning,Mon Aug 28 2017 18:49:32,The system inlet temperature is greater than the upper warning threshold.
server17,Normal,Mon Aug 28 2017 18:54:52,The system inlet temperature is within range.
server17,Critical,Tue Aug 29 2017 22:27:29,The power input for power supply 2 is lost.
server17,Critical,Tue Aug 29 2017 22:27:30,Power supply redundancy is lost.
server17,Warning,Mon Sep 11 2017 11:58:19,The system inlet temperature is greater than the upper warning threshold.
server17,Normal,Mon Sep 11 2017 11:59:51,The system inlet temperature is within range.
server17,Warning,Mon Sep 11 2017 12:07:04,The system inlet temperature is greater than the upper warning threshold.
server17,Normal,Mon Sep 11 2017 12:09:18,The system inlet temperature is within range.
server17,Warning,Mon Sep 11 2017 12:10:13,The system inlet temperature is greater than the upper warning threshold.
server17,Normal,Mon Sep 11 2017 12:22:45,The system inlet temperature is within range.
server17,Critical,Mon Sep 18 2017 22:12:08,The power input for power supply 2 is lost.
server17,Critical,Mon Sep 18 2017 22:12:09,Power supply redundancy is lost.
server17,Critical,Sat Dec 16 2017 10:08:05,The power input for power supply 2 is lost.
server17,Critical,Sat Dec 16 2017 10:08:06,Power supply redundancy is lost.
server17,Critical,Sun May 20 2018 17:26:20,The power input for power supply 2 is lost.
server17,Critical,Sun May 20 2018 17:26:20,Power supply redundancy is lost.
server17,Normal,Mon May 21 2018 12:46:15,The input power for power supply 2 has been restored.
server17,Normal,Mon May 21 2018 12:46:20,The power supplies are redundant.
server17,Normal,Mon May 21 2018 16:47:13,The power supplies are redundant.
server17,Critical,Wed Jun 06 2018 13:49:28,The power input for power supply 2 is lost.
server17,Critical,Wed Jun 06 2018 13:49:29,Power supply redundancy is lost.
server17,Normal,Wed Jun 06 2018 15:50:20,The input power for power supply 2 has been restored.
server17,Normal,Wed Jun 06 2018 15:50:25,The power supplies are redundant.
server17,Critical,Wed Jun 06 2018 16:05:38,The power input for power supply 2 is lost.
server17,Critical,Wed Jun 06 2018 16:05:38,Power supply redundancy is lost.
server17,Normal,Wed Jun 06 2018 16:10:45,The input power for power supply 2 has been restored.
server17,Normal,Wed Jun 06 2018 16:10:50,The power supplies are redundant.
server17,Critical,Fri May 03 2019 14:31:39,Power supply redundancy is lost.
server17,Critical,Fri May 03 2019 14:31:43,The power input for power supply 1 is lost.
server17,Warning,Fri May 03 2019 14:35:49,Correctable memory error rate exceeded for DIMM_B4.
server17,Normal,Sat May 04 2019 14:45:01,The input power for power supply 1 has been restored.
server17,Normal,Sat May 04 2019 14:45:07,The power supplies are redundant.
server17,Warning,Mon May 06 2019 15:19:34,Correctable memory error rate exceeded for DIMM_A1.
server17,Critical,Mon May 06 2019 15:19:35,Correctable memory error rate exceeded for DIMM_A1.
server17,Critical,Tue May 21 2019 13:34:18,The power input for power supply 2 is lost.
server17,Critical,Tue May 21 2019 13:34:18,Power supply redundancy is lost.
server17,Normal,Tue May 21 2019 20:03:18,The input power for power supply 2 has been restored.
server17,Normal,Tue May 21 2019 20:03:30,The power supplies are redundant.
server17,Critical,Fri Jun 28 2019 01:59:00,Fault detected on drive 6 in disk drive bay 1.
server17,Critical,Sat Jun 29 2019 13:13:42,Fault detected on drive 6 in disk drive bay 1.
server17,Critical,Wed Jul 17 2019 13:43:35,Drive 6 is removed from disk drive bay 1.
server17,Normal,Wed Jul 17 2019 13:43:35,Drive 6 in disk drive bay 1 is operating normally.
server17,Normal,Wed Jul 17 2019 13:49:01,Drive 6 is installed in disk drive bay 1.
server17,Critical,Wed Jul 17 2019 13:49:06,Drive 6 is removed from disk drive bay 1.
server17,Normal,Wed Jul 17 2019 13:49:11,Drive 6 is installed in disk drive bay 1.
server17,Critical,Wed Jul 17 2019 14:43:32,Drive 6 is removed from disk drive bay 1.
server17,Normal,Wed Jul 17 2019 14:43:37,Drive 6 is installed in disk drive bay 1.
server17,Critical,Wed Jul 17 2019 16:01:21,Drive 6 is removed from disk drive bay 1.
server17,Normal,Wed Jul 17 2019 16:01:33,Drive 6 is installed in disk drive bay 1.
server17,Critical,Wed Jul 17 2019 16:28:22,Drive 6 is removed from disk drive bay 1.
server17,Critical,Wed Jul 17 2019 16:29:49,Fault detected on drive 6 in disk drive bay 1.
server17,Normal,Wed Jul 17 2019 16:29:59,Drive 6 is installed in disk drive bay 1.
server17,Normal,Wed Jul 17 2019 16:30:00,Drive 6 in disk drive bay 1 is operating normally.
server17,Critical,Fri Jul 19 2019 02:40:07,Drive 6 is removed from disk drive bay 1.
server17,Normal,Fri Jul 19 2019 02:41:28,Drive 6 is installed in disk drive bay 1.
server17,Critical,Fri Jul 19 2019 02:47:20,Drive 6 is removed from disk drive bay 1.
server17,Critical,Fri Jul 19 2019 02:48:40,Fault detected on drive 6 in disk drive bay 1.
server17,Normal,Fri Jul 19 2019 02:49:36,Drive 6 is installed in disk drive bay 1.
server17,Normal,Fri Jul 19 2019 02:49:36,Drive 6 in disk drive bay 1 is operating normally.
server17,Critical,Fri Jul 19 2019 02:53:10,Drive 6 is removed from disk drive bay 1.
server17,Critical,Fri Jul 19 2019 02:54:42,Fault detected on drive 6 in disk drive bay 1.
server17,Normal,Fri Jul 19 2019 02:59:08,Drive 6 is installed in disk drive bay 1.
server17,Normal,Fri Jul 19 2019 02:59:08,Drive 6 in disk drive bay 1 is operating normally.
server17,Critical,Fri Jul 19 2019 05:19:54,Drive 6 is removed from disk drive bay 1.
server17,Normal,Fri Jul 19 2019 05:20:44,Drive 6 is installed in disk drive bay 1.
server17,Critical,Fri Jul 19 2019 05:38:26,Drive 6 is removed from disk drive bay 1.
server17,Normal,Fri Jul 19 2019 05:39:42,Drive 6 is installed in disk drive bay 1.
server17,Critical,Fri Jul 19 2019 06:45:28,Drive 6 is removed from disk drive bay 1.
server17,Normal,Fri Jul 19 2019 06:46:49,Drive 6 is installed in disk drive bay 1.
server17,Critical,Fri Jul 19 2019 20:16:46,Drive 6 is removed from disk drive bay 1.
server17,Critical,Fri Jul 19 2019 20:18:09,Fault detected on drive 6 in disk drive bay 1.
server17,Normal,Fri Jul 19 2019 20:21:48,Drive 6 is installed in disk drive bay 1.
server17,Normal,Fri Jul 19 2019 20:21:48,Drive 6 in disk drive bay 1 is operating normally.
server17,Critical,Fri Jul 19 2019 23:27:56,Drive 6 is removed from disk drive bay 1.
server17,Critical,Fri Jul 19 2019 23:29:18,Fault detected on drive 6 in disk drive bay 1.
server17,Normal,Sat Jul 20 2019 19:49:46,Drive 6 is installed in disk drive bay 1.
server17,Normal,Sat Jul 20 2019 19:49:46,Drive 6 in disk drive bay 1 is operating normally.
server17,Critical,Sat Jul 20 2019 19:53:25,Drive 6 is removed from disk drive bay 1.
server17,Normal,Sat Jul 20 2019 19:53:30,Drive 6 is installed in disk drive bay 1.
server17,Critical,Sat Jul 20 2019 19:54:45,Drive 6 is removed from disk drive bay 1.
server17,Critical,Sat Jul 20 2019 19:56:11,Fault detected on drive 6 in disk drive bay 1.
server17,Normal,Sat Jul 20 2019 19:57:58,Drive 6 is installed in disk drive bay 1.
server17,Normal,Sat Jul 20 2019 19:57:58,Drive 6 in disk drive bay 1 is operating normally.
server17,Critical,Sat Jul 20 2019 19:59:04,Drive 6 is removed from disk drive bay 1.
server17,Normal,Sat Jul 20 2019 19:59:09,Drive 6 is installed in disk drive bay 1.
server17,Critical,Sat Jul 20 2019 21:06:15,Drive 6 is removed from disk drive bay 1.
server17,Critical,Sat Jul 20 2019 21:07:42,Fault detected on drive 6 in disk drive bay 1.
server17,Normal,Sat Jul 20 2019 21:21:34,Drive 6 is installed in disk drive bay 1.
server17,Normal,Sat Jul 20 2019 21:21:34,Drive 6 in disk drive bay 1 is operating normally.
server17,Critical,Sat Jul 20 2019 21:25:33,Drive 6 is removed from disk drive bay 1.
server17,Critical,Sat Jul 20 2019 21:27:00,Fault detected on drive 6 in disk drive bay 1.
server17,Normal,Sat Jul 20 2019 21:29:42,Drive 6 is installed in disk drive bay 1.
server17,Normal,Sat Jul 20 2019 21:29:42,Drive 6 in disk drive bay 1 is operating normally.
server17,Critical,Mon Jul 22 2019 19:13:25,Drive 6 is removed from disk drive bay 1.
server17,Critical,Mon Jul 22 2019 19:14:52,Fault detected on drive 6 in disk drive bay 1.
server17,Normal,Mon Jul 22 2019 19:28:57,Drive 6 is installed in disk drive bay 1.
server17,Normal,Mon Jul 22 2019 19:28:57,Drive 6 in disk drive bay 1 is operating normally.
server17,Critical,Mon Jul 22 2019 20:43:34,Drive 6 is removed from disk drive bay 1.
server17,Critical,Mon Jul 22 2019 20:45:01,Fault detected on drive 6 in disk drive bay 1.
server17,Normal,Mon Jul 22 2019 20:50:45,Drive 6 is installed in disk drive bay 1.
server17,Normal,Mon Jul 22 2019 20:50:45,Drive 6 in disk drive bay 1 is operating normally.
server17,Critical,Mon Jul 22 2019 21:08:18,Drive 6 is removed from disk drive bay 1.
server17,Critical,Mon Jul 22 2019 21:09:40,Fault detected on drive 6 in disk drive bay 1.
server17,Normal,Mon Jul 22 2019 21:10:01,Drive 6 is installed in disk drive bay 1.
server17,Normal,Mon Jul 22 2019 21:10:01,Drive 6 in disk drive bay 1 is operating normally.
server17,Critical,Mon Jul 22 2019 21:27:28,Drive 6 is removed from disk drive bay 1.
server17,Critical,Mon Jul 22 2019 21:28:49,Fault detected on drive 6 in disk drive bay 1.
server17,Normal,Mon Jul 22 2019 21:30:41,Drive 6 is installed in disk drive bay 1.
server17,Normal,Mon Jul 22 2019 21:30:41,Drive 6 in disk drive bay 1 is operating normally.
server17,Critical,Wed Jul 24 2019 19:39:51,Drive 6 is removed from disk drive bay 1.
server17,Critical,Wed Jul 24 2019 19:41:18,Fault detected on drive 6 in disk drive bay 1.
server17,Normal,Wed Jul 24 2019 19:43:05,Drive 6 is installed in disk drive bay 1.
server17,Normal,Wed Jul 24 2019 19:43:06,Drive 6 in disk drive bay 1 is operating normally.
server17,Critical,Sun Jul 28 2019 06:40:12,The power input for power supply 1 is lost.
server17,Critical,Sun Jul 28 2019 06:40:14,Power supply redundancy is lost.
server17,Critical,Tue Aug 13 2019 16:11:20,Drive 6 is removed from disk drive bay 1.
server17,Normal,Tue Aug 13 2019 16:12:06,Drive 6 is installed in disk drive bay 1.
server17,Critical,Wed Aug 14 2019 06:49:35,Drive 6 is removed from disk drive bay 1.
server17,Normal,Wed Aug 14 2019 06:50:05,Drive 6 is installed in disk drive bay 1.
server17,Critical,Wed Aug 14 2019 07:02:13,Drive 6 is removed from disk drive bay 1.
server17,Critical,Wed Aug 14 2019 07:03:35,Fault detected on drive 6 in disk drive bay 1.
server17,Normal,Wed Aug 14 2019 07:03:55,Drive 6 is installed in disk drive bay 1.
server17,Normal,Wed Aug 14 2019 07:03:55,Drive 6 in disk drive bay 1 is operating normally.
server17,Critical,Thu Aug 15 2019 06:40:03,Drive 6 is removed from disk drive bay 1.
server17,Critical,Thu Aug 15 2019 06:41:25,Fault detected on drive 6 in disk drive bay 1.
server17,Normal,Thu Aug 15 2019 06:42:27,Drive 6 is installed in disk drive bay 1.
server17,Normal,Thu Aug 15 2019 06:42:27,Drive 6 in disk drive bay 1 is operating normally.
server17,Critical,Mon Aug 19 2019 15:26:00,Drive 6 is removed from disk drive bay 1.
server17,Critical,Mon Aug 19 2019 15:27:26,Fault detected on drive 6 in disk drive bay 1.
server17,Normal,Mon Aug 19 2019 15:33:47,Drive 6 is installed in disk drive bay 1.
server17,Normal,Mon Aug 19 2019 15:33:47,Drive 6 in disk drive bay 1 is operating normally.
server17,Critical,Tue Aug 27 2019 10:20:13,Drive 6 is removed from disk drive bay 1.
server17,Normal,Tue Aug 27 2019 10:21:00,Drive 6 is installed in disk drive bay 1.
server17,Critical,Thu Dec 19 2019 02:43:04,Drive 6 is removed from disk drive bay 1.
server17,Normal,Thu Dec 19 2019 02:43:29,Drive 6 is installed in disk drive bay 1.
server17,Critical,Thu Dec 19 2019 02:46:01,Drive 6 is removed from disk drive bay 1.
server17,Normal,Thu Dec 19 2019 02:46:12,Drive 6 is installed in disk drive bay 1.
server17,Critical,Thu Dec 19 2019 14:05:48,Drive 6 is removed from disk drive bay 1.
server17,Normal,Thu Dec 19 2019 14:05:59,Drive 6 is installed in disk drive bay 1.
