"Normal","Fri Dec 20 2013 14:25:50","Log cleared."
"Critical","Mon Mar 31 2014 14:23:07","The power input for power supply 1 is lost."
"Critical","Mon Mar 31 2014 13:23:09","Power supply redundancy is lost."
"Normal","Mon Mar 31 2014 13:24:07","The input power for power supply 1 has been restored."
"Normal","Mon Mar 31 2014 13:25:15","The power supplies are redundant."
"Critical","Mon Mar 31 2014 14:06:15","The power input for power supply 1 is lost."
"Critical","Mon Mar 31 2014 14:06:22","Power supply redundancy is lost."
"Normal","Mon Mar 31 2014 14:06:25","The input power for power supply 1 has been restored."
"Normal","Mon Mar 31 2014 14:06:32","The power supplies are redundant."
"Critical","Mon Mar 31 2014 14:09:02","The power input for power supply 2 is lost."
"Critical","Mon Mar 31 2014 14:09:07","Power supply redundancy is lost."
"Normal","Mon Mar 31 2014 14:09:12","The input power for power supply 2 has been restored."
"Normal","Mon Mar 31 2014 14:09:22","The power supplies are redundant."
"Critical","Mon Mar 31 2014 14:15:47","The power input for power supply 2 is lost."
"Critical","Mon Mar 31 2014 14:15:57","Power supply redundancy is lost."
"Normal","Mon Mar 31 2014 14:17:22","The input power for power supply 2 has been restored."
"Normal","Mon Mar 31 2014 14:17:28","The power supplies are redundant."
"Critical","Tue Apr 01 2014 22:15:39","Power supply redundancy is lost."
"Critical","Tue Apr 01 2014 22:15:44","The power input for power supply 2 is lost."
"Critical","Mon Apr 07 2014 21:20:24","Power supply redundancy is lost."
"Critical","Mon Apr 07 2014 21:20:34","The power input for power supply 2 is lost."
"Critical","Mon Apr 14 2014 10:49:32","Power supply redundancy is lost."
"Critical","Mon Apr 14 2014 10:49:32","The power input for power supply 2 is lost."
"Normal","Tue Apr 15 2014 13:18:38","The input power for power supply 2 has been restored."
"Normal","Tue Apr 15 2014 13:18:44","The power supplies are redundant."
"Critical","Tue Apr 15 2014 13:26:34","Power supply redundancy is lost."
"Critical","Tue Apr 15 2014 13:26:34","The power input for power supply 2 is lost."
"Normal","Tue Apr 15 2014 13:26:59","The input power for power supply 2 has been restored."
"Normal","Tue Apr 15 2014 13:27:04","The power supplies are redundant."
"Warning","Mon Apr 21 2014 06:35:22","The system inlet temperature is greater than the upper warning threshold."
"Critical","Mon Apr 21 2014 06:56:19","The system inlet temperature is greater than the upper critical threshold."
"Critical","Mon Apr 21 2014 09:13:48","The PERC1 battery has failed."
"Warning","Mon Apr 21 2014 09:21:05","The temperature for power supply 2 is in a warning range."
"Normal","Mon Apr 21 2014 09:24:39","The PERC1 battery is operating normally."
"Warning","Mon Apr 21 2014 09:35:37","The temperature for power supply 1 is in a warning range."
"Critical","Mon Apr 21 2014 10:41:44","The system board PS2 PG Fail voltage is outside of range."
"Critical","Mon Apr 21 2014 10:41:46","The temperature for power supply 2 is outside of range."
"Critical","Mon Apr 21 2014 10:41:49","Power supply redundancy is lost."
"Critical","Mon Apr 21 2014 11:13:04","The system board PS1 PG Fail voltage is outside of range."
"Normal","Mon Apr 21 2014 11:13:04","Power supply 1 is operating normally."
"Normal","Mon Apr 21 2014 11:13:05","Power supply 2 is operating normally."
"Critical","Mon Apr 21 2014 11:23:05","The temperature for power supply 1 is outside of range."
"Normal","Mon Apr 21 2014 11:23:20","Power supply 1 is operating normally."
"Critical","Mon Apr 21 2014 11:28:13","The temperature for power supply 1 is outside of range."
"Normal","Mon Apr 21 2014 11:28:30","Power supply 1 is operating normally."
"Warning","Mon Apr 21 2014 11:40:48","A predictive failure detected on power supply 2."
"Normal","Mon Apr 21 2014 11:43:48","Power supply 2 is operating normally."
"Warning","Mon Apr 21 2014 11:45:28","A predictive failure detected on power supply 2."
"Normal","Mon Apr 21 2014 11:48:59","Power supply 2 is operating normally."
"Warning","Mon Apr 21 2014 11:49:14","A predictive failure detected on power supply 2."
"Critical","Mon Apr 21 2014 11:53:49","The temperature for power supply 1 is outside of range."
"Normal","Mon Apr 21 2014 11:54:04","Power supply 1 is operating normally."
"Normal","Mon Apr 21 2014 11:54:05","Power supply 2 is operating normally."
"Warning","Mon Apr 21 2014 11:54:20","A predictive failure detected on power supply 2."
"Critical","Mon Apr 21 2014 11:58:57","The temperature for power supply 1 is outside of range."
"Normal","Mon Apr 21 2014 11:59:11","Power supply 2 is operating normally."
"Normal","Mon Apr 21 2014 11:59:15","Power supply 1 is operating normally."
"Warning","Mon Apr 21 2014 11:59:26","A predictive failure detected on power supply 2."
"Normal","Mon Apr 21 2014 12:19:41","Power supply 2 is operating normally."
"Critical","Mon Apr 21 2014 12:24:28","The temperature for power supply 1 is outside of range."
"Warning","Mon Apr 21 2014 12:24:31","A predictive failure detected on power supply 1."
"Normal","Mon Apr 21 2014 12:24:31","Power supply 1 is operating normally."
"Warning","Mon Apr 21 2014 12:24:32","A predictive failure detected on power supply 2."
"Critical","Mon Apr 21 2014 12:38:47","The temperature for power supply 1 is outside of range."
"Normal","Mon Apr 21 2014 12:38:51","Power supply 1 is operating normally."
"Normal","Mon Apr 21 2014 12:38:51","Power supply 1 is operating normally."
"Normal","Mon Apr 21 2014 12:46:13","Power supply 2 is operating normally."
"Warning","Mon Apr 21 2014 13:02:11","The system inlet temperature is greater than the upper warning threshold."
"Critical","Mon Apr 21 2014 13:02:11","The system inlet temperature is greater than the upper critical threshold."
"Critical","Mon Apr 21 2014 13:02:12","The power input for power supply 1 is lost."
"Critical","Mon Apr 21 2014 13:02:13","Power supply redundancy is lost."
"Warning","Mon Apr 21 2014 13:45:07","The system inlet temperature is greater than the upper warning threshold."
"Normal","Mon Apr 21 2014 14:04:32","The system inlet temperature is within range."
"Critical","Fri Apr 25 2014 19:33:56","The power input for power supply 1 is lost."
"Critical","Fri Apr 25 2014 19:33:57","Power supply redundancy is lost."
"Critical","Mon Apr 28 2014 22:26:11","The power input for power supply 1 is lost."
"Critical","Mon Apr 28 2014 22:26:12","Power supply redundancy is lost."
"Normal","Mon Apr 28 2014 22:58:45","The input power for power supply 1 has been restored."
"Normal","Mon Apr 28 2014 22:58:56","The power supplies are redundant."
"Critical","Wed Apr 30 2014 19:33:15","The power input for power supply 1 is lost."
"Critical","Wed Apr 30 2014 19:33:16","Power supply redundancy is lost."
"Critical","Mon May 05 2014 18:38:43","The power input for power supply 1 is lost."
"Critical","Mon May 05 2014 18:38:45","Power supply redundancy is lost."
"Critical","Mon May 05 2014 23:04:48","Power supply redundancy is lost."
"Critical","Mon May 05 2014 23:04:52","The power input for power supply 1 is lost."
"Critical","Tue May 06 2014 13:32:19","Power supply redundancy is lost."
"Critical","Tue May 06 2014 13:32:20","The power input for power supply 2 is lost."
"Normal","Tue May 06 2014 13:32:40","The input power for power supply 2 has been restored."
"Normal","Tue May 06 2014 13:32:45","The power supplies are redundant."
"Critical","Tue May 06 2014 13:33:15","The system board PS2 PG Fail voltage is outside of range."
"Critical","Tue May 06 2014 13:33:15","Power supply redundancy is lost."
"Critical","Tue May 06 2014 13:33:15","Power supply 2 is incorrectly configured."
"Warning","Mon Sep 15 2014 17:58:45","The system inlet temperature is greater than the upper warning threshold."
"Critical","Mon Sep 15 2014 18:16:44","The system inlet temperature is greater than the upper critical threshold."
"Warning","Mon Sep 15 2014 18:23:39","The system inlet temperature is greater than the upper warning threshold."
"Normal","Mon Sep 15 2014 18:24:35","The system inlet temperature is within range."
"Warning","Mon Sep 15 2014 18:30:56","The system inlet temperature is greater than the upper warning threshold."
"Critical","Mon Sep 15 2014 18:51:03","The system inlet temperature is greater than the upper critical threshold."
"Warning","Mon Sep 15 2014 19:08:51","The system inlet temperature is greater than the upper warning threshold."
"Normal","Mon Sep 15 2014 19:16:00","The system inlet temperature is within range."
"Warning","Mon Sep 15 2014 19:52:56","The system inlet temperature is greater than the upper warning threshold."
"Normal","Mon Sep 15 2014 19:57:20","The system inlet temperature is within range."
"Warning","Sun Nov 09 2014 20:07:35","The system inlet temperature is greater than the upper warning threshold."
"Critical","Sun Nov 09 2014 20:32:26","The system inlet temperature is greater than the upper critical threshold."
"Critical","Mon Nov 10 2014 12:22:56","Power supply redundancy is lost."
"Normal","Mon Nov 10 2014 12:23:01","The power supplies are redundant."
"Warning","Mon Nov 24 2014 03:01:56","The system inlet temperature is greater than the upper warning threshold."
"Critical","Mon Nov 24 2014 03:17:53","The system inlet temperature is greater than the upper critical threshold."
"Critical","Mon Nov 24 2014 03:54:51","The power input for power supply 1 is lost."
"Critical","Mon Nov 24 2014 03:54:52","Power supply redundancy is lost."
"Warning","Mon Nov 24 2014 04:03:06","The system inlet temperature is greater than the upper warning threshold."
"Normal","Mon Nov 24 2014 04:05:50","The system inlet temperature is within range."
"Warning","Mon Nov 24 2014 04:06:16","The system inlet temperature is greater than the upper warning threshold."
"Normal","Mon Nov 24 2014 04:06:35","The system inlet temperature is within range."
"Normal","Mon Nov 24 2014 12:36:16","The input power for power supply 1 has been restored."
"Normal","Mon Nov 24 2014 12:36:22","The power supplies are redundant."
"Warning","Tue Feb 03 2015 00:54:35","The system inlet temperature is greater than the upper warning threshold."
"Critical","Tue Feb 03 2015 01:09:36","The system inlet temperature is greater than the upper critical threshold."
"Warning","Sat Mar 14 2015 22:05:49","The system inlet temperature is greater than the upper warning threshold."
"Critical","Sat Mar 14 2015 22:21:31","The system inlet temperature is greater than the upper critical threshold."
"Critical","Sat Mar 14 2015 23:24:26","The power input for power supply 2 is lost."
"Critical","Sat Mar 14 2015 23:24:26","Power supply redundancy is lost."
"Warning","Fri Jun 05 2015 20:34:06","The system inlet temperature is greater than the upper warning threshold."
"Critical","Fri Jun 05 2015 20:59:51","The system inlet temperature is greater than the upper critical threshold."
"Warning","Fri Jun 05 2015 21:10:53","The system inlet temperature is greater than the upper warning threshold."
"Normal","Fri Jun 05 2015 21:15:12","The system inlet temperature is within range."
"Warning","Fri Jun 05 2015 21:17:17","The system inlet temperature is greater than the upper warning threshold."
"Normal","Fri Jun 05 2015 21:18:52","The system inlet temperature is within range."
"Warning","Fri Jun 05 2015 21:20:44","The system inlet temperature is greater than the upper warning threshold."
"Normal","Fri Jun 05 2015 21:27:55","The system inlet temperature is within range."
"Warning","Thu Aug 27 2015 11:13:53","The system inlet temperature is greater than the upper warning threshold."
"Critical","Thu Aug 27 2015 11:34:31","The system inlet temperature is greater than the upper critical threshold."
"Warning","Thu Aug 27 2015 12:11:49","The system inlet temperature is greater than the upper warning threshold."
"Critical","Thu Aug 27 2015 12:12:11","The system inlet temperature is greater than the upper critical threshold."
"Warning","Thu Aug 27 2015 12:12:29","The system inlet temperature is greater than the upper warning threshold."
"Normal","Thu Aug 27 2015 12:13:18","The system inlet temperature is within range."
"Warning","Thu Aug 27 2015 12:13:32","The system inlet temperature is greater than the upper warning threshold."
"Normal","Thu Aug 27 2015 12:14:51","The system inlet temperature is within range."
"Warning","Thu Aug 27 2015 12:15:00","The system inlet temperature is greater than the upper warning threshold."
"Normal","Thu Aug 27 2015 12:15:04","The system inlet temperature is within range."
"Warning","Thu Aug 27 2015 12:15:37","The system inlet temperature is greater than the upper warning threshold."
"Normal","Thu Aug 27 2015 12:15:47","The system inlet temperature is within range."
"Critical","Fri Mar 04 2016 11:06:34","Fault detected on drive 1 in disk drive bay 1."
"Normal","Fri Mar 04 2016 11:06:39","Drive 1 in disk drive bay 1 is operating normally."
"Critical","Thu Jun 02 2016 20:19:47","The power input for power supply 2 is lost."
"Critical","Thu Jun 02 2016 20:19:48","Power supply redundancy is lost."
"Warning","Sat Sep 03 2016 12:16:40","The system inlet temperature is greater than the upper warning threshold."
"Normal","Sat Sep 03 2016 12:23:21","The system inlet temperature is within range."
"Critical","Sun Sep 25 2016 13:22:40","The power input for power supply 1 is lost."
"Critical","Sun Sep 25 2016 13:22:41","Power supply redundancy is lost."
"Normal","Sun Sep 25 2016 13:24:56","The input power for power supply 1 has been restored."
"Normal","Sun Sep 25 2016 13:25:03","The power supplies are redundant."
"Warning","Mon Oct 31 2016 05:29:42","The system inlet temperature is greater than the upper warning threshold."
"Normal","Mon Oct 31 2016 05:53:02","The system inlet temperature is within range."
"Warning","Sat Nov 12 2016 14:28:04","The system inlet temperature is greater than the upper warning threshold."
"Normal","Sat Nov 12 2016 14:31:13","The system inlet temperature is within range."
"Warning","Sun Nov 20 2016 11:07:10","The system inlet temperature is greater than the upper warning threshold."
"Critical","Sun Nov 20 2016 11:25:08","The system inlet temperature is greater than the upper critical threshold."
"Warning","Sun Nov 20 2016 12:07:11","The system inlet temperature is greater than the upper warning threshold."
"Normal","Sun Nov 20 2016 12:10:47","The system inlet temperature is within range."
"Warning","Mon Nov 21 2016 09:16:30","The system inlet temperature is greater than the upper warning threshold."
"Critical","Mon Nov 21 2016 09:36:48","The system inlet temperature is greater than the upper critical threshold."
"Warning","Mon Nov 21 2016 10:02:23","The system inlet temperature is greater than the upper warning threshold."
"Normal","Mon Nov 21 2016 10:04:47","The system inlet temperature is within range."
"Warning","Mon Aug 28 2017 17:57:34","The system inlet temperature is greater than the upper warning threshold."
"Critical","Mon Aug 28 2017 18:12:50","The system inlet temperature is greater than the upper critical threshold."
"Warning","Mon Aug 28 2017 18:46:37","The system inlet temperature is greater than the upper warning threshold."
"Normal","Mon Aug 28 2017 19:17:09","The system inlet temperature is within range."
"Critical","Tue Aug 29 2017 22:27:48","The power input for power supply 1 is lost."
"Critical","Tue Aug 29 2017 22:27:49","Power supply redundancy is lost."
"Warning","Sun Sep 10 2017 23:03:38","The system inlet temperature is greater than the upper warning threshold."
"Normal","Sun Sep 10 2017 23:23:46","The system inlet temperature is within range."
"Warning","Sun Sep 10 2017 23:33:53","The system inlet temperature is greater than the upper warning threshold."
"Normal","Sun Sep 10 2017 23:39:14","The system inlet temperature is within range."
"Warning","Sun Sep 10 2017 23:40:12","The system inlet temperature is greater than the upper warning threshold."
"Normal","Sun Sep 10 2017 23:45:41","The system inlet temperature is within range."
"Warning","Sun Sep 10 2017 23:46:08","The system inlet temperature is greater than the upper warning threshold."
"Normal","Sun Sep 10 2017 23:50:51","The system inlet temperature is within range."
"Warning","Sun Sep 10 2017 23:55:25","The system inlet temperature is greater than the upper warning threshold."
"Normal","Mon Sep 11 2017 00:00:23","The system inlet temperature is within range."
"Warning","Mon Sep 11 2017 00:01:12","The system inlet temperature is greater than the upper warning threshold."
"Normal","Mon Sep 11 2017 00:09:46","The system inlet temperature is within range."
"Warning","Mon Sep 11 2017 00:12:20","The system inlet temperature is greater than the upper warning threshold."
"Normal","Mon Sep 11 2017 00:15:44","The system inlet temperature is within range."
"Warning","Mon Sep 11 2017 00:21:41","The system inlet temperature is greater than the upper warning threshold."
"Normal","Mon Sep 11 2017 00:31:16","The system inlet temperature is within range."
"Warning","Mon Sep 11 2017 00:34:14","The system inlet temperature is greater than the upper warning threshold."
"Normal","Mon Sep 11 2017 00:36:34","The system inlet temperature is within range."
"Warning","Mon Sep 11 2017 00:37:19","The system inlet temperature is greater than the upper warning threshold."
"Normal","Mon Sep 11 2017 00:41:49","The system inlet temperature is within range."
"Warning","Mon Sep 11 2017 00:43:05","The system inlet temperature is greater than the upper warning threshold."
"Normal","Mon Sep 11 2017 00:45:17","The system inlet temperature is within range."
"Warning","Mon Sep 11 2017 01:22:14","The system inlet temperature is greater than the upper warning threshold."
"Normal","Mon Sep 11 2017 01:23:23","The system inlet temperature is within range."
"Warning","Mon Sep 11 2017 11:57:54","The system inlet temperature is greater than the upper warning threshold."
"Normal","Mon Sep 11 2017 12:21:22","The system inlet temperature is within range."
"Warning","Mon Sep 11 2017 12:25:41","The system inlet temperature is greater than the upper warning threshold."
"Normal","Mon Sep 11 2017 12:27:13","The system inlet temperature is within range."
"Critical","Mon Sep 18 2017 22:12:07","The power input for power supply 1 is lost."
"Critical","Mon Sep 18 2017 22:12:09","Power supply redundancy is lost."
"Normal","Wed Nov 01 2017 15:34:31","The power supplies are redundant."
"Critical","Sat Dec 16 2017 10:06:42","The power input for power supply 2 is lost."
"Critical","Sat Dec 16 2017 10:06:43","Power supply redundancy is lost."
"Critical","Thu Dec 21 2017 13:19:19","The power input for power supply 1 is lost."
"Critical","Thu Dec 21 2017 13:19:21","Power supply redundancy is lost."
"Normal","Thu Dec 21 2017 13:19:45","The input power for power supply 1 has been restored."
"Normal","Thu Dec 21 2017 13:19:51","The power supplies are redundant."
"Critical","Thu Dec 21 2017 13:21:36","The power input for power supply 1 is lost."
"Critical","Thu Dec 21 2017 13:21:37","Power supply redundancy is lost."
"Normal","Thu Dec 21 2017 13:22:26","The input power for power supply 1 has been restored."
"Normal","Thu Dec 21 2017 13:22:28","The power supplies are redundant."
"Critical","Sun May 20 2018 17:26:40","Power supply redundancy is lost."
"Critical","Sun May 20 2018 17:26:44","The power input for power supply 1 is lost."
"Normal","Mon May 21 2018 12:46:35","The input power for power supply 1 has been restored."
"Normal","Mon May 21 2018 12:46:41","The power supplies are redundant."
"Critical","Wed Jun 06 2018 13:49:32","Power supply redundancy is lost."
"Critical","Wed Jun 06 2018 13:49:35","The power input for power supply 1 is lost."
"Normal","Wed Jun 06 2018 15:50:28","The input power for power supply 1 has been restored."
"Normal","Wed Jun 06 2018 15:50:34","The power supplies are redundant."
"Critical","Wed Jun 06 2018 16:05:44","Power supply redundancy is lost."
"Critical","Wed Jun 06 2018 16:05:48","The power input for power supply 1 is lost."
"Normal","Wed Jun 06 2018 16:10:50","The input power for power supply 1 has been restored."
"Normal","Wed Jun 06 2018 16:10:56","The power supplies are redundant."
"Critical","Fri May 03 2019 14:35:18","Power supply redundancy is lost."
"Critical","Fri May 03 2019 14:35:22","The power input for power supply 1 is lost."
"Normal","Sat May 04 2019 14:45:55","The input power for power supply 1 has been restored."
"Normal","Sat May 04 2019 14:46:06","The power supplies are redundant."
"Critical","Tue May 21 2019 13:36:31","The power input for power supply 2 is lost."
"Critical","Tue May 21 2019 13:36:31","Power supply redundancy is lost."
"Normal","Tue May 21 2019 20:05:32","The input power for power supply 2 has been restored."
"Normal","Tue May 21 2019 20:05:43","The power supplies are redundant."
"Normal","Sat Jun 29 2019 13:16:18","The power supplies are redundant."
"Critical","Sun Jul 28 2019 06:44:54","The power input for power supply 1 is lost."
"Critical","Sun Jul 28 2019 06:44:56","Power supply redundancy is lost."
