Server,Severity,Date/Time,Description
server22,Normal,Tue Dec 24 2013 01:13:26,Log cleared.
server22,Critical,Mon Mar 31 2014 13:22:54,Power supply redundancy is lost.
server22,Critical,Mon Mar 31 2014 13:22:58,The power input for power supply 1 is lost.
server22,Normal,Mon Mar 31 2014 13:23:47,The input power for power supply 1 has been restored.
server22,Normal,Mon Mar 31 2014 13:23:55,The power supplies are redundant.
server22,Critical,Mon Mar 31 2014 14:11:17,The power input for power supply 2 is lost.
server22,Normal,Mon Mar 31 2014 14:11:22,The input power for power supply 2 has been restored.
server22,Critical,Mon Mar 31 2014 14:15:33,The power input for power supply 2 is lost.
server22,Critical,Mon Mar 31 2014 14:15:38,Power supply redundancy is lost.
server22,Normal,Mon Mar 31 2014 14:17:08,The input power for power supply 2 has been restored.
server22,Normal,Mon Mar 31 2014 14:17:13,The power supplies are redundant.
server22,Critical,Tue Apr 01 2014 22:16:19,Power supply redundancy is lost.
server22,Critical,Tue Apr 01 2014 22:16:19,The power input for power supply 2 is lost.
server22,Critical,Mon Apr 07 2014 21:19:40,The power input for power supply 2 is lost.
server22,Critical,Mon Apr 07 2014 21:19:45,Power supply redundancy is lost.
server22,Critical,Mon Apr 14 2014 10:49:20,Power supply redundancy is lost.
server22,Critical,Mon Apr 14 2014 10:49:20,The power input for power supply 2 is lost.
server22,Normal,Tue Apr 15 2014 13:18:21,The input power for power supply 2 has been restored.
server22,Normal,Tue Apr 15 2014 13:18:31,The power supplies are redundant.
server22,Warning,Mon Apr 21 2014 06:40:01,The system inlet temperature is greater than the upper warning threshold.
server22,Critical,Mon Apr 21 2014 07:02:52,The system inlet temperature is greater than the upper critical threshold.
server22,Warning,Mon Apr 21 2014 10:01:41,The temperature for power supply 2 is in a warning range.
server22,Warning,Mon Apr 21 2014 10:23:07,The temperature for power supply 1 is in a warning range.
server22,Critical,Mon Apr 21 2014 10:47:48,The PERC1 battery has failed.
server22,Normal,Mon Apr 21 2014 11:08:24,The PERC1 battery is operating normally.
server22,Critical,Mon Apr 21 2014 11:28:02,The system board PS2 PG Fail voltage is outside of range.
server22,Critical,Mon Apr 21 2014 11:28:05,The temperature for power supply 2 is outside of range.
server22,Critical,Mon Apr 21 2014 11:28:07,Power supply redundancy is lost.
server22,Critical,Mon Apr 21 2014 11:33:36,The temperature for power supply 1 is outside of range.
server22,Critical,Mon Apr 21 2014 11:33:51,The system board PS1 PG Fail voltage is outside of range.
server22,Normal,Mon Apr 21 2014 11:33:51,Power supply 1 is operating normally.
server22,Normal,Mon Apr 21 2014 11:33:51,Power supply 1 is operating normally.
server22,Normal,Mon Apr 21 2014 11:33:52,Power supply 2 is operating normally.
server22,Critical,Mon Apr 21 2014 11:38:47,The temperature for power supply 1 is outside of range.
server22,Normal,Mon Apr 21 2014 11:39:00,Power supply 1 is operating normally.
server22,Critical,Mon Apr 21 2014 11:43:55,The temperature for power supply 1 is outside of range.
server22,Normal,Mon Apr 21 2014 11:44:11,Power supply 1 is operating normally.
server22,Critical,Mon Apr 21 2014 11:49:04,The temperature for power supply 1 is outside of range.
server22,Normal,Mon Apr 21 2014 11:49:18,Power supply 1 is operating normally.
server22,Critical,Mon Apr 21 2014 11:59:18,The temperature for power supply 1 is outside of range.
server22,Normal,Mon Apr 21 2014 11:59:35,Power supply 1 is operating normally.
server22,Critical,Mon Apr 21 2014 12:04:26,The temperature for power supply 1 is outside of range.
server22,Normal,Mon Apr 21 2014 12:04:40,Power supply 1 is operating normally.
server22,Critical,Mon Apr 21 2014 12:09:34,The temperature for power supply 1 is outside of range.
server22,Normal,Mon Apr 21 2014 12:09:51,Power supply 1 is operating normally.
server22,Critical,Mon Apr 21 2014 12:14:42,The temperature for power supply 1 is outside of range.
server22,Normal,Mon Apr 21 2014 12:14:57,Power supply 1 is operating normally.
server22,Warning,Mon Apr 21 2014 12:19:46,The temperature for power supply 1 is in a warning range.
server22,Warning,Mon Apr 21 2014 12:19:50,A predictive failure detected on power supply 2.
server22,Normal,Mon Apr 21 2014 12:27:04,Power supply 1 is operating normally.
server22,Normal,Mon Apr 21 2014 12:33:15,Power supply 2 is operating normally.
server22,Warning,System Boot,The system inlet temperature is greater than the upper warning threshold.
server22,Critical,System Boot,The system inlet temperature is greater than the upper critical threshold.
server22,Critical,Mon Apr 21 2014 13:02:32,Power supply redundancy is lost.
server22,Critical,Mon Apr 21 2014 13:02:37,The power input for power supply 1 is lost.
server22,Warning,Mon Apr 21 2014 13:07:26,The system inlet temperature is greater than the upper warning threshold.
server22,Normal,Mon Apr 21 2014 13:18:15,The system inlet temperature is within range.
server22,Critical,Fri Apr 25 2014 19:33:52,Power supply redundancy is lost.
server22,Critical,Fri Apr 25 2014 19:33:56,The power input for power supply 1 is lost.
server22,Critical,Mon Apr 28 2014 22:26:16,Power supply redundancy is lost.
server22,Critical,Mon Apr 28 2014 22:26:20,The power input for power supply 1 is lost.
server22,Normal,Mon Apr 28 2014 22:58:43,The input power for power supply 1 has been restored.
server22,Normal,Mon Apr 28 2014 22:58:54,The power supplies are redundant.
server22,Critical,Wed Apr 30 2014 19:33:08,The power input for power supply 1 is lost.
server22,Critical,Wed Apr 30 2014 19:33:09,Power supply redundancy is lost.
server22,Critical,Mon May 05 2014 18:38:39,The power input for power supply 1 is lost.
server22,Critical,Mon May 05 2014 18:38:40,Power supply redundancy is lost.
server22,Critical,Mon May 05 2014 23:04:46,Power supply redundancy is lost.
server22,Critical,Mon May 05 2014 23:04:50,The power input for power supply 1 is lost.
server22,Warning,Mon Sep 15 2014 18:03:20,The system inlet temperature is greater than the upper warning threshold.
server22,Critical,Mon Sep 15 2014 18:23:30,The system inlet temperature is greater than the upper critical threshold.
server22,Warning,Mon Sep 15 2014 18:26:11,The system inlet temperature is greater than the upper warning threshold.
server22,Normal,Mon Sep 15 2014 19:06:40,The system inlet temperature is within range.
server22,Warning,Sun Nov 09 2014 20:21:39,The system inlet temperature is greater than the upper warning threshold.
server22,Critical,Sun Nov 09 2014 20:56:36,The system inlet temperature is greater than the upper critical threshold.
server22,Warning,Mon Nov 24 2014 03:07:57,The system inlet temperature is greater than the upper warning threshold.
server22,Critical,Mon Nov 24 2014 03:27:42,The system inlet temperature is greater than the upper critical threshold.
server22,Critical,Mon Nov 24 2014 03:54:37,Power supply redundancy is lost.
server22,Critical,Mon Nov 24 2014 03:54:41,The power input for power supply 1 is lost.
server22,Warning,Mon Nov 24 2014 04:07:20,The system inlet temperature is greater than the upper warning threshold.
server22,Normal,Mon Nov 24 2014 04:12:50,The system inlet temperature is within range.
server22,Normal,Mon Nov 24 2014 12:36:03,The input power for power supply 1 has been restored.
server22,Normal,Mon Nov 24 2014 12:36:14,The power supplies are redundant.
server22,Warning,Tue Feb 03 2015 00:58:51,The system inlet temperature is greater than the upper warning threshold.
server22,Critical,Tue Feb 03 2015 01:18:07,The system inlet temperature is greater than the upper critical threshold.
server22,Warning,Sat Mar 14 2015 22:11:34,The system inlet temperature is greater than the upper warning threshold.
server22,Critical,Sat Mar 14 2015 22:31:14,The system inlet temperature is greater than the upper critical threshold.
server22,Critical,Sat Mar 14 2015 23:23:52,The power input for power supply 2 is lost.
server22,Critical,Sat Mar 14 2015 23:23:53,Power supply redundancy is lost.
server22,Warning,Fri Jun 05 2015 20:40:02,The system inlet temperature is greater than the upper warning threshold.
server22,Critical,Fri Jun 05 2015 21:06:37,The system inlet temperature is greater than the upper critical threshold.
server22,Warning,Fri Jun 05 2015 21:14:35,The system inlet temperature is greater than the upper warning threshold.
server22,Normal,Fri Jun 05 2015 21:19:13,The system inlet temperature is within range.
server22,Warning,Fri Jun 05 2015 21:19:58,The system inlet temperature is greater than the upper warning threshold.
server22,Normal,Fri Jun 05 2015 21:32:18,The system inlet temperature is within range.
server22,Warning,Thu Aug 27 2015 11:17:50,The system inlet temperature is greater than the upper warning threshold.
server22,Critical,Thu Aug 27 2015 11:42:05,The system inlet temperature is greater than the upper critical threshold.
server22,Warning,Thu Aug 27 2015 12:21:09,The system inlet temperature is greater than the upper warning threshold.
server22,Normal,Thu Aug 27 2015 12:28:20,The system inlet temperature is within range.
server22,Warning,Mon Oct 05 2015 19:08:19,The system inlet temperature is greater than the upper warning threshold.
server22,Normal,Mon Oct 05 2015 19:23:46,The system inlet temperature is within range.
server22,Critical,Tue Dec 29 2015 01:46:04,The PERC1 battery has failed.
server22,Normal,Tue Dec 29 2015 01:47:09,The PERC1 battery is operating normally.
server22,Critical,Mon Mar 28 2016 05:48:47,The PERC1 battery has failed.
server22,Normal,Mon Mar 28 2016 05:49:52,The PERC1 battery is operating normally.
server22,Critical,Thu Jun 02 2016 20:19:30,Power supply redundancy is lost.
server22,Critical,Thu Jun 02 2016 20:19:30,The power input for power supply 2 is lost.
server22,Critical,Sun Jun 26 2016 07:28:38,The PERC1 battery has failed.
server22,Normal,Sun Jun 26 2016 07:29:43,The PERC1 battery is operating normally.
server22,Warning,Sat Sep 03 2016 12:21:49,The system inlet temperature is greater than the upper warning threshold.
server22,Normal,Sat Sep 03 2016 12:22:07,The system inlet temperature is within range.
server22,Warning,Mon Oct 31 2016 05:34:50,The system inlet temperature is greater than the upper warning threshold.
server22,Normal,Mon Oct 31 2016 05:42:23,The system inlet temperature is within range.
server22,Normal,Fri Nov 04 2016 14:32:28,The power supplies are redundant.
server22,Warning,Sun Nov 20 2016 11:11:42,The system inlet temperature is greater than the upper warning threshold.
server22,Critical,Sun Nov 20 2016 11:31:10,The system inlet temperature is greater than the upper critical threshold.
server22,Warning,Sun Nov 20 2016 11:59:44,The system inlet temperature is greater than the upper warning threshold.
server22,Critical,Sun Nov 20 2016 12:03:53,The system inlet temperature is greater than the upper critical threshold.
server22,Warning,Sun Nov 20 2016 12:04:32,The system inlet temperature is greater than the upper warning threshold.
server22,Normal,Sun Nov 20 2016 12:05:12,The system inlet temperature is within range.
server22,Warning,Mon Nov 21 2016 09:25:16,The system inlet temperature is greater than the upper warning threshold.
server22,Critical,Mon Nov 21 2016 09:46:22,The system inlet temperature is greater than the upper critical threshold.
server22,Warning,Mon Nov 21 2016 09:55:57,The system inlet temperature is greater than the upper warning threshold.
server22,Normal,Mon Nov 21 2016 10:01:30,The system inlet temperature is within range.
server22,Warning,Wed Feb 01 2017 20:57:09,The PERC1 battery is low.
server22,Normal,Wed Feb 01 2017 21:37:19,The PERC1 battery is operating normally.
server22,Warning,Mon Aug 28 2017 17:59:21,The system inlet temperature is greater than the upper warning threshold.
server22,Critical,Mon Aug 28 2017 18:15:26,The system inlet temperature is greater than the upper critical threshold.
server22,Warning,Mon Aug 28 2017 18:46:38,The system inlet temperature is greater than the upper warning threshold.
server22,Normal,Mon Aug 28 2017 19:16:13,The system inlet temperature is within range.
server22,Critical,Tue Aug 29 2017 22:27:54,The power input for power supply 1 is lost.
server22,Critical,Tue Aug 29 2017 22:27:56,Power supply redundancy is lost.
server22,Warning,Sat Sep 09 2017 16:40:02,The system inlet temperature is greater than the upper warning threshold.
server22,Normal,Sat Sep 09 2017 19:03:02,The system inlet temperature is within range.
server22,Warning,Sun Sep 10 2017 20:31:27,The system inlet temperature is greater than the upper warning threshold.
server22,Normal,Mon Sep 11 2017 06:13:24,The system inlet temperature is within range.
server22,Warning,Mon Sep 11 2017 11:07:08,The system inlet temperature is greater than the upper warning threshold.
server22,Normal,Mon Sep 11 2017 12:30:06,The system inlet temperature is within range.
server22,Critical,Mon Sep 18 2017 22:12:09,The power input for power supply 1 is lost.
server22,Critical,Mon Sep 18 2017 22:12:11,Power supply redundancy is lost.
server22,Critical,Sat Dec 16 2017 10:06:14,The power input for power supply 2 is lost.
server22,Critical,Sat Dec 16 2017 10:06:15,Power supply redundancy is lost.
server22,Critical,Thu Dec 21 2017 13:19:14,The power input for power supply 1 is lost.
server22,Critical,Thu Dec 21 2017 13:19:15,Power supply redundancy is lost.
server22,Normal,Thu Dec 21 2017 13:19:44,The input power for power supply 1 has been restored.
server22,Normal,Thu Dec 21 2017 13:19:47,The power supplies are redundant.
server22,Critical,Thu Dec 21 2017 13:21:37,The power input for power supply 1 is lost.
server22,Critical,Thu Dec 21 2017 13:21:38,Power supply redundancy is lost.
server22,Normal,Thu Dec 21 2017 13:22:22,The input power for power supply 1 has been restored.
server22,Normal,Thu Dec 21 2017 13:22:28,The power supplies are redundant.
server22,Critical,Sun May 20 2018 17:26:16,The power input for power supply 1 is lost.
server22,Critical,Sun May 20 2018 17:26:18,Power supply redundancy is lost.
server22,Normal,Mon May 21 2018 12:46:08,The input power for power supply 1 has been restored.
server22,Normal,Mon May 21 2018 12:46:14,The power supplies are redundant.
server22,Critical,Wed Jun 06 2018 13:49:21,The power input for power supply 1 is lost.
server22,Critical,Wed Jun 06 2018 13:49:23,Power supply redundancy is lost.
server22,Normal,Wed Jun 06 2018 15:50:16,The input power for power supply 1 has been restored.
server22,Normal,Wed Jun 06 2018 15:50:23,The power supplies are redundant.
server22,Critical,Wed Jun 06 2018 16:05:33,The power input for power supply 1 is lost.
server22,Critical,Wed Jun 06 2018 16:05:35,Power supply redundancy is lost.
server22,Normal,Wed Jun 06 2018 16:10:40,The input power for power supply 1 has been restored.
server22,Normal,Wed Jun 06 2018 16:10:47,The power supplies are redundant.
server22,Critical,Fri May 03 2019 14:25:40,Power supply redundancy is lost.
server22,Critical,Fri May 03 2019 14:25:44,The power input for power supply 1 is lost.
server22,Normal,Sat May 04 2019 14:41:50,The input power for power supply 1 has been restored.
server22,Normal,Sat May 04 2019 14:41:56,The power supplies are redundant.
server22,Critical,Mon May 06 2019 17:18:49,The power input for power supply 1 is lost.
server22,Critical,Mon May 06 2019 17:18:50,Power supply redundancy is lost.
server22,Normal,Tue May 07 2019 13:51:34,The power supplies are redundant.
server22,Critical,Tue May 21 2019 13:32:10,The power input for power supply 2 is lost.
server22,Critical,Tue May 21 2019 13:32:10,Power supply redundancy is lost.
server22,Normal,Tue May 21 2019 20:01:14,The input power for power supply 2 has been restored.
server22,Normal,Tue May 21 2019 20:01:20,The power supplies are redundant.
server22,Critical,Sun Jul 28 2019 06:39:41,The power input for power supply 1 is lost.
server22,Critical,Sun Jul 28 2019 06:39:43,Power supply redundancy is lost.
server22,Critical,Wed Sep 04 2019 14:56:23,Fault detected on drive 1 in disk drive bay 1.
server22,Critical,Tue Sep 10 2019 18:57:45,Fault detected on drive 1 in disk drive bay 1.
server22,Normal,Thu Sep 12 2019 17:34:54,Drive 1 in disk drive bay 1 is operating normally.
server22,Critical,Thu Sep 12 2019 17:36:15,Fault detected on drive 1 in disk drive bay 1.
server22,Normal,Thu Sep 12 2019 17:48:18,Drive 1 in disk drive bay 1 is operating normally.
server22,Critical,Thu Sep 12 2019 17:49:33,Fault detected on drive 1 in disk drive bay 1.
server22,Normal,Thu Sep 12 2019 18:01:30,Drive 1 in disk drive bay 1 is operating normally.
server22,Critical,Thu Sep 12 2019 18:02:41,Fault detected on drive 1 in disk drive bay 1.
server22,Normal,Thu Sep 12 2019 18:37:10,Drive 1 in disk drive bay 1 is operating normally.
server22,Critical,Thu Sep 12 2019 18:38:20,Fault detected on drive 1 in disk drive bay 1.
server22,Critical,Tue Sep 17 2019 13:44:22,Drive 1 is removed from disk drive bay 1.
server22,Normal,Tue Sep 17 2019 13:44:22,Drive 1 in disk drive bay 1 is operating normally.
server22,Normal,Tue Sep 17 2019 13:47:09,Drive 1 is installed in disk drive bay 1.
