"Normal","Sat Dec 21 2013 03:52:15","Log cleared."
"Critical","Mon Mar 31 2014 14:24:54","The power input for power supply 2 is lost."
"Critical","Mon Mar 31 2014 14:24:55","Power supply redundancy is lost."
"Normal","Mon Mar 31 2014 13:28:07","The input power for power supply 2 has been restored."
"Normal","Mon Mar 31 2014 13:28:12","The power supplies are redundant."
"Critical","Mon Mar 31 2014 14:11:39","The power input for power supply 2 is lost."
"Normal","Mon Mar 31 2014 14:11:44","The input power for power supply 2 has been restored."
"Critical","Mon Mar 31 2014 14:15:44","The power input for power supply 2 is lost."
"Critical","Mon Mar 31 2014 14:15:54","Power supply redundancy is lost."
"Normal","Mon Mar 31 2014 14:17:19","The input power for power supply 2 has been restored."
"Normal","Mon Mar 31 2014 14:17:24","The power supplies are redundant."
"Critical","Tue Apr 01 2014 22:17:02","Power supply redundancy is lost."
"Critical","Tue Apr 01 2014 22:17:08","The power input for power supply 2 is lost."
"Critical","Tue Apr 08 2014 12:29:11","Power supply redundancy is lost."
"Critical","Tue Apr 08 2014 12:29:11","The power input for power supply 2 is lost."
"Critical","Mon Apr 14 2014 12:45:32","Power supply redundancy is lost."
"Critical","Mon Apr 14 2014 12:45:32","The power input for power supply 2 is lost."
"Normal","Tue Apr 15 2014 15:17:15","The input power for power supply 2 has been restored."
"Normal","Tue Apr 15 2014 15:17:20","The power supplies are redundant."
"Critical","Tue Apr 15 2014 15:34:41","Power supply redundancy is lost."
"Critical","Tue Apr 15 2014 15:34:41","The power input for power supply 2 is lost."
"Normal","Tue Apr 15 2014 15:34:56","The input power for power supply 2 has been restored."
"Normal","Tue Apr 15 2014 15:35:06","The power supplies are redundant."
"Warning","Mon Apr 21 2014 06:45:28","The system inlet temperature is greater than the upper warning threshold."
"Critical","Mon Apr 21 2014 07:09:54","The system inlet temperature is greater than the upper critical threshold."
"Warning","Mon Apr 21 2014 09:51:49","The temperature for power supply 2 is in a warning range."
"Critical","Mon Apr 21 2014 10:32:58","The PERC1 battery has failed."
"Warning","Mon Apr 21 2014 10:35:02","The temperature for power supply 1 is in a warning range."
"Normal","Mon Apr 21 2014 10:51:24","The PERC1 battery is operating normally."
"Normal","Mon Apr 21 2014 12:21:28","Power supply 1 is operating normally."
"Normal","Mon Apr 21 2014 12:37:30","Power supply 2 is operating normally."
"Warning","Mon Apr 21 2014 13:02:11","The system inlet temperature is greater than the upper warning threshold."
"Critical","Mon Apr 21 2014 13:02:11","The system inlet temperature is greater than the upper critical threshold."
"Critical","Mon Apr 21 2014 13:02:12","The power input for power supply 1 is lost."
"Critical","Mon Apr 21 2014 13:02:14","Power supply redundancy is lost."
"Warning","Mon Apr 21 2014 13:26:26","The system inlet temperature is greater than the upper warning threshold."
"Normal","Mon Apr 21 2014 13:39:57","The system inlet temperature is within range."
"Critical","Fri Apr 25 2014 19:33:51","The power input for power supply 1 is lost."
"Critical","Fri Apr 25 2014 19:33:53","Power supply redundancy is lost."
"Critical","Mon Apr 28 2014 22:26:22","Power supply redundancy is lost."
"Critical","Mon Apr 28 2014 22:26:26","The power input for power supply 1 is lost."
"Normal","Mon Apr 28 2014 22:58:45","The input power for power supply 1 has been restored."
"Normal","Mon Apr 28 2014 22:58:51","The power supplies are redundant."
"Critical","Wed Apr 30 2014 19:33:10","The power input for power supply 1 is lost."
"Critical","Wed Apr 30 2014 19:33:11","Power supply redundancy is lost."
"Critical","Mon May 05 2014 18:38:40","The power input for power supply 1 is lost."
"Critical","Mon May 05 2014 18:38:42","Power supply redundancy is lost."
"Critical","Mon May 05 2014 18:51:12","Power supply redundancy is lost."
"Normal","Mon May 05 2014 18:51:17","The power supplies are redundant."
"Critical","Mon May 05 2014 23:04:45","Power supply redundancy is lost."
"Critical","Mon May 05 2014 23:04:49","The power input for power supply 1 is lost."
"Warning","Mon Sep 15 2014 18:16:10","The system inlet temperature is greater than the upper warning threshold."
"Normal","Mon Sep 15 2014 18:28:46","The system inlet temperature is within range."
"Warning","Mon Sep 15 2014 18:31:36","The system inlet temperature is greater than the upper warning threshold."
"Normal","Mon Sep 15 2014 19:06:43","The system inlet temperature is within range."
"Critical","Sun Oct 19 2014 20:35:22","The power input for power supply 1 is lost."
"Critical","Sun Oct 19 2014 20:35:24","Power supply redundancy is lost."
"Normal","Sun Oct 19 2014 20:35:33","The input power for power supply 1 has been restored."
"Normal","Sun Oct 19 2014 20:35:43","The power supplies are redundant."
"Warning","Sun Nov 09 2014 20:27:38","The system inlet temperature is greater than the upper warning threshold."
"Critical","Sun Nov 09 2014 21:04:59","The system inlet temperature is greater than the upper critical threshold."
"Warning","Mon Nov 24 2014 03:14:52","The system inlet temperature is greater than the upper warning threshold."
"Critical","Mon Nov 24 2014 03:34:32","The system inlet temperature is greater than the upper critical threshold."
"Critical","Mon Nov 24 2014 03:54:48","Power supply redundancy is lost."
"Critical","Mon Nov 24 2014 03:54:52","The power input for power supply 1 is lost."
"Warning","Mon Nov 24 2014 04:13:57","The system inlet temperature is greater than the upper warning threshold."
"Normal","Mon Nov 24 2014 04:21:19","The system inlet temperature is within range."
"Normal","Mon Nov 24 2014 12:36:12","The input power for power supply 1 has been restored."
"Normal","Mon Nov 24 2014 12:36:19","The power supplies are redundant."
"Warning","Tue Feb 03 2015 01:04:23","The system inlet temperature is greater than the upper warning threshold."
"Critical","Tue Feb 03 2015 01:24:56","The system inlet temperature is greater than the upper critical threshold."
"Critical","Tue Feb 03 2015 13:03:56","Power supply redundancy is lost."
"Normal","Tue Feb 03 2015 13:04:08","The power supplies are redundant."
"Warning","Sat Mar 14 2015 22:16:46","The system inlet temperature is greater than the upper warning threshold."
"Critical","Sat Mar 14 2015 22:37:27","The system inlet temperature is greater than the upper critical threshold."
"Critical","Sat Mar 14 2015 23:24:12","The power input for power supply 2 is lost."
"Critical","Sat Mar 14 2015 23:24:13","Power supply redundancy is lost."
"Warning","Fri Jun 05 2015 20:45:42","The system inlet temperature is greater than the upper warning threshold."
"Critical","Fri Jun 05 2015 21:07:25","The system inlet temperature is greater than the upper critical threshold."
"Warning","Fri Jun 05 2015 21:38:49","The system inlet temperature is greater than the upper warning threshold."
"Critical","Fri Jun 05 2015 21:38:49","The system inlet temperature is greater than the upper critical threshold."
"Warning","Fri Jun 05 2015 22:01:49","The system inlet temperature is greater than the upper warning threshold."
"Normal","Fri Jun 05 2015 22:22:08","The system inlet temperature is within range."
"Warning","Thu Aug 27 2015 11:22:27","The system inlet temperature is greater than the upper warning threshold."
"Critical","Thu Aug 27 2015 11:49:14","The system inlet temperature is greater than the upper critical threshold."
"Warning","Thu Aug 27 2015 12:24:45","The system inlet temperature is greater than the upper warning threshold."
"Normal","Thu Aug 27 2015 12:35:01","The system inlet temperature is within range."
"Warning","Mon Oct 05 2015 19:06:26","The system inlet temperature is greater than the upper warning threshold."
"Normal","Mon Oct 05 2015 19:32:30","The system inlet temperature is within range."
"Critical","Thu Jun 02 2016 20:19:52","The power input for power supply 2 is lost."
"Critical","Thu Jun 02 2016 20:19:53","Power supply redundancy is lost."
"Warning","Mon Oct 31 2016 05:41:47","The system inlet temperature is greater than the upper warning threshold."
"Normal","Mon Oct 31 2016 05:53:17","The system inlet temperature is within range."
"Normal","Thu Nov 03 2016 18:15:06","The power supplies are redundant."
"Warning","Sun Nov 20 2016 11:19:52","The system inlet temperature is greater than the upper warning threshold."
"Critical","Sun Nov 20 2016 11:39:57","The system inlet temperature is greater than the upper critical threshold."
"Warning","Sun Nov 20 2016 12:06:25","The system inlet temperature is greater than the upper warning threshold."
"Normal","Sun Nov 20 2016 12:09:05","The system inlet temperature is within range."
"Warning","Mon Nov 21 2016 09:31:29","The system inlet temperature is greater than the upper warning threshold."
"Normal","Mon Nov 21 2016 10:04:28","The system inlet temperature is within range."
"Warning","Mon Aug 28 2017 18:05:22","The system inlet temperature is greater than the upper warning threshold."
"Critical","Mon Aug 28 2017 18:22:32","The system inlet temperature is greater than the upper critical threshold."
"Warning","Mon Aug 28 2017 18:23:06","The system inlet temperature is greater than the upper warning threshold."
"Critical","Mon Aug 28 2017 18:31:02","The system inlet temperature is greater than the upper critical threshold."
"Warning","Mon Aug 28 2017 18:31:51","The system inlet temperature is greater than the upper warning threshold."
"Critical","Mon Aug 28 2017 18:33:20","The system inlet temperature is greater than the upper critical threshold."
"Warning","Mon Aug 28 2017 18:34:10","The system inlet temperature is greater than the upper warning threshold."
"Critical","Mon Aug 28 2017 18:34:34","The system inlet temperature is greater than the upper critical threshold."
"Warning","Mon Aug 28 2017 18:37:25","The system inlet temperature is greater than the upper warning threshold."
"Critical","Mon Aug 28 2017 18:39:59","The system inlet temperature is greater than the upper critical threshold."
"Warning","Mon Aug 28 2017 18:44:19","The system inlet temperature is greater than the upper warning threshold."
"Normal","Mon Aug 28 2017 18:47:09","The system inlet temperature is within range."
"Critical","Tue Aug 29 2017 22:27:53","Power supply redundancy is lost."
"Critical","Tue Aug 29 2017 22:27:57","The power input for power supply 1 is lost."
"Warning","Fri Sep 08 2017 21:36:24","The system inlet temperature is greater than the upper warning threshold."
"Normal","Sat Sep 09 2017 03:07:15","The system inlet temperature is within range."
"Warning","Sat Sep 09 2017 15:09:33","The system inlet temperature is greater than the upper warning threshold."
"Normal","Sat Sep 09 2017 21:26:49","The system inlet temperature is within range."
"Warning","Sun Sep 10 2017 19:26:16","The system inlet temperature is greater than the upper warning threshold."
"Normal","Mon Sep 11 2017 12:31:00","The system inlet temperature is within range."
"Critical","Thu Sep 14 2017 08:54:39","Fault detected on drive 1 in disk drive bay 1."
"Critical","Mon Sep 18 2017 23:11:11","The power input for power supply 1 is lost."
"Critical","Mon Sep 18 2017 23:11:12","Power supply redundancy is lost."
"Critical","Mon Sep 18 2017 23:12:39","Fault detected on drive 1 in disk drive bay 1."
"Critical","Thu Sep 21 2017 19:45:00","Fault detected on drive 1 in disk drive bay 1."
"Normal","Thu Sep 21 2017 20:48:11","Drive 1 in disk drive bay 1 is operating normally."
"Critical","Thu Sep 21 2017 20:49:17","Fault detected on drive 1 in disk drive bay 1."
"Critical","Sat Oct 14 2017 18:31:49","Fault detected on drive 5 in disk drive bay 1."
"Normal","Wed Oct 18 2017 18:48:55","Drive 1 in disk drive bay 1 is operating normally."
"Normal","Wed Oct 18 2017 18:48:55","Drive 5 in disk drive bay 1 is operating normally."
"Critical","Wed Oct 18 2017 18:50:12","Fault detected on drive 1 in disk drive bay 1."
"Critical","Wed Oct 18 2017 18:50:12","Fault detected on drive 5 in disk drive bay 1."
"Normal","Thu Oct 26 2017 17:35:19","Drive 1 in disk drive bay 1 is operating normally."
"Normal","Thu Oct 26 2017 17:35:20","Drive 5 in disk drive bay 1 is operating normally."
"Critical","Thu Oct 26 2017 17:36:45","Fault detected on drive 1 in disk drive bay 1."
"Critical","Thu Oct 26 2017 17:36:45","Fault detected on drive 5 in disk drive bay 1."
"Critical","Wed Nov 01 2017 11:45:21","The system halted because system power exceeds capacity."
"Critical","Wed Nov 01 2017 11:46:07","Fault detected on drive 1 in disk drive bay 1."
"Critical","Wed Nov 01 2017 11:46:07","Fault detected on drive 5 in disk drive bay 1."
"Normal","Wed Nov 01 2017 11:48:45","Drive 1 in disk drive bay 1 is operating normally."
"Normal","Wed Nov 01 2017 11:48:45","Drive 5 in disk drive bay 1 is operating normally."
"Normal","Wed Nov 01 2017 11:49:08","The system performance restored."
"Critical","Wed Nov 01 2017 11:50:18","Fault detected on drive 1 in disk drive bay 1."
"Critical","Wed Nov 01 2017 11:50:18","Fault detected on drive 5 in disk drive bay 1."
"Critical","Wed Nov 01 2017 13:06:58","Fault detected on drive 1 in disk drive bay 1."
"Critical","Wed Nov 01 2017 13:06:58","Fault detected on drive 5 in disk drive bay 1."
"Normal","Wed Nov 01 2017 13:31:34","Drive 1 in disk drive bay 1 is operating normally."
"Normal","Wed Nov 01 2017 13:31:34","Drive 5 in disk drive bay 1 is operating normally."
"Critical","Wed Nov 01 2017 13:33:00","Fault detected on drive 1 in disk drive bay 1."
"Critical","Wed Nov 01 2017 13:33:00","Fault detected on drive 5 in disk drive bay 1."
"Critical","Thu Nov 09 2017 20:18:04","Drive 5 is removed from disk drive bay 1."
"Normal","Thu Nov 09 2017 20:18:04","Drive 5 in disk drive bay 1 is operating normally."
"Normal","Thu Nov 09 2017 20:20:58","Drive 5 is installed in disk drive bay 1."
"Critical","Thu Nov 09 2017 21:39:02","Drive 1 is removed from disk drive bay 1."
"Normal","Thu Nov 09 2017 21:39:02","Drive 1 in disk drive bay 1 is operating normally."
"Normal","Thu Nov 09 2017 21:42:36","Drive 1 is installed in disk drive bay 1."
"Critical","Thu Nov 09 2017 21:42:52","Fault detected on drive 1 in disk drive bay 1."
"Normal","Thu Nov 09 2017 21:42:57","Drive 1 in disk drive bay 1 is operating normally."
"Critical","Sat Dec 16 2017 10:06:26","Power supply redundancy is lost."
"Critical","Sat Dec 16 2017 10:06:31","The power input for power supply 2 is lost."
"Critical","Thu Dec 21 2017 13:19:18","Power supply redundancy is lost."
"Critical","Thu Dec 21 2017 13:19:22","The power input for power supply 1 is lost."
"Normal","Thu Dec 21 2017 13:19:42","The input power for power supply 1 has been restored."
"Normal","Thu Dec 21 2017 13:19:49","The power supplies are redundant."
"Critical","Thu Dec 21 2017 13:21:34","The power input for power supply 1 is lost."
"Critical","Thu Dec 21 2017 13:21:36","Power supply redundancy is lost."
"Normal","Thu Dec 21 2017 13:22:19","The input power for power supply 1 has been restored."
"Normal","Thu Dec 21 2017 13:22:31","The power supplies are redundant."
"Critical","Sun May 20 2018 17:26:07","The power input for power supply 1 is lost."
"Critical","Sun May 20 2018 17:26:09","Power supply redundancy is lost."
"Normal","Mon May 21 2018 12:45:58","The input power for power supply 1 has been restored."
"Normal","Mon May 21 2018 12:46:05","The power supplies are redundant."
"Critical","Wed Jun 06 2018 13:46:35","The power input for power supply 1 is lost."
"Critical","Wed Jun 06 2018 13:46:37","Power supply redundancy is lost."
"Normal","Wed Jun 06 2018 15:47:31","The input power for power supply 1 has been restored."
"Normal","Wed Jun 06 2018 15:47:37","The power supplies are redundant."
"Critical","Wed Jun 06 2018 16:02:47","Power supply redundancy is lost."
"Critical","Wed Jun 06 2018 16:02:52","The power input for power supply 1 is lost."
"Normal","Wed Jun 06 2018 16:07:53","The input power for power supply 1 has been restored."
"Normal","Wed Jun 06 2018 16:08:00","The power supplies are redundant."
"Critical","Wed Jun 27 2018 12:21:26","Drive 0 is removed from disk drive bay 1."
"Normal","Wed Jun 27 2018 12:24:16","Drive 0 is installed in disk drive bay 1."
"Critical","Wed Jun 27 2018 14:29:44","Drive 3 is removed from disk drive bay 1."
"Normal","Wed Jun 27 2018 14:32:29","Drive 3 is installed in disk drive bay 1."
"Critical","Wed Jun 27 2018 15:32:01","Drive 6 is removed from disk drive bay 1."
"Normal","Wed Jun 27 2018 15:34:32","Drive 6 is installed in disk drive bay 1."
"Critical","Fri Apr 12 2019 22:16:56","Power supply redundancy is lost."
"Critical","Fri Apr 12 2019 22:16:57","The power input for power supply 2 is lost."
"Critical","Fri May 03 2019 13:08:49","The power input for power supply 1 is lost."
"Critical","Fri May 03 2019 13:08:52","Power supply redundancy is lost."
"Normal","Sat May 04 2019 14:27:41","The input power for power supply 1 has been restored."
"Normal","Sat May 04 2019 14:27:49","The power supplies are redundant."
"Critical","Mon May 06 2019 17:04:41","Power supply redundancy is lost."
"Critical","Tue May 21 2019 13:17:59","The power input for power supply 2 is lost."
"Critical","Tue May 21 2019 13:17:59","Power supply redundancy is lost."
"Normal","Tue May 21 2019 19:47:03","The input power for power supply 2 has been restored."
"Normal","Tue May 21 2019 19:47:09","The power supplies are redundant."
"Critical","Tue Jun 11 2019 03:44:17","Power supply redundancy is lost."
"Critical","Tue Jun 11 2019 03:44:21","The power input for power supply 1 is lost."
"Critical","Sun Jul 28 2019 06:26:22","The power input for power supply 1 is lost."
"Critical","Sun Jul 28 2019 06:26:24","Power supply redundancy is lost."
"Critical","Fri Aug 30 2019 22:27:32","The power input for power supply 1 is lost."
"Critical","Fri Aug 30 2019 22:27:34","Power supply redundancy is lost."
"Normal","Sun Sep 01 2019 14:27:30","The power supplies are redundant."
