"Normal","Fri Dec 20 2013 18:06:44","Log cleared."
"Critical","Fri Feb 14 2014 00:44:07","The power input for power supply 1 is lost."
"Critical","Fri Feb 14 2014 00:44:09","Power supply redundancy is lost."
"Critical","Mon Mar 31 2014 17:06:53","The power input for power supply 2 is lost."
"Critical","Mon Mar 31 2014 17:07:04","Power supply redundancy is lost."
"Normal","Mon Mar 31 2014 16:07:21","The input power for power supply 2 has been restored."
"Normal","Mon Mar 31 2014 16:07:28","The power supplies are redundant."
"Critical","Mon Mar 31 2014 16:18:51","The power input for power supply 2 is lost."
"Critical","Mon Mar 31 2014 16:18:56","Power supply redundancy is lost."
"Critical","Mon Mar 31 2014 19:10:53","The power input for power supply 2 is lost."
"Critical","Mon Mar 31 2014 19:10:53","Power supply redundancy is lost."
"Critical","Fri Apr 11 2014 13:35:38","Power supply redundancy is lost."
"Critical","Fri Apr 11 2014 13:35:49","The power input for power supply 2 is lost."
"Critical","Mon Apr 14 2014 10:50:25","Power supply redundancy is lost."
"Critical","Mon Apr 14 2014 10:50:30","The power input for power supply 2 is lost."
"Critical","Tue Apr 15 2014 16:32:13","The system board PS1 PG Fail voltage is outside of range."
"Critical","Tue Apr 15 2014 16:32:13","Power supply 1 is incorrectly configured."
"Critical","Tue Apr 15 2014 16:32:15","Power supply redundancy is lost."
"Critical","Tue Apr 15 2014 18:13:03","The power input for power supply 1 is lost."
"Critical","Tue Apr 15 2014 18:13:05","Power supply redundancy is lost."
"Normal","Fri Apr 18 2014 19:03:05","The input power for power supply 1 has been restored."
"Normal","Fri Apr 18 2014 19:03:06","The power supplies are redundant."
"Critical","Fri Apr 18 2014 19:04:25","The power input for power supply 1 is lost."
"Critical","Fri Apr 18 2014 19:04:26","Power supply redundancy is lost."
"Critical","Fri Apr 18 2014 19:53:16","The power input for power supply 1 is lost."
"Critical","Fri Apr 18 2014 19:53:17","Power supply redundancy is lost."
"Warning","Mon Apr 21 2014 06:32:34","The system inlet temperature is greater than the upper warning threshold."
"Critical","Mon Apr 21 2014 06:54:01","The system inlet temperature is greater than the upper critical threshold."
"Warning","Mon Apr 21 2014 09:17:57","The temperature for power supply 2 is in a warning range."
"Critical","Mon Apr 21 2014 09:23:49","The PERC1 battery has failed."
"Normal","Mon Apr 21 2014 09:37:55","The PERC1 battery is operating normally."
"Critical","Mon Apr 21 2014 10:38:35","The system board PS2 PG Fail voltage is outside of range."
"Normal","Mon Apr 21 2014 10:38:36","Power supply 2 is operating normally."
"Critical","Mon Apr 21 2014 10:43:27","The temperature for power supply 2 is outside of range."
"Normal","Mon Apr 21 2014 10:43:42","Power supply 2 is operating normally."
"Critical","Mon Apr 21 2014 11:04:00","The temperature for power supply 2 is outside of range."
"Normal","Mon Apr 21 2014 11:04:16","Power supply 2 is operating normally."
"Critical","Mon Apr 21 2014 11:14:15","The temperature for power supply 2 is outside of range."
"Normal","Mon Apr 21 2014 11:14:27","Power supply 2 is operating normally."
"Critical","Mon Apr 21 2014 11:19:23","The temperature for power supply 2 is outside of range."
"Normal","Mon Apr 21 2014 11:19:38","Power supply 2 is operating normally."
"Critical","Mon Apr 21 2014 11:34:46","The temperature for power supply 2 is outside of range."
"Normal","Mon Apr 21 2014 11:35:00","Power supply 2 is operating normally."
"Critical","Mon Apr 21 2014 11:39:54","The temperature for power supply 2 is outside of range."
"Normal","Mon Apr 21 2014 11:40:06","Power supply 2 is operating normally."
"Critical","Mon Apr 21 2014 11:47:16","The temperature for power supply 2 is outside of range."
"Warning","System Boot","The system inlet temperature is greater than the upper warning threshold."
"Critical","System Boot","The system inlet temperature is greater than the upper critical threshold."
"Critical","Mon Apr 21 2014 12:57:03","Power supply redundancy is lost."
"Critical","Mon Apr 21 2014 12:57:07","The power input for power supply 1 is lost."
"Warning","Mon Apr 21 2014 13:18:00","The system inlet temperature is greater than the upper warning threshold."
"Normal","Mon Apr 21 2014 13:28:32","The system inlet temperature is within range."
"Critical","Tue Apr 22 2014 18:32:44","The power input for power supply 1 is lost."
"Critical","Tue Apr 22 2014 18:32:46","Power supply redundancy is lost."
"Critical","Mon Apr 28 2014 22:26:48","Power supply redundancy is lost."
"Critical","Mon Apr 28 2014 22:26:52","The power input for power supply 1 is lost."
"Critical","Wed May 14 2014 15:31:35","The power input for power supply 1 is lost."
"Critical","Wed May 14 2014 15:31:36","Power supply redundancy is lost."
"Critical","Thu Jul 10 2014 20:55:40","Power supply redundancy is lost."
"Critical","Thu Jul 10 2014 20:55:44","The power input for power supply 1 is lost."
"Critical","Sat Aug 02 2014 01:23:44","The power input for power supply 1 is lost."
"Critical","Sat Aug 02 2014 01:23:46","Power supply redundancy is lost."
"Critical","Fri Aug 08 2014 20:30:30","Power supply redundancy is lost."
"Normal","Fri Aug 08 2014 20:30:35","The power supplies are redundant."
"Critical","Fri Aug 08 2014 20:30:45","The power input for power supply 1 is lost."
"Critical","Fri Aug 08 2014 20:30:46","Power supply redundancy is lost."
"Critical","Tue Aug 19 2014 15:46:44","The power input for power supply 1 is lost."
"Critical","Tue Aug 19 2014 15:46:45","Power supply redundancy is lost."
"Warning","Mon Sep 15 2014 17:52:21","The system inlet temperature is greater than the upper warning threshold."
"Critical","Mon Sep 15 2014 18:08:00","The system inlet temperature is greater than the upper critical threshold."
"Warning","Mon Sep 15 2014 18:23:46","The system inlet temperature is greater than the upper warning threshold."
"Normal","Mon Sep 15 2014 18:25:40","The system inlet temperature is within range."
"Warning","Mon Sep 15 2014 18:33:25","The system inlet temperature is greater than the upper warning threshold."
"Normal","Mon Sep 15 2014 19:08:22","The system inlet temperature is within range."
"Normal","Fri Sep 26 2014 21:10:05","The input power for power supply 1 has been restored."
"Normal","Fri Sep 26 2014 21:10:11","The power supplies are redundant."
"Critical","Fri Sep 26 2014 21:29:12","Power supply redundancy is lost."
"Critical","Fri Sep 26 2014 21:29:16","The power input for power supply 1 is lost."
"Normal","Fri Sep 26 2014 21:29:36","The input power for power supply 1 has been restored."
"Normal","Fri Sep 26 2014 21:29:47","The power supplies are redundant."
"Critical","Sun Oct 19 2014 20:52:31","Power supply redundancy is lost."
"Normal","Sun Oct 19 2014 20:52:36","The power supplies are redundant."
"Warning","Sun Nov 09 2014 20:01:41","The system inlet temperature is greater than the upper warning threshold."
"Critical","Sun Nov 09 2014 20:18:19","The system inlet temperature is greater than the upper critical threshold."
"Warning","Mon Nov 24 2014 02:57:09","The system inlet temperature is greater than the upper warning threshold."
"Critical","Mon Nov 24 2014 03:13:18","The system inlet temperature is greater than the upper critical threshold."
"Critical","Mon Nov 24 2014 03:54:44","The power input for power supply 2 is lost."
"Critical","Mon Nov 24 2014 03:54:44","Power supply redundancy is lost."
"Warning","Mon Nov 24 2014 03:58:06","The system inlet temperature is greater than the upper warning threshold."
"Normal","Mon Nov 24 2014 04:00:53","The system inlet temperature is within range."
"Normal","Mon Nov 24 2014 12:36:12","The input power for power supply 2 has been restored."
"Normal","Mon Nov 24 2014 12:36:17","The power supplies are redundant."
"Warning","Tue Feb 03 2015 00:49:08","The system inlet temperature is greater than the upper warning threshold."
"Critical","Tue Feb 03 2015 01:02:30","The system inlet temperature is greater than the upper critical threshold."
"Warning","Sat Mar 14 2015 22:01:03","The system inlet temperature is greater than the upper warning threshold."
"Critical","Sat Mar 14 2015 22:17:04","The system inlet temperature is greater than the upper critical threshold."
"Critical","Sat Mar 14 2015 23:24:01","Power supply redundancy is lost."
"Critical","Sat Mar 14 2015 23:24:04","The power input for power supply 1 is lost."
"Warning","Fri Jun 05 2015 20:28:16","The system inlet temperature is greater than the upper warning threshold."
"Critical","Fri Jun 05 2015 20:44:13","The system inlet temperature is greater than the upper critical threshold."
"Warning","Fri Jun 05 2015 21:06:53","The system inlet temperature is greater than the upper warning threshold."
"Normal","Fri Jun 05 2015 21:08:19","The system inlet temperature is within range."
"Warning","Fri Jun 05 2015 21:08:40","The system inlet temperature is greater than the upper warning threshold."
"Normal","Fri Jun 05 2015 21:08:51","The system inlet temperature is within range."
"Warning","Thu Aug 27 2015 11:09:42","The system inlet temperature is greater than the upper warning threshold."
"Critical","Thu Aug 27 2015 11:29:06","The system inlet temperature is greater than the upper critical threshold."
"Warning","Thu Aug 27 2015 12:11:01","The system inlet temperature is greater than the upper warning threshold."
"Normal","Thu Aug 27 2015 12:13:37","The system inlet temperature is within range."
"Warning","Thu Jan 21 2016 09:35:55","The system inlet temperature is greater than the upper warning threshold."
"Normal","Thu Jan 21 2016 09:37:42","The system inlet temperature is within range."
"Warning","Fri Feb 05 2016 17:34:35","The system inlet temperature is greater than the upper warning threshold."
"Normal","Fri Feb 05 2016 17:35:58","The system inlet temperature is within range."
"Warning","Sat Sep 03 2016 12:12:50","The system inlet temperature is greater than the upper warning threshold."
"Normal","Sat Sep 03 2016 12:22:37","The system inlet temperature is within range."
"Warning","Sun Oct 23 2016 18:09:20","The system inlet temperature is greater than the upper warning threshold."
"Normal","Sun Oct 23 2016 18:10:00","The system inlet temperature is within range."
"Warning","Sun Oct 23 2016 18:11:53","The system inlet temperature is greater than the upper warning threshold."
"Normal","Sun Oct 23 2016 18:13:36","The system inlet temperature is within range."
"Warning","Mon Oct 31 2016 05:26:09","The system inlet temperature is greater than the upper warning threshold."
"Normal","Mon Oct 31 2016 05:43:31","The system inlet temperature is within range."
"Warning","Sat Nov 12 2016 14:24:36","The system inlet temperature is greater than the upper warning threshold."
"Normal","Sat Nov 12 2016 14:31:02","The system inlet temperature is within range."
"Warning","Sun Nov 20 2016 11:03:33","The system inlet temperature is greater than the upper warning threshold."
"Critical","Sun Nov 20 2016 11:21:00","The system inlet temperature is greater than the upper critical threshold."
"Warning","Sun Nov 20 2016 12:05:17","The system inlet temperature is greater than the upper warning threshold."
"Normal","Sun Nov 20 2016 12:07:26","The system inlet temperature is within range."
"Warning","Sun Nov 20 2016 12:07:46","The system inlet temperature is greater than the upper warning threshold."
"Normal","Sun Nov 20 2016 12:08:04","The system inlet temperature is within range."
"Warning","Sun Nov 20 2016 12:08:29","The system inlet temperature is greater than the upper warning threshold."
"Normal","Sun Nov 20 2016 12:08:57","The system inlet temperature is within range."
"Warning","Mon Nov 21 2016 09:14:18","The system inlet temperature is greater than the upper warning threshold."
"Critical","Mon Nov 21 2016 09:33:15","The system inlet temperature is greater than the upper critical threshold."
"Warning","Mon Nov 21 2016 09:56:37","The system inlet temperature is greater than the upper warning threshold."
"Normal","Mon Nov 21 2016 10:02:23","The system inlet temperature is within range."
"Warning","Mon Aug 28 2017 17:50:26","The system inlet temperature is greater than the upper warning threshold."
"Critical","Mon Aug 28 2017 18:08:09","The system inlet temperature is greater than the upper critical threshold."
"Warning","Mon Aug 28 2017 18:40:16","The system inlet temperature is greater than the upper warning threshold."
"Normal","Mon Aug 28 2017 18:44:12","The system inlet temperature is within range."
"Critical","Tue Aug 29 2017 22:27:43","The power input for power supply 2 is lost."
"Critical","Tue Aug 29 2017 22:27:43","Power supply redundancy is lost."
"Warning","Sat Sep 09 2017 16:29:14","The system inlet temperature is greater than the upper warning threshold."
"Normal","Sat Sep 09 2017 17:04:01","The system inlet temperature is within range."
"Warning","Sun Sep 10 2017 20:20:23","The system inlet temperature is greater than the upper warning threshold."
"Normal","Mon Sep 11 2017 11:57:56","The system inlet temperature is within range."
"Warning","Mon Sep 11 2017 12:01:33","The system inlet temperature is greater than the upper warning threshold."
"Normal","Mon Sep 11 2017 12:08:40","The system inlet temperature is within range."
"Warning","Mon Sep 11 2017 12:09:57","The system inlet temperature is greater than the upper warning threshold."
"Normal","Mon Sep 11 2017 12:11:34","The system inlet temperature is within range."
"Critical","Mon Sep 18 2017 22:12:11","The power input for power supply 2 is lost."
"Critical","Mon Sep 18 2017 22:12:12","Power supply redundancy is lost."
"Critical","Sat Dec 16 2017 10:08:33","The power input for power supply 2 is lost."
"Critical","Sat Dec 16 2017 10:08:33","Power supply redundancy is lost."
"Normal","Thu Feb 22 2018 15:36:15","The power supplies are redundant."
"Normal","Mon Apr 16 2018 11:29:04","The power supplies are redundant."
"Critical","Sun May 20 2018 17:26:32","Power supply redundancy is lost."
"Critical","Sun May 20 2018 17:26:37","The power input for power supply 2 is lost."
"Normal","Mon May 21 2018 12:46:25","The input power for power supply 2 has been restored."
"Normal","Mon May 21 2018 12:46:31","The power supplies are redundant."
"Critical","Wed Jun 06 2018 13:49:37","The power input for power supply 2 is lost."
"Critical","Wed Jun 06 2018 13:49:37","Power supply redundancy is lost."
"Normal","Wed Jun 06 2018 15:50:26","The input power for power supply 2 has been restored."
"Normal","Wed Jun 06 2018 15:50:37","The power supplies are redundant."
"Critical","Wed Jun 06 2018 16:05:47","The power input for power supply 2 is lost."
"Critical","Wed Jun 06 2018 16:05:47","Power supply redundancy is lost."
"Normal","Wed Jun 06 2018 16:10:53","The input power for power supply 2 has been restored."
"Normal","Wed Jun 06 2018 16:10:59","The power supplies are redundant."
"Critical","Fri May 03 2019 14:30:54","The power input for power supply 1 is lost."
"Critical","Fri May 03 2019 14:30:55","Power supply redundancy is lost."
"Normal","Sat May 04 2019 14:43:38","The input power for power supply 1 has been restored."
"Normal","Sat May 04 2019 14:43:44","The power supplies are redundant."
"Critical","Mon May 06 2019 17:19:36","The power input for power supply 1 is lost."
"Critical","Mon May 06 2019 17:19:38","Power supply redundancy is lost."
"Critical","Tue May 21 2019 13:33:03","The power input for power supply 2 is lost."
"Critical","Tue May 21 2019 13:33:03","Power supply redundancy is lost."
"Normal","Tue May 21 2019 20:02:04","The input power for power supply 2 has been restored."
"Normal","Tue May 21 2019 20:02:15","The power supplies are redundant."
"Critical","Sun Jul 28 2019 06:40:41","The power input for power supply 1 is lost."
"Critical","Sun Jul 28 2019 06:40:43","Power supply redundancy is lost."
"Normal","Sun Sep 01 2019 14:41:51","The power supplies are redundant."
