Server,Severity,Date/Time,Description
server04,Normal,Fri Dec 20 2013 14:22:32,Log cleared.
server04,Critical,System Boot,Power supply redundancy is lost.
server04,Normal,System Boot,The power supplies are redundant.
server04,Critical,Fri Feb 14 2014 00:59:52,The power input for power supply 1 is lost.
server04,Critical,Fri Feb 14 2014 01:00:05,Power supply redundancy is lost.
server04,Critical,Fri Feb 14 2014 01:01:25,The power input for power supply 1 is lost.
server04,Critical,Fri Feb 14 2014 01:03:58,The power input for power supply 1 is lost.
server04,Critical,Fri Feb 14 2014 01:13:02,The power input for power supply 1 is lost.
server04,Critical,Fri Feb 14 2014 01:13:08,Power supply redundancy is lost.
server04,Critical,Fri Feb 14 2014 01:26:47,The power input for power supply 1 is lost.
server04,Critical,Mon Mar 31 2014 15:48:08,The power input for power supply 2 is lost.
server04,Critical,Mon Mar 31 2014 15:48:19,Power supply redundancy is lost.
server04,Normal,Mon Mar 31 2014 15:50:12,The input power for power supply 2 has been restored.
server04,Normal,Mon Mar 31 2014 15:50:22,The power supplies are redundant.
server04,Critical,Mon Mar 31 2014 16:04:48,The power input for power supply 2 is lost.
server04,Critical,Mon Mar 31 2014 16:04:53,Power supply redundancy is lost.
server04,Critical,Mon Mar 31 2014 18:05:31,The power input for power supply 2 is lost.
server04,Critical,Mon Mar 31 2014 18:05:31,Power supply redundancy is lost.
server04,Critical,System Boot,The power input for power supply 1 is lost.
server04,Critical,System Boot,Power supply redundancy is lost.
server04,Critical,Mon Apr 07 2014 21:35:58,The power input for power supply 1 is lost.
server04,Critical,Mon Apr 07 2014 21:36:00,Power supply redundancy is lost.
server04,Critical,Mon Apr 14 2014 10:49:44,Power supply redundancy is lost.
server04,Critical,Mon Apr 14 2014 10:49:53,The power input for power supply 1 is lost.
server04,Critical,Tue Apr 15 2014 15:22:31,The power input for power supply 2 is lost.
server04,Critical,Tue Apr 15 2014 15:22:31,Power supply redundancy is lost.
server04,Normal,Tue Apr 15 2014 15:27:40,The input power for power supply 2 has been restored.
server04,Normal,Tue Apr 15 2014 15:27:50,The power supplies are redundant.
server04,Warning,Mon Apr 21 2014 06:48:00,The system inlet temperature is greater than the upper warning threshold.
server04,Critical,Mon Apr 21 2014 07:10:50,The system inlet temperature is greater than the upper critical threshold.
server04,Warning,Mon Apr 21 2014 11:33:16,The temperature for power supply 2 is in a warning range.
server04,Warning,Mon Apr 21 2014 12:10:40,The temperature for power supply 1 is in a warning range.
server04,Normal,Mon Apr 21 2014 12:17:07,Power supply 1 is operating normally.
server04,Normal,Mon Apr 21 2014 12:22:03,Power supply 2 is operating normally.
server04,Warning,System Boot,The system inlet temperature is greater than the upper warning threshold.
server04,Critical,System Boot,The system inlet temperature is greater than the upper critical threshold.
server04,Critical,Mon Apr 21 2014 12:57:03,The power input for power supply 2 is lost.
server04,Critical,Mon Apr 21 2014 12:57:03,Power supply redundancy is lost.
server04,Warning,Mon Apr 21 2014 13:02:11,The system inlet temperature is greater than the upper warning threshold.
server04,Critical,Mon Apr 21 2014 13:02:11,The system inlet temperature is greater than the upper critical threshold.
server04,Critical,Mon Apr 21 2014 13:02:12,The power input for power supply 1 is lost.
server04,Critical,Mon Apr 21 2014 13:02:14,Power supply redundancy is lost.
server04,Warning,Mon Apr 21 2014 13:41:56,The system inlet temperature is greater than the upper warning threshold.
server04,Normal,Mon Apr 21 2014 13:59:38,The system inlet temperature is within range.
server04,Critical,Tue Apr 22 2014 23:27:09,Power supply redundancy is lost.
server04,Critical,Tue Apr 22 2014 23:27:14,The power input for power supply 1 is lost.
server04,Critical,Mon Apr 28 2014 22:26:37,The power input for power supply 1 is lost.
server04,Critical,Mon Apr 28 2014 22:26:38,Power supply redundancy is lost.
server04,Normal,Mon Apr 28 2014 22:58:55,The input power for power supply 1 has been restored.
server04,Normal,Mon Apr 28 2014 22:59:01,The power supplies are redundant.
server04,Critical,Thu May 01 2014 00:29:59,The power input for power supply 1 is lost.
server04,Critical,Thu May 01 2014 00:30:01,Power supply redundancy is lost.
server04,Critical,Mon May 05 2014 18:38:50,Power supply redundancy is lost.
server04,Critical,Mon May 05 2014 18:38:54,The power input for power supply 1 is lost.
server04,Critical,Mon May 05 2014 22:46:36,The power input for power supply 1 is lost.
server04,Critical,Mon May 05 2014 22:46:38,Power supply redundancy is lost.
server04,Warning,Mon Sep 15 2014 18:17:04,The system inlet temperature is greater than the upper warning threshold.
server04,Critical,Mon Sep 15 2014 18:45:18,The system inlet temperature is greater than the upper critical threshold.
server04,Warning,Mon Sep 15 2014 18:47:35,The system inlet temperature is greater than the upper warning threshold.
server04,Critical,Mon Sep 15 2014 18:48:57,The system inlet temperature is greater than the upper critical threshold.
server04,Warning,Mon Sep 15 2014 19:15:54,The system inlet temperature is greater than the upper warning threshold.
server04,Critical,Mon Sep 15 2014 19:16:40,The system inlet temperature is greater than the upper critical threshold.
server04,Warning,Mon Sep 15 2014 19:25:17,The system inlet temperature is greater than the upper warning threshold.
server04,Normal,Mon Sep 15 2014 19:27:41,The system inlet temperature is within range.
server04,Warning,Mon Sep 15 2014 19:30:11,The system inlet temperature is greater than the upper warning threshold.
server04,Normal,Mon Sep 15 2014 19:41:11,The system inlet temperature is within range.
server04,Warning,Mon Sep 15 2014 19:52:17,The system inlet temperature is greater than the upper warning threshold.
server04,Normal,Mon Sep 15 2014 20:10:06,The system inlet temperature is within range.
server04,Warning,Mon Sep 15 2014 20:19:21,The system inlet temperature is greater than the upper warning threshold.
server04,Normal,Mon Sep 15 2014 20:25:32,The system inlet temperature is within range.
server04,Warning,Sun Nov 09 2014 20:33:44,The system inlet temperature is greater than the upper warning threshold.
server04,Normal,Sun Nov 09 2014 20:35:07,The system inlet temperature is within range.
server04,Warning,Sun Nov 09 2014 20:37:18,The system inlet temperature is greater than the upper warning threshold.
server04,Critical,Sun Nov 09 2014 21:19:59,The system inlet temperature is greater than the upper critical threshold.
server04,Warning,Mon Nov 24 2014 03:12:22,The system inlet temperature is greater than the upper warning threshold.
server04,Critical,Mon Nov 24 2014 03:31:19,The system inlet temperature is greater than the upper critical threshold.
server04,Critical,Mon Nov 24 2014 03:54:48,The power input for power supply 1 is lost.
server04,Critical,Mon Nov 24 2014 03:54:49,Power supply redundancy is lost.
server04,Warning,Mon Nov 24 2014 04:13:30,The system inlet temperature is greater than the upper warning threshold.
server04,Normal,Mon Nov 24 2014 04:20:43,The system inlet temperature is within range.
server04,Normal,Mon Nov 24 2014 12:36:11,The input power for power supply 1 has been restored.
server04,Normal,Mon Nov 24 2014 12:36:22,The power supplies are redundant.
server04,Warning,Tue Feb 03 2015 01:04:01,The system inlet temperature is greater than the upper warning threshold.
server04,Critical,Tue Feb 03 2015 01:24:04,The system inlet temperature is greater than the upper critical threshold.
server04,Critical,Tue Feb 03 2015 13:03:43,Power supply redundancy is lost.
server04,Critical,Tue Feb 03 2015 13:03:43,The power input for power supply 2 is lost.
server04,Normal,Tue Feb 03 2015 13:04:01,The input power for power supply 2 has been restored.
server04,Normal,Tue Feb 03 2015 13:04:07,The power supplies are redundant.
server04,Warning,Sat Mar 14 2015 22:16:44,The system inlet temperature is greater than the upper warning threshold.
server04,Critical,Sat Mar 14 2015 22:34:12,The system inlet temperature is greater than the upper critical threshold.
server04,Critical,Sat Mar 14 2015 23:24:10,Power supply redundancy is lost.
server04,Critical,Sat Mar 14 2015 23:24:10,The power input for power supply 2 is lost.
server04,Warning,Fri Jun 05 2015 20:45:04,The system inlet temperature is greater than the upper warning threshold.
server04,Normal,Fri Jun 05 2015 21:18:52,The system inlet temperature is within range.
server04,Warning,Fri Jun 05 2015 21:20:21,The system inlet temperature is greater than the upper warning threshold.
server04,Normal,Fri Jun 05 2015 21:33:29,The system inlet temperature is within range.
server04,Warning,Thu Aug 27 2015 11:22:02,The system inlet temperature is greater than the upper warning threshold.
server04,Critical,Thu Aug 27 2015 11:43:56,The system inlet temperature is greater than the upper critical threshold.
server04,Warning,Thu Aug 27 2015 12:26:14,The system inlet temperature is greater than the upper warning threshold.
server04,Normal,Thu Aug 27 2015 12:34:47,The system inlet temperature is within range.
server04,Warning,Mon Oct 05 2015 19:10:36,The system inlet temperature is greater than the upper warning threshold.
server04,Normal,Mon Oct 05 2015 19:29:38,The system inlet temperature is within range.
server04,Warning,Sun Nov 20 2016 11:19:48,The system inlet temperature is greater than the upper warning threshold.
server04,Critical,Sun Nov 20 2016 11:40:01,The system inlet temperature is greater than the upper critical threshold.
server04,Warning,Sun Nov 20 2016 11:59:57,The system inlet temperature is greater than the upper warning threshold.
server04,Critical,Sun Nov 20 2016 12:00:06,The system inlet temperature is greater than the upper critical threshold.
server04,Warning,Sun Nov 20 2016 12:07:23,The system inlet temperature is greater than the upper warning threshold.
server04,Normal,Sun Nov 20 2016 12:10:44,The system inlet temperature is within range.
server04,Warning,Mon Nov 21 2016 09:31:57,The system inlet temperature is greater than the upper warning threshold.
server04,Critical,Mon Nov 21 2016 09:53:04,The system inlet temperature is greater than the upper critical threshold.
server04,Warning,Mon Nov 21 2016 09:54:21,The system inlet temperature is greater than the upper warning threshold.
server04,Critical,Mon Nov 21 2016 09:57:34,The system inlet temperature is greater than the upper critical threshold.
server04,Warning,Mon Nov 21 2016 10:02:51,The system inlet temperature is greater than the upper warning threshold.
server04,Normal,Mon Nov 21 2016 10:05:44,The system inlet temperature is within range.
server04,Critical,Fri May 05 2017 04:55:03,Fault detected on drive 1 in disk drive bay 1.
server04,Critical,Sun Jul 23 2017 18:59:51,Fault detected on drive 1 in disk drive bay 1.
server04,Warning,Mon Aug 28 2017 18:08:29,The system inlet temperature is greater than the upper warning threshold.
server04,Critical,Mon Aug 28 2017 18:38:18,The system inlet temperature is greater than the upper critical threshold.
server04,Warning,Mon Aug 28 2017 18:52:05,The system inlet temperature is greater than the upper warning threshold.
server04,Normal,Mon Aug 28 2017 18:59:01,The system inlet temperature is within range.
server04,Critical,Tue Aug 29 2017 22:27:43,The power input for power supply 1 is lost.
server04,Critical,Tue Aug 29 2017 22:27:44,Power supply redundancy is lost.
server04,Critical,Tue Aug 29 2017 22:28:29,Fault detected on drive 1 in disk drive bay 1.
server04,Warning,Fri Sep 08 2017 21:35:03,The system inlet temperature is greater than the upper warning threshold.
server04,Normal,Sat Sep 09 2017 02:44:49,The system inlet temperature is within range.
server04,Warning,Sat Sep 09 2017 14:23:28,The system inlet temperature is greater than the upper warning threshold.
server04,Normal,Sat Sep 09 2017 20:23:58,The system inlet temperature is within range.
server04,Warning,Sun Sep 10 2017 19:20:29,The system inlet temperature is greater than the upper warning threshold.
server04,Critical,Mon Sep 11 2017 12:07:34,The system inlet temperature is greater than the upper critical threshold.
server04,Warning,Mon Sep 11 2017 12:10:10,The system inlet temperature is greater than the upper warning threshold.
server04,Critical,Mon Sep 11 2017 12:12:42,The system inlet temperature is greater than the upper critical threshold.
server04,Warning,Mon Sep 11 2017 12:27:01,The system inlet temperature is greater than the upper warning threshold.
server04,Normal,Mon Sep 11 2017 12:32:29,The system inlet temperature is within range.
server04,Normal,Mon Sep 11 2017 15:21:16,Drive 1 in disk drive bay 1 is operating normally.
server04,Critical,Mon Sep 11 2017 15:22:24,Fault detected on drive 1 in disk drive bay 1.
server04,Critical,Mon Sep 18 2017 22:11:44,The power input for power supply 1 is lost.
server04,Critical,Mon Sep 18 2017 22:11:46,Power supply redundancy is lost.
server04,Critical,Mon Sep 18 2017 22:12:21,Fault detected on drive 1 in disk drive bay 1.
server04,Critical,Thu Sep 21 2017 19:15:17,The system board PS2 PG Fail voltage is outside of range.
server04,Critical,Thu Sep 21 2017 19:15:19,An under voltage fault detected on power supply 2.
server04,Critical,Thu Sep 21 2017 19:15:24,Power supply redundancy is lost.
server04,Critical,Thu Sep 21 2017 19:15:36,Fault detected on drive 1 in disk drive bay 1.
server04,Critical,Wed Nov 08 2017 20:09:35,The system board PS2 PG Fail voltage is outside of range.
server04,Normal,Wed Nov 08 2017 20:09:40,The system board PS2 PG Fail voltage is within range.
server04,Critical,Wed Nov 08 2017 20:09:41,Fault detected on drive 1 in disk drive bay 1.
server04,Normal,Wed Nov 08 2017 20:09:51,The power supplies are redundant.
server04,Normal,Wed Nov 08 2017 20:48:28,Drive 1 in disk drive bay 1 is operating normally.
server04,Critical,Wed Nov 08 2017 20:48:31,The system board PS2 PG Fail voltage is outside of range.
server04,Critical,Wed Nov 08 2017 20:48:34,An under voltage fault detected on power supply 2.
server04,Critical,Wed Nov 08 2017 20:48:37,Power supply redundancy is lost.
server04,Critical,Wed Nov 08 2017 20:49:43,Fault detected on drive 1 in disk drive bay 1.
server04,Normal,Wed Nov 08 2017 20:59:36,The system board PS2 PG Fail voltage is within range.
server04,Normal,Wed Nov 08 2017 20:59:53,Drive 1 in disk drive bay 1 is operating normally.
server04,Critical,Wed Nov 08 2017 21:01:08,Fault detected on drive 1 in disk drive bay 1.
server04,Critical,Thu Nov 09 2017 22:11:03,The system board PS2 PG Fail voltage is outside of range.
server04,Critical,Thu Nov 09 2017 22:11:04,An under voltage fault detected on power supply 2.
server04,Critical,Thu Nov 09 2017 22:11:08,Power supply redundancy is lost.
server04,Critical,Thu Nov 09 2017 22:12:10,Fault detected on drive 1 in disk drive bay 1.
server04,Critical,Sun Dec 17 2017 15:13:15,The system board PS2 PG Fail voltage is outside of range.
server04,Critical,Sun Dec 17 2017 15:13:15,An under voltage fault detected on power supply 2.
server04,Critical,Sun Dec 17 2017 15:13:21,Power supply redundancy is lost.
server04,Critical,Sun Dec 17 2017 15:13:33,Fault detected on drive 1 in disk drive bay 1.
server04,Critical,Wed Dec 20 2017 14:09:25,The system board PS2 PG Fail voltage is outside of range.
server04,Critical,Wed Dec 20 2017 14:09:35,An under voltage fault detected on power supply 2.
server04,Critical,Wed Dec 20 2017 14:09:39,Power supply redundancy is lost.
server04,Critical,Wed Dec 20 2017 14:10:15,Fault detected on drive 1 in disk drive bay 1.
server04,Normal,Wed Dec 20 2017 19:01:47,The system board PS2 PG Fail voltage is within range.
server04,Normal,Wed Dec 20 2017 19:01:59,Drive 1 in disk drive bay 1 is operating normally.
server04,Critical,Wed Dec 20 2017 19:03:20,Fault detected on drive 1 in disk drive bay 1.
server04,Critical,Thu Dec 21 2017 12:20:22,The system board PS2 PG Fail voltage is outside of range.
server04,Critical,Thu Dec 21 2017 12:20:23,An under voltage fault detected on power supply 2.
server04,Critical,Thu Dec 21 2017 12:20:32,Power supply redundancy is lost.
server04,Critical,Thu Dec 21 2017 12:21:18,Fault detected on drive 1 in disk drive bay 1.
server04,Critical,Thu Dec 21 2017 12:27:23,The system board PS2 PG Fail voltage is outside of range.
server04,Critical,Thu Dec 21 2017 12:27:26,An under voltage fault detected on power supply 2.
server04,Critical,Thu Dec 21 2017 12:27:29,Power supply redundancy is lost.
server04,Critical,Thu Dec 21 2017 12:28:31,Fault detected on drive 1 in disk drive bay 1.
server04,Critical,Thu Dec 21 2017 13:17:37,The power input for power supply 1 is lost.
server04,Normal,Thu Dec 21 2017 13:17:38,The system board PS2 PG Fail voltage is within range.
server04,Normal,Thu Dec 21 2017 13:17:55,Drive 1 in disk drive bay 1 is operating normally.
server04,Normal,Thu Dec 21 2017 13:18:58,The input power for power supply 1 has been restored.
server04,Critical,Thu Dec 21 2017 13:19:15,Fault detected on drive 1 in disk drive bay 1.
server04,Critical,Thu Dec 21 2017 13:19:55,The power input for power supply 2 is lost.
server04,Normal,Thu Dec 21 2017 13:21:06,The input power for power supply 2 has been restored.
server04,Critical,Tue Dec 26 2017 14:21:04,Fault detected on drive 1 in disk drive bay 1.
server04,Normal,Tue Dec 26 2017 14:22:25,Drive 1 in disk drive bay 1 is operating normally.
server04,Critical,Tue Dec 26 2017 14:23:35,Fault detected on drive 1 in disk drive bay 1.
server04,Critical,Tue Dec 26 2017 14:25:01,Drive 1 is removed from disk drive bay 1.
server04,Normal,Tue Dec 26 2017 14:25:02,Drive 1 in disk drive bay 1 is operating normally.
server04,Normal,Tue Dec 26 2017 14:48:32,Drive 1 is installed in disk drive bay 1.
server04,Critical,Tue Dec 26 2017 15:08:13,Fault detected on drive 1 in disk drive bay 1.
server04,Critical,Wed Dec 27 2017 13:15:45,Drive 1 is removed from disk drive bay 1.
server04,Normal,Wed Dec 27 2017 13:15:45,Drive 1 in disk drive bay 1 is operating normally.
server04,Normal,Wed Dec 27 2017 13:17:47,Drive 1 is installed in disk drive bay 1.
server04,Critical,Sun Dec 31 2017 12:13:52,Fault detected on drive 7 in disk drive bay 1.
server04,Critical,Thu Mar 15 2018 14:49:44,Drive 7 is removed from disk drive bay 1.
server04,Normal,Thu Mar 15 2018 14:49:44,Drive 7 in disk drive bay 1 is operating normally.
server04,Normal,Thu Mar 15 2018 14:52:49,Drive 7 is installed in disk drive bay 1.
server04,Critical,Sun May 20 2018 17:26:29,The power input for power supply 1 is lost.
server04,Critical,Sun May 20 2018 17:26:31,Power supply redundancy is lost.
server04,Normal,Mon May 21 2018 12:46:21,The input power for power supply 1 has been restored.
server04,Normal,Mon May 21 2018 12:46:28,The power supplies are redundant.
server04,Critical,Wed Jun 06 2018 13:49:24,Power supply redundancy is lost.
server04,Critical,Wed Jun 06 2018 13:49:27,The power input for power supply 1 is lost.
server04,Normal,Wed Jun 06 2018 15:50:17,The input power for power supply 1 has been restored.
server04,Normal,Wed Jun 06 2018 15:50:30,The power supplies are redundant.
server04,Critical,Wed Jun 06 2018 16:05:41,The power input for power supply 1 is lost.
server04,Critical,Wed Jun 06 2018 16:05:43,Power supply redundancy is lost.
server04,Normal,Wed Jun 06 2018 16:10:43,The input power for power supply 1 has been restored.
server04,Normal,Wed Jun 06 2018 16:10:51,The power supplies are redundant.
server04,Critical,Fri May 03 2019 14:24:05,Power supply redundancy is lost.
server04,Critical,Fri May 03 2019 14:24:09,The power input for power supply 1 is lost.
server04,Normal,Sat May 04 2019 14:39:31,The input power for power supply 1 has been restored.
server04,Normal,Sat May 04 2019 14:39:37,The power supplies are redundant.
server04,Critical,Mon May 06 2019 17:16:31,The power input for power supply 1 is lost.
server04,Critical,Tue May 21 2019 13:29:52,The power input for power supply 2 is lost.
server04,Critical,Tue May 21 2019 13:29:53,Power supply redundancy is lost.
server04,Normal,Tue May 21 2019 19:58:58,The input power for power supply 2 has been restored.
server04,Normal,Tue May 21 2019 19:59:04,The power supplies are redundant.
server04,Critical,Sun Jul 28 2019 06:37:10,Power supply redundancy is lost.
server04,Critical,Sun Jul 28 2019 06:37:13,The power input for power supply 1 is lost.
server04,Normal,Sun Jul 28 2019 07:10:42,The power supplies are redundant.
