Server,Severity,Date/Time,Description
server28,Normal,Fri Dec 20 2013 13:47:25,Log cleared.
server28,Critical,Mon Mar 31 2014 16:17:34,The power input for power supply 2 is lost.
server28,Critical,Mon Mar 31 2014 16:17:44,Power supply redundancy is lost.
server28,Critical,Mon Mar 31 2014 19:09:28,The power input for power supply 2 is lost.
server28,Critical,Mon Mar 31 2014 19:09:39,Power supply redundancy is lost.
server28,Critical,Mon Apr 07 2014 21:45:09,Power supply redundancy is lost.
server28,Critical,Mon Apr 07 2014 21:45:09,The power input for power supply 2 is lost.
server28,Critical,Mon Apr 14 2014 10:49:08,Power supply redundancy is lost.
server28,Critical,Mon Apr 14 2014 10:49:08,The power input for power supply 2 is lost.
server28,Critical,Tue Apr 15 2014 16:24:17,The power input for power supply 1 is lost.
server28,Critical,Tue Apr 15 2014 16:24:19,Power supply redundancy is lost.
server28,Critical,Tue Apr 15 2014 18:13:03,The power input for power supply 1 is lost.
server28,Critical,Tue Apr 15 2014 18:13:05,Power supply redundancy is lost.
server28,Critical,Tue Apr 15 2014 22:23:04,The power input for power supply 1 is lost.
server28,Critical,Tue Apr 15 2014 22:23:06,Power supply redundancy is lost.
server28,Normal,Fri Apr 18 2014 19:03:02,The input power for power supply 1 has been restored.
server28,Normal,Fri Apr 18 2014 19:03:03,The power supplies are redundant.
server28,Critical,Fri Apr 18 2014 19:04:57,The power input for power supply 1 is lost.
server28,Critical,Fri Apr 18 2014 19:04:58,Power supply redundancy is lost.
server28,Warning,Mon Apr 21 2014 06:55:56,The system inlet temperature is greater than the upper warning threshold.
server28,Critical,Mon Apr 21 2014 07:17:46,The system inlet temperature is greater than the upper critical threshold.
server28,Warning,System Boot,The system inlet temperature is greater than the upper warning threshold.
server28,Critical,System Boot,The system inlet temperature is greater than the upper critical threshold.
server28,Critical,Mon Apr 21 2014 12:57:03,Power supply redundancy is lost.
server28,Critical,Mon Apr 21 2014 12:57:07,The power input for power supply 1 is lost.
server28,Warning,Mon Apr 21 2014 13:19:38,The system inlet temperature is greater than the upper warning threshold.
server28,Normal,Mon Apr 21 2014 13:30:26,The system inlet temperature is within range.
server28,Critical,Tue Apr 22 2014 19:23:31,The power input for power supply 1 is lost.
server28,Critical,Tue Apr 22 2014 19:23:38,Power supply redundancy is lost.
server28,Critical,Mon Apr 28 2014 22:26:48,Power supply redundancy is lost.
server28,Critical,Mon Apr 28 2014 22:26:52,The power input for power supply 1 is lost.
server28,Critical,System Boot,Power supply redundancy is lost.
server28,Critical,System Boot,The power input for power supply 1 is lost.
server28,Critical,Thu Jul 10 2014 20:55:34,The power input for power supply 1 is lost.
server28,Critical,Thu Jul 10 2014 20:55:35,Power supply redundancy is lost.
server28,Critical,Sat Aug 02 2014 01:23:42,The power input for power supply 1 is lost.
server28,Critical,Sat Aug 02 2014 01:23:43,Power supply redundancy is lost.
server28,Critical,Fri Aug 08 2014 20:30:45,Power supply redundancy is lost.
server28,Critical,Fri Aug 08 2014 20:30:49,The power input for power supply 1 is lost.
server28,Critical,Tue Aug 19 2014 15:46:50,Power supply redundancy is lost.
server28,Critical,Tue Aug 19 2014 15:46:54,The power input for power supply 1 is lost.
server28,Warning,Mon Sep 15 2014 17:53:13,The system inlet temperature is greater than the upper warning threshold.
server28,Critical,Mon Sep 15 2014 18:10:01,The system inlet temperature is greater than the upper critical threshold.
server28,Warning,Mon Sep 15 2014 18:23:37,The system inlet temperature is greater than the upper warning threshold.
server28,Normal,Mon Sep 15 2014 18:25:25,The system inlet temperature is within range.
server28,Warning,Mon Sep 15 2014 18:33:05,The system inlet temperature is greater than the upper warning threshold.
server28,Normal,Mon Sep 15 2014 19:08:47,The system inlet temperature is within range.
server28,Normal,Fri Sep 26 2014 21:09:56,The input power for power supply 1 has been restored.
server28,Normal,Fri Sep 26 2014 21:10:08,The power supplies are redundant.
server28,Critical,Fri Sep 26 2014 21:29:13,The power input for power supply 1 is lost.
server28,Critical,Fri Sep 26 2014 21:29:14,Power supply redundancy is lost.
server28,Normal,Fri Sep 26 2014 21:29:33,The input power for power supply 1 has been restored.
server28,Normal,Fri Sep 26 2014 21:29:44,The power supplies are redundant.
server28,Critical,Sun Oct 19 2014 21:03:49,The system board PS2 PG Fail voltage is outside of range.
server28,Critical,Sun Oct 19 2014 21:03:49,Power supply redundancy is lost.
server28,Critical,Sun Oct 19 2014 21:03:49,Power supply 2 is incorrectly configured.
server28,Warning,Sun Nov 09 2014 20:03:21,The system inlet temperature is greater than the upper warning threshold.
server28,Critical,Sun Nov 09 2014 20:22:28,The system inlet temperature is greater than the upper critical threshold.
server28,Critical,Sun Nov 09 2014 21:21:03,The power input for power supply 1 is lost.
server28,Critical,Sun Nov 09 2014 21:21:06,Power supply redundancy is lost.
server28,Warning,Mon Nov 24 2014 02:58:57,The system inlet temperature is greater than the upper warning threshold.
server28,Critical,Mon Nov 24 2014 03:14:05,The system inlet temperature is greater than the upper critical threshold.
server28,Critical,Mon Nov 24 2014 03:54:43,The power input for power supply 2 is lost.
server28,Critical,Mon Nov 24 2014 03:54:43,Power supply redundancy is lost.
server28,Warning,Mon Nov 24 2014 03:59:39,The system inlet temperature is greater than the upper warning threshold.
server28,Normal,Mon Nov 24 2014 04:01:33,The system inlet temperature is within range.
server28,Normal,Mon Nov 24 2014 12:36:06,The input power for power supply 2 has been restored.
server28,Normal,Mon Nov 24 2014 12:36:12,The power supplies are redundant.
server28,Warning,Tue Feb 03 2015 00:49:49,The system inlet temperature is greater than the upper warning threshold.
server28,Critical,Tue Feb 03 2015 01:02:52,The system inlet temperature is greater than the upper critical threshold.
server28,Warning,Sat Mar 14 2015 22:02:53,The system inlet temperature is greater than the upper warning threshold.
server28,Critical,Sat Mar 14 2015 22:17:42,The system inlet temperature is greater than the upper critical threshold.
server28,Critical,Sat Mar 14 2015 23:23:52,Power supply redundancy is lost.
server28,Critical,Sat Mar 14 2015 23:23:55,The power input for power supply 1 is lost.
server28,Warning,Fri Jun 05 2015 20:30:13,The system inlet temperature is greater than the upper warning threshold.
server28,Critical,Fri Jun 05 2015 20:47:35,The system inlet temperature is greater than the upper critical threshold.
server28,Warning,Fri Jun 05 2015 21:06:31,The system inlet temperature is greater than the upper warning threshold.
server28,Normal,Fri Jun 05 2015 21:07:59,The system inlet temperature is within range.
server28,Critical,Fri Jun 19 2015 20:22:30,The PERC1 battery has failed.
server28,Normal,Fri Jun 19 2015 20:24:40,The PERC1 battery is operating normally.
server28,Warning,Thu Aug 27 2015 11:12:41,The system inlet temperature is greater than the upper warning threshold.
server28,Critical,Thu Aug 27 2015 11:34:06,The system inlet temperature is greater than the upper critical threshold.
server28,Warning,Thu Aug 27 2015 12:10:54,The system inlet temperature is greater than the upper warning threshold.
server28,Normal,Thu Aug 27 2015 12:13:31,The system inlet temperature is within range.
server28,Warning,Sat Sep 03 2016 12:13:39,The system inlet temperature is greater than the upper warning threshold.
server28,Normal,Sat Sep 03 2016 12:22:34,The system inlet temperature is within range.
server28,Critical,Thu Oct 20 2016 09:05:33,The PERC1 battery has failed.
server28,Normal,Thu Oct 20 2016 09:06:38,The PERC1 battery is operating normally.
server28,Warning,Sun Oct 23 2016 18:12:07,The system inlet temperature is greater than the upper warning threshold.
server28,Normal,Sun Oct 23 2016 18:13:27,The system inlet temperature is within range.
server28,Warning,Mon Oct 31 2016 05:27:50,The system inlet temperature is greater than the upper warning threshold.
server28,Normal,Mon Oct 31 2016 05:43:24,The system inlet temperature is within range.
server28,Warning,Mon Oct 31 2016 05:44:07,The system inlet temperature is greater than the upper warning threshold.
server28,Normal,Mon Oct 31 2016 05:44:56,The system inlet temperature is within range.
server28,Warning,Sat Nov 12 2016 14:25:44,The system inlet temperature is greater than the upper warning threshold.
server28,Normal,Sat Nov 12 2016 14:30:47,The system inlet temperature is within range.
server28,Warning,Sun Nov 20 2016 11:05:32,The system inlet temperature is greater than the upper warning threshold.
server28,Critical,Sun Nov 20 2016 11:21:43,The system inlet temperature is greater than the upper critical threshold.
server28,Warning,Sun Nov 20 2016 12:05:23,The system inlet temperature is greater than the upper warning threshold.
server28,Critical,Sun Nov 20 2016 12:05:28,The system inlet temperature is greater than the upper critical threshold.
server28,Warning,Sun Nov 20 2016 12:05:44,The system inlet temperature is greater than the upper warning threshold.
server28,Normal,Sun Nov 20 2016 12:07:18,The system inlet temperature is within range.
server28,Warning,Sun Nov 20 2016 12:07:31,The system inlet temperature is greater than the upper warning threshold.
server28,Normal,Sun Nov 20 2016 12:07:37,The system inlet temperature is within range.
server28,Warning,Sun Nov 20 2016 12:08:32,The system inlet temperature is greater than the upper warning threshold.
server28,Normal,Sun Nov 20 2016 12:08:38,The system inlet temperature is within range.
server28,Warning,Sun Nov 20 2016 12:08:56,The system inlet temperature is greater than the upper warning threshold.
server28,Normal,Sun Nov 20 2016 12:09:17,The system inlet temperature is within range.
server28,Warning,Mon Nov 21 2016 09:15:22,The system inlet temperature is greater than the upper warning threshold.
server28,Critical,Mon Nov 21 2016 09:35:42,The system inlet temperature is greater than the upper critical threshold.
server28,Warning,Mon Nov 21 2016 09:57:17,The system inlet temperature is greater than the upper warning threshold.
server28,Critical,Mon Nov 21 2016 09:57:33,The system inlet temperature is greater than the upper critical threshold.
server28,Warning,Mon Nov 21 2016 09:58:07,The system inlet temperature is greater than the upper warning threshold.
server28,Critical,Mon Nov 21 2016 09:58:33,The system inlet temperature is greater than the upper critical threshold.
server28,Warning,Mon Nov 21 2016 09:59:45,The system inlet temperature is greater than the upper warning threshold.
server28,Normal,Mon Nov 21 2016 10:02:36,The system inlet temperature is within range.
server28,Critical,Wed Jan 18 2017 10:03:52,The PERC1 battery has failed.
server28,Normal,Wed Jan 18 2017 10:04:57,The PERC1 battery is operating normally.
server28,Critical,Tue Apr 18 2017 13:23:52,The PERC1 battery has failed.
server28,Normal,Tue Apr 18 2017 13:26:03,The PERC1 battery is operating normally.
server28,Warning,Mon Aug 28 2017 17:50:12,The system inlet temperature is greater than the upper warning threshold.
server28,Critical,Mon Aug 28 2017 18:07:30,The system inlet temperature is greater than the upper critical threshold.
server28,Warning,Mon Aug 28 2017 18:40:44,The system inlet temperature is greater than the upper warning threshold.
server28,Normal,Mon Aug 28 2017 18:44:29,The system inlet temperature is within range.
server28,Warning,Mon Aug 28 2017 18:48:05,The system inlet temperature is greater than the upper warning threshold.
server28,Normal,Mon Aug 28 2017 18:50:13,The system inlet temperature is within range.
server28,Critical,System Boot,Power supply redundancy is lost.
server28,Critical,System Boot,The power input for power supply 2 is lost.
server28,Warning,Sun Sep 10 2017 20:25:38,The system inlet temperature is greater than the upper warning threshold.
server28,Normal,Mon Sep 11 2017 06:25:50,The system inlet temperature is within range.
server28,Warning,Mon Sep 11 2017 10:58:23,The system inlet temperature is greater than the upper warning threshold.
server28,Normal,Mon Sep 11 2017 11:58:08,The system inlet temperature is within range.
server28,Warning,Mon Sep 11 2017 11:59:02,The system inlet temperature is greater than the upper warning threshold.
server28,Normal,Mon Sep 11 2017 11:59:39,The system inlet temperature is within range.
server28,Warning,Mon Sep 11 2017 12:01:57,The system inlet temperature is greater than the upper warning threshold.
server28,Normal,Mon Sep 11 2017 12:08:41,The system inlet temperature is within range.
server28,Warning,Mon Sep 11 2017 12:09:57,The system inlet temperature is greater than the upper warning threshold.
server28,Normal,Mon Sep 11 2017 12:12:16,The system inlet temperature is within range.
server28,Warning,Mon Sep 11 2017 12:14:42,The system inlet temperature is greater than the upper warning threshold.
server28,Normal,Mon Sep 11 2017 12:15:53,The system inlet temperature is within range.
server28,Critical,Mon Sep 18 2017 22:11:54,Power supply redundancy is lost.
server28,Critical,Mon Sep 18 2017 22:11:56,The power input for power supply 2 is lost.
server28,Critical,Sun Oct 15 2017 20:46:57,The PERC1 battery has failed.
server28,Normal,Sun Oct 15 2017 20:48:02,The PERC1 battery is operating normally.
server28,Critical,Sat Dec 16 2017 10:08:10,The power input for power supply 2 is lost.
server28,Critical,Sat Dec 16 2017 10:08:10,Power supply redundancy is lost.
server28,Critical,Sat Jan 13 2018 23:00:18,The PERC1 battery has failed.
server28,Normal,Sat Jan 13 2018 23:01:23,The PERC1 battery is operating normally.
server28,Critical,Wed Mar 07 2018 21:04:01,Fault detected on drive 1 in disk drive bay 1.
server28,Critical,Mon Apr 16 2018 11:29:27,Fault detected on drive 1 in disk drive bay 1.
server28,Critical,Sun May 20 2018 17:26:19,The power input for power supply 2 is lost.
server28,Critical,Sun May 20 2018 17:26:19,Power supply redundancy is lost.
server28,Normal,Mon May 21 2018 12:46:10,The input power for power supply 2 has been restored.
server28,Normal,Mon May 21 2018 12:46:21,The power supplies are redundant.
server28,Critical,Mon May 21 2018 16:47:32,Fault detected on drive 1 in disk drive bay 1.
server28,Critical,Wed May 30 2018 13:08:47,Drive 1 is removed from disk drive bay 1.
server28,Normal,Wed May 30 2018 13:08:47,Drive 1 in disk drive bay 1 is operating normally.
server28,Normal,Wed May 30 2018 13:11:00,Drive 1 is installed in disk drive bay 1.
server28,Critical,Wed Jun 06 2018 13:48:58,The power input for power supply 2 is lost.
server28,Critical,Wed Jun 06 2018 13:48:59,Power supply redundancy is lost.
server28,Normal,Wed Jun 06 2018 15:49:51,The input power for power supply 2 has been restored.
server28,Normal,Wed Jun 06 2018 15:49:56,The power supplies are redundant.
server28,Critical,Wed Jun 06 2018 16:05:12,The power input for power supply 2 is lost.
server28,Critical,Wed Jun 06 2018 16:05:13,Power supply redundancy is lost.
server28,Normal,Wed Jun 06 2018 16:10:13,The input power for power supply 2 has been restored.
server28,Normal,Wed Jun 06 2018 16:10:24,The power supplies are redundant.
server28,Critical,Fri May 03 2019 14:34:29,Power supply redundancy is lost.
server28,Critical,Fri May 03 2019 14:34:33,The power input for power supply 1 is lost.
server28,Normal,Sat May 04 2019 14:47:26,The input power for power supply 1 has been restored.
server28,Normal,Sat May 04 2019 14:47:32,The power supplies are redundant.
server28,Critical,Mon May 06 2019 17:23:24,The power input for power supply 1 is lost.
server28,Critical,Mon May 06 2019 17:23:25,Power supply redundancy is lost.
server28,Critical,Tue May 21 2019 13:36:44,The power input for power supply 2 is lost.
server28,Critical,Tue May 21 2019 13:36:45,Power supply redundancy is lost.
server28,Normal,Tue May 21 2019 20:05:50,The input power for power supply 2 has been restored.
server28,Normal,Tue May 21 2019 20:05:55,The power supplies are redundant.
server28,Critical,Sun Jul 28 2019 06:44:01,Power supply redundancy is lost.
server28,Critical,Sun Jul 28 2019 06:44:04,The power input for power supply 1 is lost.
