"Normal","Fri Dec 20 2013 14:49:31","Log cleared."
"Critical","Fri Feb 14 2014 00:45:10","Power supply redundancy is lost."
"Critical","Fri Feb 14 2014 00:45:14","The power input for power supply 1 is lost."
"Critical","Fri Feb 14 2014 00:49:59","Power supply redundancy is lost."
"Critical","Fri Feb 14 2014 00:50:03","The power input for power supply 1 is lost."
"Critical","Mon Mar 31 2014 16:18:39","The power input for power supply 2 is lost."
"Critical","Mon Mar 31 2014 16:18:45","Power supply redundancy is lost."
"Critical","Mon Mar 31 2014 18:10:45","The power input for power supply 2 is lost."
"Critical","Mon Mar 31 2014 18:10:46","Power supply redundancy is lost."
"Critical","Mon Apr 07 2014 21:46:01","Power supply redundancy is lost."
"Critical","Mon Apr 07 2014 21:46:01","The power input for power supply 2 is lost."
"Critical","Mon Apr 14 2014 10:50:34","Power supply redundancy is lost."
"Critical","Mon Apr 14 2014 10:50:34","The power input for power supply 2 is lost."
"Critical","Tue Apr 15 2014 18:13:02","The power input for power supply 1 is lost."
"Critical","Tue Apr 15 2014 18:13:04","Power supply redundancy is lost."
"Normal","Fri Apr 18 2014 19:03:15","The input power for power supply 1 has been restored."
"Normal","Fri Apr 18 2014 19:03:16","The power supplies are redundant."
"Critical","Fri Apr 18 2014 19:58:40","Power supply 1 is incorrectly configured."
"Critical","Fri Apr 18 2014 16:21:26","Power supply 1 is incorrectly configured."
"Warning","Mon Apr 21 2014 03:08:18","The system inlet temperature is greater than the upper warning threshold."
"Critical","Mon Apr 21 2014 03:33:12","The system inlet temperature is greater than the upper critical threshold."
"Warning","System Boot","The system inlet temperature is greater than the upper warning threshold."
"Critical","System Boot","The system inlet temperature is greater than the upper critical threshold."
"Warning","System Boot","The system inlet temperature is greater than the upper warning threshold."
"Normal","System Boot","The system inlet temperature is within range."
"Warning","Mon Sep 15 2014 18:32:49","The system inlet temperature is greater than the upper warning threshold."
"Critical","Mon Sep 15 2014 18:50:57","The system inlet temperature is greater than the upper critical threshold."
"Warning","Mon Sep 15 2014 19:25:09","The system inlet temperature is greater than the upper warning threshold."
"Normal","Mon Sep 15 2014 19:27:14","The system inlet temperature is within range."
"Critical","Sun Oct 19 2014 21:01:54","The power input for power supply 2 is lost."
"Critical","Sun Oct 19 2014 21:01:54","Power supply redundancy is lost."
"Normal","Sun Oct 19 2014 21:02:00","The input power for power supply 2 has been restored."
"Critical","Sun Oct 19 2014 21:02:21","The system board PS2 PG Fail voltage is outside of range."
"Critical","Sun Oct 19 2014 21:02:25","Power supply 2 is incorrectly configured."
"Warning","Sun Nov 09 2014 20:51:52","The system inlet temperature is greater than the upper warning threshold."
"Normal","Sun Nov 09 2014 20:53:29","The system inlet temperature is within range."
"Warning","Sun Nov 09 2014 20:53:49","The system inlet temperature is greater than the upper warning threshold."
"Critical","Sun Nov 09 2014 21:21:03","The power input for power supply 1 is lost."
"Critical","Sun Nov 09 2014 21:21:05","Power supply redundancy is lost."
"Normal","Sun Nov 09 2014 21:21:29","The system inlet temperature is within range."
"Warning","Mon Nov 24 2014 03:20:34","The system inlet temperature is greater than the upper warning threshold."
"Critical","Mon Nov 24 2014 03:41:23","The system inlet temperature is greater than the upper critical threshold."
"Critical","Mon Nov 24 2014 03:54:39","Power supply redundancy is lost."
"Critical","Mon Nov 24 2014 03:54:40","The power input for power supply 2 is lost."
"Warning","Mon Nov 24 2014 04:02:42","The system inlet temperature is greater than the upper warning threshold."
"Normal","Mon Nov 24 2014 04:07:39","The system inlet temperature is within range."
"Normal","Mon Nov 24 2014 12:36:06","The input power for power supply 2 has been restored."
"Normal","Mon Nov 24 2014 12:36:11","The power supplies are redundant."
"Warning","Tue Feb 03 2015 01:12:51","The system inlet temperature is greater than the upper warning threshold."
"Critical","Tue Feb 03 2015 01:34:33","The system inlet temperature is greater than the upper critical threshold."
"Warning","Sat Mar 14 2015 22:22:16","The system inlet temperature is greater than the upper warning threshold."
"Critical","Sat Mar 14 2015 22:41:05","The system inlet temperature is greater than the upper critical threshold."
"Critical","Sat Mar 14 2015 23:23:56","The power input for power supply 1 is lost."
"Critical","Sat Mar 14 2015 23:23:58","Power supply redundancy is lost."
"Warning","Fri Jun 05 2015 21:02:54","The system inlet temperature is greater than the upper warning threshold."
"Normal","Fri Jun 05 2015 21:04:42","The system inlet temperature is within range."
"Warning","Fri Jun 05 2015 21:05:22","The system inlet temperature is greater than the upper warning threshold."
"Normal","Fri Jun 05 2015 21:05:54","The system inlet temperature is within range."
"Warning","Fri Jun 05 2015 21:07:02","The system inlet temperature is greater than the upper warning threshold."
"Normal","Fri Jun 05 2015 21:08:45","The system inlet temperature is within range."
"Warning","Thu Aug 27 2015 11:31:59","The system inlet temperature is greater than the upper warning threshold."
"Critical","Thu Aug 27 2015 11:58:16","The system inlet temperature is greater than the upper critical threshold."
"Warning","Thu Aug 27 2015 12:12:44","The system inlet temperature is greater than the upper warning threshold."
"Normal","Thu Aug 27 2015 12:25:31","The system inlet temperature is within range."
"Critical","Thu Jun 02 2016 16:51:36","Power supply redundancy is lost."
"Critical","Thu Jun 02 2016 16:51:37","The power input for power supply 2 is lost."
"Critical","Tue Sep 20 2016 13:13:00","Power supply redundancy is lost."
"Critical","Tue Sep 20 2016 13:13:00","The power input for power supply 2 is lost."
"Critical","Tue Sep 20 2016 13:13:10","Power supply 2 is absent."
"Normal","Tue Sep 20 2016 13:13:41","Power supply 2 is present."
"Critical","Tue Sep 20 2016 13:13:41","The power input for power supply 2 is lost."
"Normal","Tue Sep 20 2016 13:14:01","The input power for power supply 2 has been restored."
"Normal","Tue Sep 20 2016 13:14:11","The power supplies are redundant."
"Warning","Sun Nov 20 2016 11:38:02","The system inlet temperature is greater than the upper warning threshold."
"Critical","Sun Nov 20 2016 11:59:39","The system inlet temperature is greater than the upper critical threshold."
"Warning","Sun Nov 20 2016 12:06:50","The system inlet temperature is greater than the upper warning threshold."
"Normal","Sun Nov 20 2016 12:10:57","The system inlet temperature is within range."
"Warning","Mon Nov 21 2016 09:49:50","The system inlet temperature is greater than the upper warning threshold."
"Normal","Mon Nov 21 2016 10:05:10","The system inlet temperature is within range."
"Critical","Mon Aug 14 2017 09:03:45","Fault detected on drive 3 in disk drive bay 1."
"Normal","Mon Aug 28 2017 14:58:08","Drive 3 in disk drive bay 1 is operating normally."
"Critical","Mon Aug 28 2017 14:59:18","Fault detected on drive 3 in disk drive bay 1."
"Warning","Mon Aug 28 2017 18:18:01","The system inlet temperature is greater than the upper warning threshold."
"Critical","Mon Aug 28 2017 18:45:30","The system inlet temperature is greater than the upper critical threshold."
"Warning","Mon Aug 28 2017 18:59:04","The system inlet temperature is greater than the upper warning threshold."
"Normal","Mon Aug 28 2017 19:01:03","The system inlet temperature is within range."
"Warning","Mon Aug 28 2017 19:02:35","The system inlet temperature is greater than the upper warning threshold."
"Normal","Mon Aug 28 2017 19:04:27","The system inlet temperature is within range."
"Critical","Tue Aug 29 2017 22:27:21","Power supply redundancy is lost."
"Critical","Tue Aug 29 2017 22:27:21","The power input for power supply 2 is lost."
"Critical","Tue Aug 29 2017 22:28:17","Fault detected on drive 3 in disk drive bay 1."
"Warning","Sun Sep 10 2017 22:15:37","The system inlet temperature is greater than the upper warning threshold."
"Normal","Mon Sep 11 2017 04:03:46","The system inlet temperature is within range."
"Warning","Mon Sep 11 2017 11:38:29","The system inlet temperature is greater than the upper warning threshold."
"Normal","Mon Sep 11 2017 12:34:47","The system inlet temperature is within range."
"Critical","Mon Sep 18 2017 22:12:03","The power input for power supply 2 is lost."
"Critical","Mon Sep 18 2017 22:12:04","Power supply redundancy is lost."
"Critical","Mon Sep 18 2017 22:12:43","Fault detected on drive 3 in disk drive bay 1."
"Critical","Thu Sep 21 2017 19:15:36","Fault detected on drive 3 in disk drive bay 1."
"Critical","Sat Dec 16 2017 10:07:46","The power input for power supply 2 is lost."
"Critical","Sat Dec 16 2017 10:07:46","Power supply redundancy is lost."
"Critical","Sun Dec 17 2017 15:13:48","Fault detected on drive 3 in disk drive bay 1."
"Critical","Tue Jan 16 2018 12:41:24","Fault detected on drive 4 in disk drive bay 1."
"Critical","Mon Feb 19 2018 15:20:20","Fault detected on drive 3 in disk drive bay 1."
"Critical","Mon Feb 19 2018 15:20:22","Fault detected on drive 4 in disk drive bay 1."
"Normal","Mon Feb 19 2018 15:20:30","The power supplies are redundant."
"Normal","Mon Feb 19 2018 15:57:34","Drive 4 in disk drive bay 1 is operating normally."
"Normal","Mon Feb 19 2018 16:03:32","Drive 3 in disk drive bay 1 is operating normally."
"Critical","Mon Feb 19 2018 16:04:47","Fault detected on drive 3 in disk drive bay 1."
"Normal","Mon Feb 19 2018 16:19:22","Drive 3 in disk drive bay 1 is operating normally."
"Critical","Mon Feb 19 2018 16:20:33","Fault detected on drive 3 in disk drive bay 1."
"Critical","Tue Feb 20 2018 13:05:45","Drive 3 is removed from disk drive bay 1."
"Normal","Tue Feb 20 2018 13:05:45","Drive 3 in disk drive bay 1 is operating normally."
"Normal","Tue Feb 20 2018 13:09:50","Drive 3 is installed in disk drive bay 1."
"Critical","Tue Feb 20 2018 14:20:07","Drive 4 is removed from disk drive bay 1."
"Normal","Tue Feb 20 2018 14:23:27","Drive 4 is installed in disk drive bay 1."
"Critical","Sun Mar 11 2018 20:49:44","Fault detected on drive 7 in disk drive bay 1."
"Critical","Mon Apr 16 2018 11:31:33","Fault detected on drive 7 in disk drive bay 1."
"Critical","Sun May 20 2018 17:28:26","The power input for power supply 2 is lost."
"Critical","Sun May 20 2018 17:28:26","Power supply redundancy is lost."
"Normal","Mon May 21 2018 12:48:15","The input power for power supply 2 has been restored."
"Normal","Mon May 21 2018 12:48:26","The power supplies are redundant."
"Critical","Mon May 21 2018 16:50:01","Fault detected on drive 7 in disk drive bay 1."
"Critical","Wed May 30 2018 13:07:24","Drive 7 is removed from disk drive bay 1."
"Normal","Wed May 30 2018 13:07:24","Drive 7 in disk drive bay 1 is operating normally."
"Normal","Wed May 30 2018 13:09:52","Drive 7 is installed in disk drive bay 1."
"Critical","Wed Jun 06 2018 13:51:30","The power input for power supply 2 is lost."
"Critical","Wed Jun 06 2018 13:51:31","Power supply redundancy is lost."
"Normal","Wed Jun 06 2018 15:52:22","The input power for power supply 2 has been restored."
"Normal","Wed Jun 06 2018 15:52:27","The power supplies are redundant."
"Critical","Wed Jun 06 2018 16:07:41","The power input for power supply 2 is lost."
"Critical","Wed Jun 06 2018 16:07:41","Power supply redundancy is lost."
"Normal","Wed Jun 06 2018 16:12:48","The input power for power supply 2 has been restored."
"Normal","Wed Jun 06 2018 16:12:53","The power supplies are redundant."
"Critical","Tue Feb 05 2019 18:36:19","Fault detected on drive 6 in disk drive bay 1."
"Critical","Wed Mar 13 2019 20:33:28","Drive 6 is removed from disk drive bay 1."
"Normal","Wed Mar 13 2019 20:33:28","Drive 6 in disk drive bay 1 is operating normally."
"Normal","Wed Mar 13 2019 20:37:17","Drive 6 is installed in disk drive bay 1."
"Critical","Fri May 03 2019 14:35:03","The power input for power supply 1 is lost."
"Critical","Fri May 03 2019 14:35:04","Power supply redundancy is lost."
"Normal","Sat May 04 2019 14:50:53","The input power for power supply 1 has been restored."
"Normal","Sat May 04 2019 14:51:01","The power supplies are redundant."
"Critical","Mon May 06 2019 17:26:48","Power supply redundancy is lost."
"Critical","Tue May 21 2019 13:40:06","Power supply redundancy is lost."
"Critical","Tue May 21 2019 13:40:11","The power input for power supply 2 is lost."
"Normal","Tue May 21 2019 20:09:09","The input power for power supply 2 has been restored."
"Normal","Tue May 21 2019 20:09:20","The power supplies are redundant."
"Critical","Thu Jul 25 2019 23:51:24","The system board PS1 PG Fail voltage is outside of range."
"Normal","Thu Jul 25 2019 23:51:30","The system board PS1 PG Fail voltage is within range."
"Critical","Fri Jul 26 2019 00:54:06","The system board PS1 PG Fail voltage is outside of range."
"Normal","Fri Jul 26 2019 00:54:12","The system board PS1 PG Fail voltage is within range."
"Critical","Fri Jul 26 2019 01:06:20","The system board PS1 PG Fail voltage is outside of range."
"Normal","Fri Jul 26 2019 01:06:25","The system board PS1 PG Fail voltage is within range."
"Critical","Fri Jul 26 2019 01:26:02","The system board PS1 PG Fail voltage is outside of range."
"Normal","Fri Jul 26 2019 01:26:07","The system board PS1 PG Fail voltage is within range."
"Critical","Fri Jul 26 2019 01:53:17","The system board PS1 PG Fail voltage is outside of range."
"Normal","Fri Jul 26 2019 01:53:22","The system board PS1 PG Fail voltage is within range."
"Critical","Fri Jul 26 2019 02:18:04","The system board PS1 PG Fail voltage is outside of range."
"Normal","Fri Jul 26 2019 02:18:09","The system board PS1 PG Fail voltage is within range."
"Critical","Fri Jul 26 2019 02:40:19","The system board PS1 PG Fail voltage is outside of range."
"Normal","Fri Jul 26 2019 02:40:24","The system board PS1 PG Fail voltage is within range."
"Critical","Fri Jul 26 2019 03:01:26","An over current fault detected on power supply 1."
"Critical","Fri Jul 26 2019 03:01:31","Power supply redundancy is lost."
"Critical","Fri Jul 26 2019 03:11:02","The system board PS1 PG Fail voltage is outside of range."
"Normal","Fri Jul 26 2019 03:11:08","The system board PS1 PG Fail voltage is within range."
"Critical","Fri Jul 26 2019 03:41:05","The system board PS1 PG Fail voltage is outside of range."
"Normal","Fri Jul 26 2019 03:41:11","The system board PS1 PG Fail voltage is within range."
"Critical","Fri Jul 26 2019 03:53:24","The system board PS1 PG Fail voltage is outside of range."
"Normal","Fri Jul 26 2019 03:53:30","The system board PS1 PG Fail voltage is within range."
"Critical","Fri Jul 26 2019 04:04:07","The system board PS1 PG Fail voltage is outside of range."
"Normal","Fri Jul 26 2019 04:04:13","The system board PS1 PG Fail voltage is within range."
"Critical","Fri Jul 26 2019 11:20:56","The system board PS1 PG Fail voltage is outside of range."
"Normal","Fri Jul 26 2019 11:21:01","The system board PS1 PG Fail voltage is within range."
"Critical","Fri Jul 26 2019 11:25:43","The system board PS1 PG Fail voltage is outside of range."
"Normal","Fri Jul 26 2019 11:25:49","The system board PS1 PG Fail voltage is within range."
"Critical","Fri Jul 26 2019 11:32:41","The system board PS1 PG Fail voltage is outside of range."
"Normal","Fri Jul 26 2019 11:32:47","The system board PS1 PG Fail voltage is within range."
"Critical","Fri Jul 26 2019 11:44:35","The system board PS1 PG Fail voltage is outside of range."
"Normal","Fri Jul 26 2019 11:44:40","The system board PS1 PG Fail voltage is within range."
"Critical","Fri Jul 26 2019 14:23:25","The system board PS1 PG Fail voltage is outside of range."
"Normal","Fri Jul 26 2019 14:23:30","The system board PS1 PG Fail voltage is within range."
"Critical","Fri Jul 26 2019 14:35:19","The system board PS1 PG Fail voltage is outside of range."
"Normal","Fri Jul 26 2019 14:35:25","The system board PS1 PG Fail voltage is within range."
"Critical","Fri Jul 26 2019 14:48:35","The system board PS1 PG Fail voltage is outside of range."
"Normal","Fri Jul 26 2019 14:48:40","The system board PS1 PG Fail voltage is within range."
"Critical","Fri Jul 26 2019 14:50:11","The system board PS1 PG Fail voltage is outside of range."
"Normal","Fri Jul 26 2019 14:50:16","The system board PS1 PG Fail voltage is within range."
"Critical","Fri Jul 26 2019 15:06:21","The system board PS1 PG Fail voltage is outside of range."
"Normal","Fri Jul 26 2019 15:06:26","The system board PS1 PG Fail voltage is within range."
"Critical","Fri Jul 26 2019 15:16:34","The system board PS1 PG Fail voltage is outside of range."
"Normal","Fri Jul 26 2019 15:16:39","The system board PS1 PG Fail voltage is within range."
"Critical","Fri Jul 26 2019 15:23:36","The system board PS1 PG Fail voltage is outside of range."
"Normal","Fri Jul 26 2019 15:23:42","The system board PS1 PG Fail voltage is within range."
"Critical","Sun Jul 28 2019 06:47:53","The power input for power supply 1 is lost."
"Critical","Sun Jul 28 2019 09:07:27","An over voltage fault detected on power supply 1."
"Critical","Sun Jul 28 2019 09:07:28","Power supply redundancy is lost."
"Critical","Sun Jul 28 2019 16:35:32","The power input for power supply 1 is lost."
"Normal","Sun Jul 28 2019 16:35:57","Power supply 1 is operating normally."
"Normal","Sun Jul 28 2019 16:36:52","The input power for power supply 1 has been restored."
"Critical","Sun Jul 28 2019 16:36:55","The system board PS1 PG Fail voltage is outside of range."
"Normal","Sun Jul 28 2019 16:37:00","The system board PS1 PG Fail voltage is within range."
"Normal","Sun Jul 28 2019 16:37:04","The power supplies are redundant."
"Critical","Sun Jul 28 2019 17:05:53","An over voltage fault detected on power supply 1."
"Critical","Sun Jul 28 2019 17:05:56","Power supply redundancy is lost."
"Critical","Tue Jul 30 2019 14:31:35","The system board PS1 PG Fail voltage is outside of range."
"Normal","Tue Jul 30 2019 14:31:40","The system board PS1 PG Fail voltage is within range."
"Critical","Tue Jul 30 2019 14:57:17","The system board PS1 PG Fail voltage is outside of range."
"Normal","Tue Jul 30 2019 14:57:22","The system board PS1 PG Fail voltage is within range."
"Critical","Tue Jul 30 2019 16:58:40","The system board PS1 PG Fail voltage is outside of range."
"Normal","Tue Jul 30 2019 16:58:45","The system board PS1 PG Fail voltage is within range."
"Critical","Tue Jul 30 2019 17:27:54","The system board PS1 PG Fail voltage is outside of range."
"Normal","Tue Jul 30 2019 17:27:59","The system board PS1 PG Fail voltage is within range."
"Critical","Wed Jul 31 2019 03:09:04","The system board PS1 PG Fail voltage is outside of range."
"Normal","Wed Jul 31 2019 03:09:10","The system board PS1 PG Fail voltage is within range."
"Critical","Wed Jul 31 2019 03:40:34","The system board PS1 PG Fail voltage is outside of range."
"Normal","Wed Jul 31 2019 03:40:39","The system board PS1 PG Fail voltage is within range."
"Critical","Wed Jul 31 2019 04:00:45","The system board PS1 PG Fail voltage is outside of range."
"Normal","Wed Jul 31 2019 04:00:51","The system board PS1 PG Fail voltage is within range."
"Critical","Wed Jul 31 2019 04:34:05","The system board PS1 PG Fail voltage is outside of range."
"Normal","Wed Jul 31 2019 04:34:10","The system board PS1 PG Fail voltage is within range."
"Critical","Wed Jul 31 2019 05:21:57","The system board PS1 PG Fail voltage is outside of range."
"Normal","Wed Jul 31 2019 05:22:03","The system board PS1 PG Fail voltage is within range."
"Critical","Wed Jul 31 2019 07:38:46","The system board PS1 PG Fail voltage is outside of range."
"Normal","Wed Jul 31 2019 07:38:51","The system board PS1 PG Fail voltage is within range."
"Critical","Fri Aug 02 2019 20:24:58","The system board PS1 PG Fail voltage is outside of range."
"Normal","Fri Aug 02 2019 20:25:03","The system board PS1 PG Fail voltage is within range."
"Critical","Sat Aug 03 2019 11:57:42","The system board PS1 PG Fail voltage is outside of range."
"Normal","Sat Aug 03 2019 11:57:47","The system board PS1 PG Fail voltage is within range."
"Critical","Mon Aug 05 2019 06:26:12","The system board PS1 PG Fail voltage is outside of range."
"Normal","Mon Aug 05 2019 06:26:17","The system board PS1 PG Fail voltage is within range."
"Critical","Wed Aug 07 2019 10:31:32","The system board PS1 PG Fail voltage is outside of range."
"Normal","Wed Aug 07 2019 10:31:37","The system board PS1 PG Fail voltage is within range."
"Critical","Sat Aug 10 2019 04:29:23","The system board PS1 PG Fail voltage is outside of range."
"Normal","Sat Aug 10 2019 04:29:28","The system board PS1 PG Fail voltage is within range."
"Critical","Sat Aug 10 2019 16:29:31","The system board PS1 PG Fail voltage is outside of range."
"Normal","Sat Aug 10 2019 16:29:36","The system board PS1 PG Fail voltage is within range."
"Critical","Mon Aug 12 2019 11:15:06","The system board PS1 PG Fail voltage is outside of range."
"Normal","Mon Aug 12 2019 11:15:11","The system board PS1 PG Fail voltage is within range."
"Critical","Mon Aug 12 2019 11:39:28","The system board PS1 PG Fail voltage is outside of range."
"Normal","Mon Aug 12 2019 11:39:33","The system board PS1 PG Fail voltage is within range."
"Critical","Mon Aug 12 2019 11:58:39","The system board PS1 PG Fail voltage is outside of range."
"Normal","Mon Aug 12 2019 11:58:44","The system board PS1 PG Fail voltage is within range."
"Critical","Mon Aug 12 2019 13:09:54","The system board PS1 PG Fail voltage is outside of range."
"Normal","Mon Aug 12 2019 13:09:59","The system board PS1 PG Fail voltage is within range."
"Critical","Mon Aug 12 2019 13:12:40","The system board PS1 PG Fail voltage is outside of range."
"Normal","Mon Aug 12 2019 13:12:45","The system board PS1 PG Fail voltage is within range."
"Critical","Fri Aug 16 2019 20:40:23","The power input for power supply 1 is lost."
"Critical","Fri Aug 16 2019 20:40:23","Power supply 1 is absent."
"Critical","Fri Aug 16 2019 20:40:24","Power supply redundancy is lost."
"Normal","Fri Aug 16 2019 20:42:09","Power supply 1 is present."
"Normal","Fri Aug 16 2019 20:42:29","The input power for power supply 1 has been restored."
"Normal","Fri Aug 16 2019 20:42:35","The power supplies are redundant."
