Server,Severity,Date/Time,Description
server27,Normal,Fri Dec 20 2013 15:27:18,Log cleared.
server27,Critical,Fri Feb 14 2014 00:44:54,The power input for power supply 1 is lost.
server27,Critical,Fri Feb 14 2014 00:44:56,Power supply redundancy is lost.
server27,Critical,Fri Feb 14 2014 00:50:04,The power input for power supply 1 is lost.
server27,Critical,Fri Feb 14 2014 00:50:06,Power supply redundancy is lost.
server27,Critical,Mon Mar 31 2014 16:18:42,The power input for power supply 2 is lost.
server27,Critical,Mon Mar 31 2014 16:18:47,Power supply redundancy is lost.
server27,Critical,Mon Mar 31 2014 19:10:31,The power input for power supply 2 is lost.
server27,Critical,Mon Mar 31 2014 19:10:43,Power supply redundancy is lost.
server27,Critical,Fri Apr 11 2014 13:06:02,Power supply redundancy is lost.
server27,Critical,Fri Apr 11 2014 13:06:12,The power input for power supply 2 is lost.
server27,Critical,Mon Apr 14 2014 10:50:32,Power supply redundancy is lost.
server27,Critical,Mon Apr 14 2014 10:50:33,The power input for power supply 2 is lost.
server27,Critical,Tue Apr 15 2014 18:13:03,The power input for power supply 1 is lost.
server27,Critical,Tue Apr 15 2014 18:13:04,Power supply redundancy is lost.
server27,Normal,Fri Apr 18 2014 19:03:10,The input power for power supply 1 has been restored.
server27,Normal,Fri Apr 18 2014 19:03:12,The power supplies are redundant.
server27,Critical,Fri Apr 18 2014 19:04:27,Power supply redundancy is lost.
server27,Critical,Fri Apr 18 2014 19:04:30,The power input for power supply 1 is lost.
server27,Warning,Mon Apr 21 2014 06:48:31,The system inlet temperature is greater than the upper warning threshold.
server27,Critical,Mon Apr 21 2014 07:09:38,The system inlet temperature is greater than the upper critical threshold.
server27,Critical,Mon Apr 21 2014 09:58:29,The PERC1 battery has failed.
server27,Normal,Mon Apr 21 2014 10:00:44,The PERC1 battery is operating normally.
server27,Warning,Mon Apr 21 2014 10:24:35,The temperature for power supply 2 is in a warning range.
server27,Normal,Mon Apr 21 2014 12:36:30,Power supply 2 is operating normally.
server27,Warning,System Boot,The system inlet temperature is greater than the upper warning threshold.
server27,Critical,System Boot,The system inlet temperature is greater than the upper critical threshold.
server27,Critical,Mon Apr 21 2014 12:57:08,The power input for power supply 1 is lost.
server27,Critical,Mon Apr 21 2014 12:57:10,Power supply redundancy is lost.
server27,Warning,Mon Apr 21 2014 13:21:47,The system inlet temperature is greater than the upper warning threshold.
server27,Normal,Mon Apr 21 2014 13:35:14,The system inlet temperature is within range.
server27,Critical,Tue Apr 22 2014 23:40:10,The power input for power supply 1 is lost.
server27,Critical,Tue Apr 22 2014 23:40:11,Power supply redundancy is lost.
server27,Critical,Mon Apr 28 2014 22:26:51,Power supply redundancy is lost.
server27,Critical,Mon Apr 28 2014 22:27:00,The power input for power supply 1 is lost.
server27,Critical,Wed May 14 2014 15:31:33,Power supply redundancy is lost.
server27,Critical,Wed May 14 2014 15:31:42,The power input for power supply 1 is lost.
server27,Critical,Thu Jul 10 2014 20:55:46,Power supply redundancy is lost.
server27,Critical,Thu Jul 10 2014 20:55:50,The power input for power supply 1 is lost.
server27,Critical,Sat Aug 02 2014 01:24:06,The power input for power supply 1 is lost.
server27,Critical,Sat Aug 02 2014 01:24:09,Power supply redundancy is lost.
server27,Critical,Fri Aug 08 2014 20:30:26,The power input for power supply 1 is lost.
server27,Critical,Fri Aug 08 2014 20:30:28,Power supply redundancy is lost.
server27,Critical,Tue Aug 19 2014 15:46:59,The power input for power supply 1 is lost.
server27,Critical,Tue Aug 19 2014 15:47:00,Power supply redundancy is lost.
server27,Warning,Mon Sep 15 2014 18:01:16,The system inlet temperature is greater than the upper warning threshold.
server27,Critical,Mon Sep 15 2014 18:22:57,The system inlet temperature is greater than the upper critical threshold.
server27,Warning,Mon Sep 15 2014 18:23:08,The system inlet temperature is greater than the upper warning threshold.
server27,Normal,Mon Sep 15 2014 18:24:07,The system inlet temperature is within range.
server27,Warning,Mon Sep 15 2014 18:32:41,The system inlet temperature is greater than the upper warning threshold.
server27,Critical,Mon Sep 15 2014 18:46:21,The system inlet temperature is greater than the upper critical threshold.
server27,Warning,Mon Sep 15 2014 18:47:06,The system inlet temperature is greater than the upper warning threshold.
server27,Critical,Mon Sep 15 2014 18:49:27,The system inlet temperature is greater than the upper critical threshold.
server27,Warning,Mon Sep 15 2014 19:10:37,The system inlet temperature is greater than the upper warning threshold.
server27,Normal,Mon Sep 15 2014 19:21:28,The system inlet temperature is within range.
server27,Normal,Fri Sep 26 2014 21:09:57,The input power for power supply 1 has been restored.
server27,Normal,Fri Sep 26 2014 21:10:03,The power supplies are redundant.
server27,Critical,Fri Sep 26 2014 21:29:08,The power input for power supply 1 is lost.
server27,Critical,Fri Sep 26 2014 21:29:09,Power supply redundancy is lost.
server27,Normal,Fri Sep 26 2014 21:29:28,The input power for power supply 1 has been restored.
server27,Normal,Fri Sep 26 2014 21:29:39,The power supplies are redundant.
server27,Critical,Sun Oct 19 2014 21:03:51,The system board PS2 PG Fail voltage is outside of range.
server27,Critical,Sun Oct 19 2014 21:03:51,Power supply 2 is incorrectly configured.
server27,Critical,Sun Oct 19 2014 21:03:53,Power supply redundancy is lost.
server27,Warning,Sun Nov 09 2014 20:13:05,The system inlet temperature is greater than the upper warning threshold.
server27,Critical,Sun Nov 09 2014 20:40:37,The system inlet temperature is greater than the upper critical threshold.
server27,Warning,Sun Nov 09 2014 20:42:32,The system inlet temperature is greater than the upper warning threshold.
server27,Critical,Sun Nov 09 2014 20:42:58,The system inlet temperature is greater than the upper critical threshold.
server27,Critical,Sun Nov 09 2014 21:20:57,The power input for power supply 1 is lost.
server27,Critical,Sun Nov 09 2014 21:20:59,Power supply redundancy is lost.
server27,Warning,Mon Nov 24 2014 03:05:23,The system inlet temperature is greater than the upper warning threshold.
server27,Critical,Mon Nov 24 2014 03:23:52,The system inlet temperature is greater than the upper critical threshold.
server27,Critical,Mon Nov 24 2014 03:54:36,The power input for power supply 2 is lost.
server27,Critical,Mon Nov 24 2014 03:54:37,Power supply redundancy is lost.
server27,Warning,Mon Nov 24 2014 04:00:11,The system inlet temperature is greater than the upper warning threshold.
server27,Normal,Mon Nov 24 2014 04:03:37,The system inlet temperature is within range.
server27,Normal,Mon Nov 24 2014 12:36:01,The input power for power supply 2 has been restored.
server27,Normal,Mon Nov 24 2014 12:36:06,The power supplies are redundant.
server27,Warning,Tue Feb 03 2015 00:56:38,The system inlet temperature is greater than the upper warning threshold.
server27,Critical,Tue Feb 03 2015 01:13:41,The system inlet temperature is greater than the upper critical threshold.
server27,Warning,Tue Feb 03 2015 01:15:09,The system inlet temperature is greater than the upper warning threshold.
server27,Critical,Tue Feb 03 2015 01:15:46,The system inlet temperature is greater than the upper critical threshold.
server27,Warning,Sat Mar 14 2015 22:08:09,The system inlet temperature is greater than the upper warning threshold.
server27,Normal,Sat Mar 14 2015 22:09:01,The system inlet temperature is within range.
server27,Warning,Sat Mar 14 2015 22:09:55,The system inlet temperature is greater than the upper warning threshold.
server27,Critical,Sat Mar 14 2015 22:27:18,The system inlet temperature is greater than the upper critical threshold.
server27,Critical,Sat Mar 14 2015 23:23:38,Power supply redundancy is lost.
server27,Critical,Sat Mar 14 2015 23:23:42,The power input for power supply 1 is lost.
server27,Warning,Fri Jun 05 2015 20:38:22,The system inlet temperature is greater than the upper warning threshold.
server27,Critical,Fri Jun 05 2015 21:03:09,The system inlet temperature is greater than the upper critical threshold.
server27,Warning,Fri Jun 05 2015 21:03:44,The system inlet temperature is greater than the upper warning threshold.
server27,Critical,Fri Jun 05 2015 21:05:23,The system inlet temperature is greater than the upper critical threshold.
server27,Warning,Fri Jun 05 2015 21:05:48,The system inlet temperature is greater than the upper warning threshold.
server27,Normal,Fri Jun 05 2015 21:07:43,The system inlet temperature is within range.
server27,Warning,Thu Aug 27 2015 11:22:59,The system inlet temperature is greater than the upper warning threshold.
server27,Critical,Thu Aug 27 2015 11:49:03,The system inlet temperature is greater than the upper critical threshold.
server27,Warning,Thu Aug 27 2015 12:10:57,The system inlet temperature is greater than the upper warning threshold.
server27,Normal,Thu Aug 27 2015 12:12:50,The system inlet temperature is within range.
server27,Warning,Thu Aug 27 2015 12:13:01,The system inlet temperature is greater than the upper warning threshold.
server27,Normal,Thu Aug 27 2015 12:14:56,The system inlet temperature is within range.
server27,Critical,Sun Sep 25 2016 13:22:29,The power input for power supply 2 is lost.
server27,Critical,Sun Sep 25 2016 13:22:29,Power supply redundancy is lost.
server27,Normal,Sun Sep 25 2016 13:24:58,The input power for power supply 2 has been restored.
server27,Normal,Sun Sep 25 2016 13:25:03,The power supplies are redundant.
server27,Warning,Mon Oct 31 2016 05:40:56,The system inlet temperature is greater than the upper warning threshold.
server27,Normal,Mon Oct 31 2016 05:42:12,The system inlet temperature is within range.
server27,Warning,Sun Nov 20 2016 11:16:25,The system inlet temperature is greater than the upper warning threshold.
server27,Critical,Sun Nov 20 2016 11:36:07,The system inlet temperature is greater than the upper critical threshold.
server27,Warning,Sun Nov 20 2016 11:37:00,The system inlet temperature is greater than the upper warning threshold.
server27,Critical,Sun Nov 20 2016 11:38:03,The system inlet temperature is greater than the upper critical threshold.
server27,Warning,Sun Nov 20 2016 11:40:54,The system inlet temperature is greater than the upper warning threshold.
server27,Critical,Sun Nov 20 2016 11:41:05,The system inlet temperature is greater than the upper critical threshold.
server27,Warning,Sun Nov 20 2016 11:41:29,The system inlet temperature is greater than the upper warning threshold.
server27,Critical,Sun Nov 20 2016 11:41:57,The system inlet temperature is greater than the upper critical threshold.
server27,Warning,Sun Nov 20 2016 11:59:23,The system inlet temperature is greater than the upper warning threshold.
server27,Critical,Sun Nov 20 2016 12:03:35,The system inlet temperature is greater than the upper critical threshold.
server27,Warning,Sun Nov 20 2016 12:04:35,The system inlet temperature is greater than the upper warning threshold.
server27,Normal,Sun Nov 20 2016 12:05:00,The system inlet temperature is within range.
server27,Warning,Mon Nov 21 2016 09:24:44,The system inlet temperature is greater than the upper warning threshold.
server27,Normal,Mon Nov 21 2016 09:28:40,The system inlet temperature is within range.
server27,Warning,Mon Nov 21 2016 09:28:53,The system inlet temperature is greater than the upper warning threshold.
server27,Critical,Mon Nov 21 2016 09:47:03,The system inlet temperature is greater than the upper critical threshold.
server27,Warning,Mon Nov 21 2016 09:55:45,The system inlet temperature is greater than the upper warning threshold.
server27,Normal,Mon Nov 21 2016 09:56:05,The system inlet temperature is within range.
server27,Warning,Mon Nov 21 2016 09:58:19,The system inlet temperature is greater than the upper warning threshold.
server27,Normal,Mon Nov 21 2016 10:01:11,The system inlet temperature is within range.
server27,Warning,Mon Aug 28 2017 17:49:20,The system inlet temperature is greater than the upper warning threshold.
server27,Critical,Mon Aug 28 2017 18:06:00,The system inlet temperature is greater than the upper critical threshold.
server27,Warning,Mon Aug 28 2017 18:47:22,The system inlet temperature is greater than the upper warning threshold.
server27,Critical,Mon Aug 28 2017 18:48:05,The system inlet temperature is greater than the upper critical threshold.
server27,Warning,Mon Aug 28 2017 18:49:45,The system inlet temperature is greater than the upper warning threshold.
server27,Normal,Mon Aug 28 2017 18:54:30,The system inlet temperature is within range.
server27,Critical,Tue Aug 29 2017 22:27:43,The power input for power supply 2 is lost.
server27,Critical,Tue Aug 29 2017 22:27:45,Power supply redundancy is lost.
server27,Warning,Mon Sep 11 2017 11:57:45,The system inlet temperature is greater than the upper warning threshold.
server27,Normal,Mon Sep 11 2017 12:00:41,The system inlet temperature is within range.
server27,Warning,Mon Sep 11 2017 12:06:57,The system inlet temperature is greater than the upper warning threshold.
server27,Normal,Mon Sep 11 2017 12:23:16,The system inlet temperature is within range.
server27,Warning,Mon Sep 11 2017 12:24:48,The system inlet temperature is greater than the upper warning threshold.
server27,Normal,Mon Sep 11 2017 12:28:22,The system inlet temperature is within range.
server27,Critical,Mon Sep 18 2017 22:12:05,The power input for power supply 2 is lost.
server27,Critical,Mon Sep 18 2017 22:12:05,Power supply redundancy is lost.
server27,Critical,Sat Dec 16 2017 10:07:10,The power input for power supply 2 is lost.
server27,Critical,Sat Dec 16 2017 10:07:10,Power supply redundancy is lost.
server27,Critical,Sun May 20 2018 17:26:03,The power input for power supply 2 is lost.
server27,Critical,Sun May 20 2018 17:26:04,Power supply redundancy is lost.
server27,Normal,Mon May 21 2018 12:45:57,The input power for power supply 2 has been restored.
server27,Normal,Mon May 21 2018 12:46:04,The power supplies are redundant.
server27,Critical,Wed Jun 06 2018 13:49:19,The power input for power supply 2 is lost.
server27,Critical,Wed Jun 06 2018 13:49:20,Power supply redundancy is lost.
server27,Normal,Wed Jun 06 2018 15:50:12,The input power for power supply 2 has been restored.
server27,Normal,Wed Jun 06 2018 15:50:18,The power supplies are redundant.
server27,Critical,Wed Jun 06 2018 16:05:31,The power input for power supply 2 is lost.
server27,Critical,Wed Jun 06 2018 16:05:31,Power supply redundancy is lost.
server27,Normal,Wed Jun 06 2018 16:10:37,The input power for power supply 2 has been restored.
server27,Normal,Wed Jun 06 2018 16:10:45,The power supplies are redundant.
server27,Critical,Fri May 03 2019 14:34:54,Power supply redundancy is lost.
server27,Critical,Fri May 03 2019 14:34:58,The power input for power supply 1 is lost.
server27,Normal,Sat May 04 2019 14:48:21,The input power for power supply 1 has been restored.
server27,Normal,Sat May 04 2019 14:48:27,The power supplies are redundant.
server27,Critical,Mon May 06 2019 17:24:12,The power input for power supply 1 is lost.
server27,Critical,Mon May 06 2019 17:24:14,Power supply redundancy is lost.
server27,Critical,Tue May 21 2019 13:37:32,The power input for power supply 2 is lost.
server27,Critical,Tue May 21 2019 13:37:33,Power supply redundancy is lost.
server27,Normal,Tue May 21 2019 20:06:33,The input power for power supply 2 has been restored.
server27,Normal,Tue May 21 2019 20:06:43,The power supplies are redundant.
server27,Critical,Tue Jun 11 2019 04:03:37,The power input for power supply 1 is lost.
server27,Critical,Tue Jun 11 2019 04:03:39,Power supply redundancy is lost.
server27,Critical,Sun Jul 28 2019 06:47:47,Power supply redundancy is lost.
server27,Critical,Sun Jul 28 2019 06:47:50,The power input for power supply 1 is lost.
server27,Critical,Mon Dec 16 2019 18:18:09,Fault detected on drive 1 in disk drive bay 1.
server27,Normal,Wed Dec 18 2019 18:19:28,Drive 1 in disk drive bay 1 is operating normally.
server27,Critical,Thu Dec 19 2019 13:44:13,Drive 0 is removed from disk drive bay 1.
server27,Critical,Thu Dec 19 2019 13:44:16,Drive 1 is removed from disk drive bay 1.
server27,Critical,Thu Dec 19 2019 13:51:23,Drive 2 is removed from disk drive bay 1.
server27,Critical,Thu Dec 19 2019 13:51:27,Drive 3 is removed from disk drive bay 1.
server27,Normal,Thu Dec 19 2019 13:57:57,Drive 1 is installed in disk drive bay 1.
server27,Normal,Thu Dec 19 2019 13:58:09,Drive 0 is installed in disk drive bay 1.
server27,Critical,Thu Dec 19 2019 13:58:47,Drive 5 is removed from disk drive bay 1.
server27,Critical,Thu Dec 19 2019 13:58:49,Drive 4 is removed from disk drive bay 1.
server27,Normal,Thu Dec 19 2019 14:00:23,Drive 3 is installed in disk drive bay 1.
server27,Normal,Thu Dec 19 2019 14:00:35,Drive 2 is installed in disk drive bay 1.
server27,Critical,Thu Dec 19 2019 14:00:35,Drive 6 is removed from disk drive bay 1.
server27,Critical,Thu Dec 19 2019 14:00:38,Drive 7 is removed from disk drive bay 1.
server27,Critical,Thu Dec 19 2019 14:00:44,Drive 3 is removed from disk drive bay 1.
server27,Normal,Thu Dec 19 2019 14:00:54,Drive 3 is installed in disk drive bay 1.
server27,Normal,Thu Dec 19 2019 14:07:55,Drive 5 is installed in disk drive bay 1.
server27,Normal,Thu Dec 19 2019 14:08:12,Drive 4 is installed in disk drive bay 1.
server27,Normal,Thu Dec 19 2019 14:08:55,Drive 7 is installed in disk drive bay 1.
server27,Normal,Thu Dec 19 2019 14:09:07,Drive 6 is installed in disk drive bay 1.
