"Normal","Fri Dec 20 2013 19:43:58","Log cleared."
"Critical","Fri Feb 14 2014 01:03:43","The power input for power supply 1 is lost."
"Critical","Fri Feb 14 2014 01:12:51","The power input for power supply 1 is lost."
"Critical","Fri Feb 14 2014 01:12:58","Power supply redundancy is lost."
"Critical","Mon Mar 31 2014 16:42:03","The power input for power supply 1 is lost."
"Critical","Mon Mar 31 2014 16:42:04","Power supply redundancy is lost."
"Normal","Mon Mar 31 2014 15:46:54","The input power for power supply 1 has been restored."
"Normal","Mon Mar 31 2014 15:47:01","The power supplies are redundant."
"Critical","Mon Mar 31 2014 16:04:21","The power input for power supply 2 is lost."
"Critical","Mon Mar 31 2014 16:04:26","Power supply redundancy is lost."
"Critical","Mon Mar 31 2014 19:04:54","The power input for power supply 2 is lost."
"Critical","Mon Mar 31 2014 19:04:55","Power supply redundancy is lost."
"Critical","Mon Mar 31 2014 21:36:13","The power input for power supply 1 is lost."
"Critical","Mon Mar 31 2014 21:36:15","Power supply redundancy is lost."
"Critical","Mon Apr 07 2014 21:36:05","The power input for power supply 1 is lost."
"Critical","Mon Apr 07 2014 21:36:06","Power supply redundancy is lost."
"Critical","Mon Apr 14 2014 10:49:00","The power input for power supply 1 is lost."
"Critical","Mon Apr 14 2014 10:49:02","Power supply redundancy is lost."
"Critical","Tue Apr 15 2014 15:22:32","The power input for power supply 2 is lost."
"Critical","Tue Apr 15 2014 15:22:32","Power supply redundancy is lost."
"Normal","Tue Apr 15 2014 15:27:41","The input power for power supply 2 has been restored."
"Normal","Tue Apr 15 2014 15:27:51","The power supplies are redundant."
"Critical","Tue Apr 15 2014 15:57:02","The power input for power supply 2 is lost."
"Critical","Tue Apr 15 2014 15:57:03","Power supply redundancy is lost."
"Normal","Tue Apr 15 2014 15:57:33","The input power for power supply 2 has been restored."
"Normal","Tue Apr 15 2014 15:57:39","The power supplies are redundant."
"Warning","Mon Apr 21 2014 06:32:57","The system inlet temperature is greater than the upper warning threshold."
"Critical","Mon Apr 21 2014 06:51:46","The system inlet temperature is greater than the upper critical threshold."
"Warning","Mon Apr 21 2014 08:47:02","The temperature for power supply 2 is in a warning range."
"Critical","Mon Apr 21 2014 09:00:47","The PERC1 battery has failed."
"Warning","Mon Apr 21 2014 09:07:15","The temperature for power supply 1 is in a warning range."
"Normal","Mon Apr 21 2014 09:13:52","The PERC1 battery is operating normally."
"Critical","Mon Apr 21 2014 10:02:51","The system board PS2 PG Fail voltage is outside of range."
"Critical","Mon Apr 21 2014 10:02:53","The temperature for power supply 2 is outside of range."
"Critical","Mon Apr 21 2014 10:02:56","Power supply redundancy is lost."
"Critical","Mon Apr 21 2014 10:28:36","The system board PS1 PG Fail voltage is outside of range."
"Normal","Mon Apr 21 2014 10:28:36","Power supply 1 is operating normally."
"Normal","Mon Apr 21 2014 10:28:37","Power supply 2 is operating normally."
"Critical","Mon Apr 21 2014 10:43:41","The temperature for power supply 1 is outside of range."
"Normal","Mon Apr 21 2014 10:43:56","Power supply 1 is operating normally."
"Critical","Mon Apr 21 2014 10:48:49","The temperature for power supply 1 is outside of range."
"Normal","Mon Apr 21 2014 10:49:02","Power supply 1 is operating normally."
"Critical","Mon Apr 21 2014 10:53:56","The temperature for power supply 1 is outside of range."
"Normal","Mon Apr 21 2014 10:54:09","Power supply 1 is operating normally."
"Critical","Mon Apr 21 2014 10:59:04","The temperature for power supply 1 is outside of range."
"Normal","Mon Apr 21 2014 10:59:20","Power supply 1 is operating normally."
"Critical","Mon Apr 21 2014 11:09:19","The temperature for power supply 1 is outside of range."
"Normal","Mon Apr 21 2014 11:09:32","Power supply 1 is operating normally."
"Warning","Mon Apr 21 2014 11:11:38","A predictive failure detected on power supply 2."
"Critical","Mon Apr 21 2014 11:14:26","The temperature for power supply 1 is outside of range."
"Normal","Mon Apr 21 2014 11:14:42","Power supply 1 is operating normally."
"Normal","Mon Apr 21 2014 11:14:43","Power supply 2 is operating normally."
"Warning","Mon Apr 21 2014 11:16:23","A predictive failure detected on power supply 2."
"Critical","Mon Apr 21 2014 11:19:33","The temperature for power supply 1 is outside of range."
"Normal","Mon Apr 21 2014 11:19:48","Power supply 1 is operating normally."
"Normal","Mon Apr 21 2014 11:19:49","Power supply 2 is operating normally."
"Warning","Mon Apr 21 2014 11:20:24","A predictive failure detected on power supply 2."
"Critical","Mon Apr 21 2014 11:24:41","The temperature for power supply 1 is outside of range."
"Normal","Mon Apr 21 2014 11:24:54","Power supply 1 is operating normally."
"Normal","Mon Apr 21 2014 11:24:55","Power supply 2 is operating normally."
"Warning","Mon Apr 21 2014 11:25:25","A predictive failure detected on power supply 2."
"Critical","Mon Apr 21 2014 11:29:48","The temperature for power supply 1 is outside of range."
"Normal","Mon Apr 21 2014 11:30:04","Power supply 1 is operating normally."
"Critical","Mon Apr 21 2014 11:32:40","The temperature for power supply 1 is outside of range."
"Warning","Mon Apr 21 2014 12:56:42","The system inlet temperature is greater than the upper warning threshold."
"Critical","Mon Apr 21 2014 12:56:42","The system inlet temperature is greater than the upper critical threshold."
"Critical","Mon Apr 21 2014 12:56:45","Power supply redundancy is lost."
"Critical","Mon Apr 21 2014 12:56:45","The power input for power supply 2 is lost."
"Warning","System Boot","The system inlet temperature is greater than the upper warning threshold."
"Critical","System Boot","The system inlet temperature is greater than the upper critical threshold."
"Critical","Mon Apr 21 2014 13:02:29","The power input for power supply 1 is lost."
"Critical","Mon Apr 21 2014 13:02:30","Power supply redundancy is lost."
"Warning","Mon Apr 21 2014 13:37:38","The system inlet temperature is greater than the upper warning threshold."
"Normal","Mon Apr 21 2014 13:53:34","The system inlet temperature is within range."
"Critical","Tue Apr 22 2014 23:27:08","The power input for power supply 1 is lost."
"Critical","Tue Apr 22 2014 23:27:09","Power supply redundancy is lost."
"Critical","Mon Apr 28 2014 22:26:26","Power supply redundancy is lost."
"Critical","Mon Apr 28 2014 22:26:30","The power input for power supply 1 is lost."
"Normal","Mon Apr 28 2014 22:58:54","The input power for power supply 1 has been restored."
"Normal","Mon Apr 28 2014 22:59:00","The power supplies are redundant."
"Critical","Thu May 01 2014 00:29:57","Power supply redundancy is lost."
"Critical","Thu May 01 2014 00:30:01","The power input for power supply 1 is lost."
"Critical","Mon May 05 2014 18:38:46","The power input for power supply 1 is lost."
"Critical","Mon May 05 2014 18:38:48","Power supply redundancy is lost."
"Critical","Mon May 05 2014 22:46:30","The power input for power supply 1 is lost."
"Critical","Mon May 05 2014 22:46:31","Power supply redundancy is lost."
"Critical","Tue May 06 2014 13:27:48","The power input for power supply 1 is lost."
"Critical","Tue May 06 2014 13:27:50","Power supply redundancy is lost."
"Normal","Tue May 06 2014 13:27:59","The input power for power supply 1 has been restored."
"Normal","Tue May 06 2014 13:28:05","The power supplies are redundant."
"Critical","Tue May 06 2014 13:28:39","Power supply 1 is incorrectly configured."
"Critical","Tue May 06 2014 13:28:40","Power supply redundancy is lost."
"Critical","Tue May 06 2014 13:28:41","The system board PS1 PG Fail voltage is outside of range."
"Warning","Mon Sep 15 2014 17:54:03","The system inlet temperature is greater than the upper warning threshold."
"Critical","Mon Sep 15 2014 18:10:33","The system inlet temperature is greater than the upper critical threshold."
"Warning","Mon Sep 15 2014 18:24:10","The system inlet temperature is greater than the upper warning threshold."
"Normal","Mon Sep 15 2014 18:26:28","The system inlet temperature is within range."
"Warning","Mon Sep 15 2014 18:33:58","The system inlet temperature is greater than the upper warning threshold."
"Critical","Mon Sep 15 2014 19:05:26","The system inlet temperature is greater than the upper critical threshold."
"Warning","Mon Sep 15 2014 19:06:45","The system inlet temperature is greater than the upper warning threshold."
"Normal","Mon Sep 15 2014 19:08:52","The system inlet temperature is within range."
"Warning","Mon Sep 15 2014 19:53:10","The system inlet temperature is greater than the upper warning threshold."
"Normal","Mon Sep 15 2014 19:55:17","The system inlet temperature is within range."
"Warning","Mon Sep 15 2014 20:04:51","The system inlet temperature is greater than the upper warning threshold."
"Normal","Mon Sep 15 2014 20:07:14","The system inlet temperature is within range."
"Warning","Sun Nov 09 2014 20:02:10","The system inlet temperature is greater than the upper warning threshold."
"Critical","Sun Nov 09 2014 20:20:07","The system inlet temperature is greater than the upper critical threshold."
"Warning","Mon Nov 24 2014 02:58:22","The system inlet temperature is greater than the upper warning threshold."
"Critical","Mon Nov 24 2014 03:13:38","The system inlet temperature is greater than the upper critical threshold."
"Critical","Mon Nov 24 2014 03:54:56","The power input for power supply 1 is lost."
"Critical","Mon Nov 24 2014 03:54:57","Power supply redundancy is lost."
"Warning","Mon Nov 24 2014 03:59:51","The system inlet temperature is greater than the upper warning threshold."
"Normal","Mon Nov 24 2014 04:01:00","The system inlet temperature is within range."
"Normal","Mon Nov 24 2014 12:36:18","The input power for power supply 1 has been restored."
"Normal","Mon Nov 24 2014 12:36:25","The power supplies are redundant."
"Warning","Tue Feb 03 2015 00:50:07","The system inlet temperature is greater than the upper warning threshold."
"Critical","Tue Feb 03 2015 01:03:28","The system inlet temperature is greater than the upper critical threshold."
"Warning","Sat Mar 14 2015 22:01:36","The system inlet temperature is greater than the upper warning threshold."
"Critical","Sat Mar 14 2015 22:17:12","The system inlet temperature is greater than the upper critical threshold."
"Critical","Sat Mar 14 2015 23:24:30","The power input for power supply 2 is lost."
"Critical","Sat Mar 14 2015 23:24:30","Power supply redundancy is lost."
"Warning","Fri Jun 05 2015 20:27:22","The system inlet temperature is greater than the upper warning threshold."
"Critical","Fri Jun 05 2015 20:44:19","The system inlet temperature is greater than the upper critical threshold."
"Warning","Fri Jun 05 2015 21:06:33","The system inlet temperature is greater than the upper warning threshold."
"Normal","Fri Jun 05 2015 21:08:00","The system inlet temperature is within range."
"Warning","Thu Aug 27 2015 11:09:42","The system inlet temperature is greater than the upper warning threshold."
"Critical","Thu Aug 27 2015 11:30:06","The system inlet temperature is greater than the upper critical threshold."
"Warning","Thu Aug 27 2015 12:07:50","The system inlet temperature is greater than the upper warning threshold."
"Normal","Thu Aug 27 2015 12:12:28","The system inlet temperature is within range."
"Warning","Thu Jan 21 2016 10:35:19","The system inlet temperature is greater than the upper warning threshold."
"Normal","Thu Jan 21 2016 10:36:19","The system inlet temperature is within range."
"Warning","Fri Feb 05 2016 17:34:56","The system inlet temperature is greater than the upper warning threshold."
"Normal","Fri Feb 05 2016 17:36:43","The system inlet temperature is within range."
"Warning","Sat Sep 03 2016 12:12:33","The system inlet temperature is greater than the upper warning threshold."
"Normal","Sat Sep 03 2016 12:23:16","The system inlet temperature is within range."
"Warning","Sun Oct 23 2016 18:08:03","The system inlet temperature is greater than the upper warning threshold."
"Normal","Sun Oct 23 2016 18:10:17","The system inlet temperature is within range."
"Warning","Sun Oct 23 2016 18:11:55","The system inlet temperature is greater than the upper warning threshold."
"Normal","Sun Oct 23 2016 18:13:47","The system inlet temperature is within range."
"Warning","Mon Oct 31 2016 05:25:31","The system inlet temperature is greater than the upper warning threshold."
"Critical","Mon Oct 31 2016 05:42:31","The system inlet temperature is greater than the upper critical threshold."
"Warning","Mon Oct 31 2016 05:42:56","The system inlet temperature is greater than the upper warning threshold."
"Normal","Mon Oct 31 2016 05:43:14","The system inlet temperature is within range."
"Warning","Sat Nov 12 2016 14:24:07","The system inlet temperature is greater than the upper warning threshold."
"Normal","Sat Nov 12 2016 14:31:24","The system inlet temperature is within range."
"Warning","Sun Nov 20 2016 11:03:17","The system inlet temperature is greater than the upper warning threshold."
"Critical","Sun Nov 20 2016 11:19:23","The system inlet temperature is greater than the upper critical threshold."
"Warning","Sun Nov 20 2016 12:05:39","The system inlet temperature is greater than the upper warning threshold."
"Normal","Sun Nov 20 2016 12:06:41","The system inlet temperature is within range."
"Warning","Mon Nov 21 2016 09:11:13","The system inlet temperature is greater than the upper warning threshold."
"Critical","Mon Nov 21 2016 09:30:26","The system inlet temperature is greater than the upper critical threshold."
"Warning","Mon Nov 21 2016 09:57:00","The system inlet temperature is greater than the upper warning threshold."
"Normal","Mon Nov 21 2016 10:02:24","The system inlet temperature is within range."
"Warning","Mon Aug 28 2017 17:51:20","The system inlet temperature is greater than the upper warning threshold."
"Critical","Mon Aug 28 2017 18:07:38","The system inlet temperature is greater than the upper critical threshold."
"Warning","Mon Aug 28 2017 18:45:52","The system inlet temperature is greater than the upper warning threshold."
"Critical","Mon Aug 28 2017 18:46:55","The system inlet temperature is greater than the upper critical threshold."
"Warning","Mon Aug 28 2017 18:47:23","The system inlet temperature is greater than the upper warning threshold."
"Normal","Mon Aug 28 2017 18:48:30","The system inlet temperature is within range."
"Critical","Tue Aug 29 2017 22:27:48","The power input for power supply 1 is lost."
"Critical","Tue Aug 29 2017 22:27:50","Power supply redundancy is lost."
"Warning","Sun Sep 10 2017 22:21:38","The system inlet temperature is greater than the upper warning threshold."
"Normal","Sun Sep 10 2017 22:27:17","The system inlet temperature is within range."
"Warning","Sun Sep 10 2017 22:56:07","The system inlet temperature is greater than the upper warning threshold."
"Normal","Sun Sep 10 2017 23:36:21","The system inlet temperature is within range."
"Warning","Sun Sep 10 2017 23:44:19","The system inlet temperature is greater than the upper warning threshold."
"Normal","Mon Sep 11 2017 00:40:49","The system inlet temperature is within range."
"Warning","Mon Sep 11 2017 00:47:57","The system inlet temperature is greater than the upper warning threshold."
"Normal","Mon Sep 11 2017 01:00:38","The system inlet temperature is within range."
"Warning","Mon Sep 11 2017 11:57:20","The system inlet temperature is greater than the upper warning threshold."
"Normal","Mon Sep 11 2017 12:00:14","The system inlet temperature is within range."
"Warning","Mon Sep 11 2017 12:06:51","The system inlet temperature is greater than the upper warning threshold."
"Normal","Mon Sep 11 2017 12:13:11","The system inlet temperature is within range."
"Warning","Mon Sep 11 2017 12:14:45","The system inlet temperature is greater than the upper warning threshold."
"Normal","Mon Sep 11 2017 12:18:39","The system inlet temperature is within range."
"Critical","Mon Sep 18 2017 22:11:48","The power input for power supply 1 is lost."
"Critical","Mon Sep 18 2017 22:11:50","Power supply redundancy is lost."
"Normal","Thu Nov 09 2017 18:05:47","The power supplies are redundant."
"Critical","Sat Dec 16 2017 11:07:28","Power supply redundancy is lost."
"Critical","Sat Dec 16 2017 11:07:31","The power input for power supply 1 is lost."
"Critical","Thu Dec 21 2017 13:17:28","The power input for power supply 2 is lost."
"Critical","Thu Dec 21 2017 13:17:29","Power supply redundancy is lost."
"Normal","Thu Dec 21 2017 13:19:04","The input power for power supply 2 has been restored."
"Normal","Thu Dec 21 2017 13:19:11","The power supplies are redundant."
"Critical","Thu Dec 21 2017 13:20:01","The power input for power supply 1 is lost."
"Critical","Thu Dec 21 2017 13:20:02","Power supply redundancy is lost."
"Normal","Thu Dec 21 2017 13:21:11","The input power for power supply 1 has been restored."
"Normal","Thu Dec 21 2017 13:21:19","The power supplies are redundant."
"Critical","Sun May 20 2018 17:26:50","The power input for power supply 1 is lost."
"Critical","Sun May 20 2018 17:26:52","Power supply redundancy is lost."
"Normal","Mon May 21 2018 12:46:45","The input power for power supply 1 has been restored."
"Normal","Mon May 21 2018 12:46:52","The power supplies are redundant."
"Critical","Wed Jun 06 2018 13:49:30","The power input for power supply 1 is lost."
"Critical","Wed Jun 06 2018 13:49:32","Power supply redundancy is lost."
"Normal","Wed Jun 06 2018 15:50:21","The input power for power supply 1 has been restored."
"Normal","Wed Jun 06 2018 15:50:28","The power supplies are redundant."
"Critical","Wed Jun 06 2018 16:05:40","The power input for power supply 1 is lost."
"Critical","Wed Jun 06 2018 16:05:43","Power supply redundancy is lost."
"Normal","Wed Jun 06 2018 16:10:47","The input power for power supply 1 has been restored."
"Normal","Wed Jun 06 2018 16:10:54","The power supplies are redundant."
"Critical","Fri May 03 2019 14:25:07","The power input for power supply 1 is lost."
"Critical","Fri May 03 2019 14:25:09","Power supply redundancy is lost."
"Normal","Sat May 04 2019 14:40:06","The input power for power supply 1 has been restored."
"Normal","Sat May 04 2019 14:40:13","The power supplies are redundant."
"Critical","Mon May 06 2019 17:17:07","The power input for power supply 1 is lost."
"Critical","Mon May 06 2019 17:17:09","Power supply redundancy is lost."
"Critical","Tue May 21 2019 13:30:39","The power input for power supply 2 is lost."
"Critical","Tue May 21 2019 13:30:39","Power supply redundancy is lost."
"Normal","Tue May 21 2019 19:59:45","The input power for power supply 2 has been restored."
"Normal","Tue May 21 2019 19:59:51","The power supplies are redundant."
"Critical","Sun Jul 28 2019 06:38:44","Power supply redundancy is lost."
"Critical","Sun Jul 28 2019 06:38:47","The power input for power supply 1 is lost."
"Normal","Sun Jul 28 2019 07:11:52","The power supplies are redundant."
